Finished Init super loop␍␊
[KAL-CFG] ESKF_FORCE_FLOAT32=0  sizeof(eskf_scalar)=8  COV_DECIM=1  IMU_ODR=6400  BARO_ODR=100␍␊
[KAL-CFG] activeBaroSources=4  FORCE_FLIGHT=1  PRINT_DECIM=2000  FORCE_FLIGHT_DELAY=160000␍␊
[KAL-CFG] Optimization: -O2  SYSCLK=480MHz␍␊
[KAL] FSM=INIT   Rail(p=  -1.8 r=  -0.0)  ESKF(p=  +0.0 r=  +0.0 y=  +0.0)  alt=-0.0m vD=+0.0␍␊
[KAL] hlth=0x1E  loop=60us(max 879)  mainLoop=50us(max 1913)  NIS=0.0  hiNIS=0  yields=0␍␊
[KAL] IMU=1105  baro=10  gps=0  imuDrop=0  baroDrop=0  evtDrop=0  imuBuf=1099  baroBuf=0  evtBuf=0  rwd=0  drained=1␍␊
[KAL] ring_hwm=[128,0,0]  gate=OPEN  grnd=NO  hdg=NO␍␊
[KAL] raw: ax=  -0.27 ay=  -0.01 az=  -9.61  gx=-0.005 gy=+0.000 gz=-0.000  |a|=9.61  P=86521Pa T=27.3C␍␊
[KAL] gyroBias: +0.00001 +0.00002 +0.00003 (rad/s)␍␊
[KAL] fifoHdr: 0x78=1289  0xF0=0  other=0  imuFlags=0x4  imuDrvDrop=0␍␊
[KAL] catchUp: budget=2000us  last=0us  events=0  dtClamp=0␍␊
[KAL] timing: drain=2us  imuProc=38us  aiding=11us  tick=9us  output=1us␍␊
[KAL] imuBreak: vimu=23357us  post=10154us  n=1099  vimu/s=21us  post/s=9us␍␊
---␍␊
[KAL] FSM=INIT   Rail(p=  -1.8 r=  -0.0)  ESKF(p=  +0.0 r=  +0.0 y=  +0.0)  alt=-0.0m vD=+0.0␍␊
[KAL] hlth=0x1E  loop=20us(max 879)  mainLoop=98us(max 1913)  NIS=0.0  hiNIS=0  yields=0␍␊
[KAL] IMU=2029  baro=19  gps=0  imuDrop=0  baroDrop=0  evtDrop=0  imuBuf=2023  baroBuf=0  evtBuf=0  rwd=0  drained=0␍␊
[KAL] ring_hwm=[128,0,0]  gate=OPEN  grnd=NO  hdg=NO␍␊
[KAL] raw: ax=  -0.31 ay=  -0.01 az=  -9.59  gx=+0.001 gy=-0.008 gz=+0.002  |a|=9.60  P=95897Pa T=27.4C␍␊
[KAL] gyroBias: +0.00001 +0.00001 +0.00003 (rad/s)␍␊
[KAL] fifoHdr: 0x78=2213  0xF0=0  other=0  imuFlags=0x4  imuDrvDrop=0␍␊
[KAL] catchUp: budget=2000us  last=0us  events=0  dtClamp=0␍␊
[KAL] timing: drain=1us  imuProc=0us  aiding=11us  tick=8us  output=1us␍␊
[KAL] imuBreak: vimu=20480us  post=9082us  n=924  vimu/s=22us  post/s=9us␍␊
---␍␊
[KAL] FSM=INIT   Rail(p=  -1.8 r=  +0.0)  ESKF(p=  +0.0 r=  +0.0 y=  +0.0)  alt=-0.0m vD=+0.0␍␊
[KAL] hlth=0x1E  loop=20us(max 879)  mainLoop=50us(max 1913)  NIS=0.0  hiNIS=0  yields=0␍␊
[KAL] IMU=2954  baro=28  gps=0  imuDrop=0  baroDrop=0  evtDrop=0  imuBuf=2948  baroBuf=0  evtBuf=0  rwd=0  drained=0␍␊
[KAL] ring_hwm=[128,0,0]  gate=OPEN  grnd=NO  hdg=NO␍␊
[KAL] raw: ax=  -0.23 ay=  -0.02 az=  -9.51  gx=+0.000 gy=-0.005 gz=+0.002  |a|=9.51  P=86521Pa T=27.3C␍␊
[KAL] gyroBias: +0.00001 +0.00001 +0.00003 (rad/s)␍␊
[KAL] fifoHdr: 0x78=3138  0xF0=0  other=0  imuFlags=0x4  imuDrvDrop=0␍␊
[KAL] catchUp: budget=2000us  last=0us  events=0  dtClamp=0␍␊
[KAL] timing: drain=1us  imuProc=0us  aiding=11us  tick=8us  output=1us␍␊
[KAL] imuBreak: vimu=20498us  post=9102us  n=925  vimu/s=22us  post/s=9us␍␊
---␍␊
[KAL] FSM=INIT   Rail(p=  -1.7 r=  +0.0)  ESKF(p=  +0.0 r=  +0.0 y=  +0.0)  alt=-0.0m vD=+0.0␍␊
[KAL] hlth=0x1E  loop=21us(max 879)  mainLoop=97us(max 1913)  NIS=0.0  hiNIS=0  yields=0␍␊
[KAL] IMU=3881  baro=37  gps=0  imuDrop=0  baroDrop=0  evtDrop=0  imuBuf=3200  baroBuf=0  evtBuf=0  rwd=0  drained=0␍␊
[KAL] ring_hwm=[128,0,0]  gate=OPEN  grnd=NO  hdg=NO␍␊
[KAL] raw: ax=  -0.28 ay=  +0.05 az=  -9.65  gx=-0.003 gy=+0.004 gz=+0.008  |a|=9.65  P=86521Pa T=27.3C␍␊
[KAL] gyroBias: +0.00001 +0.00001 +0.00003 (rad/s)␍␊
[KAL] fifoHdr: 0x78=4065  0xF0=0  other=0  imuFlags=0x4  imuDrvDrop=0␍␊
[KAL] catchUp: budget=2000us  last=0us  events=0  dtClamp=0␍␊
[KAL] timing: drain=1us  imuProc=1us  aiding=10us  tick=9us  output=1us␍␊
[KAL] imuBreak: vimu=20564us  post=9165us  n=927  vimu/s=22us  post/s=9us␍␊
---␍␊
[KAL] FSM=INIT   Rail(p=  -1.7 r=  +0.0)  ESKF(p=  +0.0 r=  +0.0 y=  +0.0)  alt=-0.0m vD=+0.0␍␊
[KAL] hlth=0x1E  loop=60us(max 879)  mainLoop=50us(max 1913)  NIS=0.0  hiNIS=0  yields=0␍␊
[KAL] IMU=4807  baro=46  gps=0  imuDrop=0  baroDrop=0  evtDrop=0  imuBuf=3200  baroBuf=0  evtBuf=0  rwd=0  drained=1␍␊
[KAL] ring_hwm=[128,0,0]  gate=OPEN  grnd=NO  hdg=NO␍␊
[KAL] raw: ax=  -0.30 ay=  -0.03 az=  -9.55  gx=+0.001 gy=+0.009 gz=+0.010  |a|=9.56  P=86521Pa T=27.3C␍␊
[KAL] gyroBias: +0.00001 +0.00002 +0.00002 (rad/s)␍␊
[KAL] fifoHdr: 0x78=4991  0xF0=0  other=0  imuFlags=0x4  imuDrvDrop=0␍␊
[KAL] catchUp: budget=2000us  last=0us  events=0  dtClamp=0␍␊
[KAL] timing: drain=1us  imuProc=39us  aiding=11us  tick=8us  output=1us␍␊
[KAL] imuBreak: vimu=20541us  post=9161us  n=926  vimu/s=22us  post/s=9us␍␊
---␍␊
[KAL] FSM=INIT   Rail(p=  -1.7 r=  +0.1)  ESKF(p=  +0.0 r=  +0.0 y=  +0.0)  alt=-0.0m vD=+0.0␍␊
[KAL] hlth=0x1E  loop=21us(max 879)  mainLoop=98us(max 1913)  NIS=0.0  hiNIS=0  yields=0␍␊
[KAL] IMU=5733  baro=55  gps=0  imuDrop=0  baroDrop=0  evtDrop=0  imuBuf=3200  baroBuf=0  evtBuf=0  rwd=0  drained=0␍␊
[KAL] ring_hwm=[128,0,0]  gate=OPEN  grnd=NO  hdg=NO␍␊
[KAL] raw: ax=  -0.34 ay=  -0.06 az=  -9.65  gx=-0.000 gy=-0.005 gz=+0.007  |a|=9.66  P=86521Pa T=27.3C␍␊
[KAL] gyroBias: +0.00001 +0.00001 +0.00002 (rad/s)␍␊
[KAL] fifoHdr: 0x78=5917  0xF0=0  other=0  imuFlags=0x4  imuDrvDrop=0␍␊
[KAL] catchUp: budget=2000us  last=0us  events=0  dtClamp=0␍␊
[KAL] timing: drain=1us  imuProc=1us  aiding=10us  tick=8us  output=1us␍␊
[KAL] imuBreak: vimu=20513us  post=9168us  n=926  vimu/s=22us  post/s=9us␍␊
---␍␊
[KAL] FSM=INIT   Rail(p=  -1.7 r=  +0.1)  ESKF(p=  +0.0 r=  +0.0 y=  +0.0)  alt=-0.0m vD=+0.0␍␊
[KAL] hlth=0x1E  loop=60us(max 879)  mainLoop=50us(max 1913)  NIS=0.0  hiNIS=0  yields=0␍␊
[KAL] IMU=6659  baro=64  gps=0  imuDrop=0  baroDrop=0  evtDrop=0  imuBuf=3200  baroBuf=0  evtBuf=0  rwd=0  drained=1␍␊
[KAL] ring_hwm=[128,0,0]  gate=OPEN  grnd=NO  hdg=NO␍␊
[KAL] raw: ax=  -0.26 ay=  -0.04 az=  -9.63  gx=+0.004 gy=+0.003 gz=-0.008  |a|=9.63  P=86521Pa T=27.3C␍␊
[KAL] gyroBias: +0.00001 +0.00001 +0.00001 (rad/s)␍␊
[KAL] fifoHdr: 0x78=6843  0xF0=0  other=0  imuFlags=0x4  imuDrvDrop=0␍␊
[KAL] catchUp: budget=2000us  last=0us  events=0  dtClamp=0␍␊
[KAL] timing: drain=1us  imuProc=39us  aiding=11us  tick=8us  output=2us␍␊
[KAL] imuBreak: vimu=20505us  post=9175us  n=926  vimu/s=22us  post/s=9us␍␊
---␍␊
[KAL] FSM=INIT   Rail(p=  -1.7 r=  +0.1)  ESKF(p=  +0.0 r=  +0.0 y=  +0.0)  alt=-0.0m vD=+0.0␍␊
[KAL] hlth=0x1E  loop=60us(max 879)  mainLoop=50us(max 1913)  NIS=0.0  hiNIS=0  yields=0␍␊
[KAL] IMU=7585  baro=70  gps=0  imuDrop=0  baroDrop=0  evtDrop=0  imuBuf=3200  baroBuf=0  evtBuf=0  rwd=0  drained=1␍␊
[KAL] ring_hwm=[128,0,0]  gate=OPEN  grnd=NO  hdg=NO␍␊
[KAL] raw: ax=  -0.27 ay=  -0.03 az=  -9.70  gx=+0.003 gy=-0.008 gz=+0.017  |a|=9.70  P=86521Pa T=27.3C␍␊
[KAL] gyroBias: +0.00001 +0.00001 +0.00003 (rad/s)␍␊
[KAL] fifoHdr: 0x78=7769  0xF0=0  other=0  imuFlags=0x4  imuDrvDrop=0␍␊
[KAL] catchUp: budget=2000us  last=0us  events=0  dtClamp=0␍␊
[KAL] timing: drain=1us  imuProc=39us  aiding=11us  tick=9us  output=1us␍␊
[KAL] imuBreak: vimu=20515us  post=9188us  n=926  vimu/s=22us  post/s=9us␍␊
---␍␊
[KAL] FSM=INIT   Rail(p=  -1.7 r=  +0.1)  ESKF(p=  +0.0 r=  +0.0 y=  +0.0)  alt=-0.0m vD=+0.0␍␊
[KAL] hlth=0x1E  loop=60us(max 879)  mainLoop=50us(max 1913)  NIS=0.0  hiNIS=0  yields=0␍␊
[KAL] IMU=8511  baro=79  gps=0  imuDrop=0  baroDrop=0  evtDrop=0  imuBuf=3200  baroBuf=0  evtBuf=0  rwd=0  drained=1␍␊
[KAL] ring_hwm=[128,0,0]  gate=OPEN  grnd=NO  hdg=NO␍␊
[KAL] raw: ax=  -0.20 ay=  -0.02 az=  -9.53  gx=+0.001 gy=-0.005 gz=-0.000  |a|=9.53  P=86521Pa T=27.3C␍␊
[KAL] gyroBias: +0.00000 +0.00001 +0.00001 (rad/s)␍␊
[KAL] fifoHdr: 0x78=8695  0xF0=0  other=0  imuFlags=0x4  imuDrvDrop=0␍␊
[KAL] catchUp: budget=2000us  last=0us  events=0  dtClamp=0␍␊
[KAL] timing: drain=1us  imuProc=39us  aiding=11us  tick=8us  output=2us␍␊
[KAL] imuBreak: vimu=20549us  post=9161us  n=926  vimu/s=22us  post/s=9us␍␊
---␍␊
[KAL] FSM=INIT   Rail(p=  -1.7 r=  +0.1)  ESKF(p=  +0.0 r=  +0.0 y=  +0.0)  alt=-0.0m vD=+0.0␍␊
[KAL] hlth=0x1E  loop=60us(max 879)  mainLoop=51us(max 1913)  NIS=0.0  hiNIS=0  yields=0␍␊
[KAL] IMU=9437  baro=88  gps=0  imuDrop=0  baroDrop=0  evtDrop=0  imuBuf=3200  baroBuf=0  evtBuf=0  rwd=0  drained=1␍␊
[KAL] ring_hwm=[128,0,0]  gate=OPEN  grnd=NO  hdg=NO␍␊
[KAL] raw: ax=  -0.33 ay=  -0.09 az=  -9.65  gx=-0.001 gy=+0.001 gz=-0.008  |a|=9.65  P=86521Pa T=27.3C␍␊
[KAL] gyroBias: +0.00001 +0.00002 +0.00001 (rad/s)␍␊
[KAL] fifoHdr: 0x78=9621  0xF0=0  other=0  imuFlags=0x4  imuDrvDrop=0␍␊
[KAL] catchUp: budget=2000us  last=0us  events=0  dtClamp=0␍␊
[KAL] timing: drain=1us  imuProc=39us  aiding=11us  tick=8us  output=2us␍␊
[KAL] imuBreak: vimu=20532us  post=9146us  n=926  vimu/s=22us  post/s=9us␍␊
---␍␊
[KAL] FSM=INIT   Rail(p=  -1.7 r=  +0.1)  ESKF(p=  +0.0 r=  +0.0 y=  +0.0)  alt=-0.0m vD=+0.0␍␊
[KAL] hlth=0x1E  loop=21us(max 879)  mainLoop=50us(max 1913)  NIS=0.0  hiNIS=0  yields=0␍␊
[KAL] IMU=10362  baro=97  gps=0  imuDrop=0  baroDrop=0  evtDrop=0  imuBuf=3200  baroBuf=0  evtBuf=0  rwd=0  drained=0␍␊
[KAL] ring_hwm=[128,0,0]  gate=OPEN  grnd=NO  hdg=NO␍␊
[KAL] raw: ax=  -0.27 ay=  +0.05 az=  -9.64  gx=+0.009 gy=-0.003 gz=+0.009  |a|=9.64  P=86521Pa T=27.3C␍␊
[KAL] gyroBias: +0.00001 -0.00000 -0.00001 (rad/s)␍␊
[KAL] fifoHdr: 0x78=10546  0xF0=0  other=0  imuFlags=0x4  imuDrvDrop=0␍␊
[KAL] catchUp: budget=2000us  last=0us  events=0  dtClamp=0␍␊
[KAL] timing: drain=1us  imuProc=0us  aiding=11us  tick=8us  output=1us␍␊
[KAL] imuBreak: vimu=20505us  post=9143us  n=925  vimu/s=22us  post/s=9us␍␊
---␍␊
[KAL] FSM=INIT   Rail(p=  -1.7 r=  +0.1)  ESKF(p=  +0.0 r=  +0.0 y=  +0.0)  alt=-0.0m vD=+0.0␍␊
[KAL] hlth=0x1E  loop=21us(max 879)  mainLoop=97us(max 1913)  NIS=0.0  hiNIS=0  yields=0␍␊
[KAL] IMU=11289  baro=106  gps=0  imuDrop=0  baroDrop=0  evtDrop=0  imuBuf=3200  baroBuf=0  evtBuf=0  rwd=0  drained=0␍␊
[KAL] ring_hwm=[128,0,0]  gate=OPEN  grnd=NO  hdg=NO␍␊
[KAL] raw: ax=  -0.29 ay=  -0.03 az=  -9.79  gx=+0.004 gy=-0.001 gz=+0.003  |a|=9.80  P=95896Pa T=27.6C␍␊
[KAL] gyroBias: -0.00000 -0.00000 +0.00001 (rad/s)␍␊
[KAL] fifoHdr: 0x78=11473  0xF0=0  other=0  imuFlags=0x4  imuDrvDrop=0␍␊
[KAL] catchUp: budget=2000us  last=0us  events=0  dtClamp=0␍␊
[KAL] timing: drain=1us  imuProc=0us  aiding=11us  tick=8us  output=1us␍␊
[KAL] imuBreak: vimu=20550us  post=9192us  n=927  vimu/s=22us  post/s=9us␍␊
---␍␊
[KAL] FSM=INIT   Rail(p=  -1.7 r=  +0.1)  ESKF(p=  +0.0 r=  +0.0 y=  +0.0)  alt=-0.0m vD=+0.0␍␊
[KAL] hlth=0x1E  loop=21us(max 879)  mainLoop=98us(max 1913)  NIS=0.0  hiNIS=0  yields=0␍␊
[KAL] IMU=12215  baro=115  gps=0  imuDrop=0  baroDrop=0  evtDrop=0  imuBuf=3200  baroBuf=0  evtBuf=0  rwd=0  drained=0␍␊
[KAL] ring_hwm=[128,0,0]  gate=OPEN  grnd=NO  hdg=NO␍␊
[KAL] raw: ax=  -0.36 ay=  -0.03 az=  -9.62  gx=+0.008 gy=+0.001 gz=+0.008  |a|=9.63  P=86521Pa T=27.3C␍␊
[KAL] gyroBias: -0.00001 +0.00001 +0.00003 (rad/s)␍␊
[KAL] fifoHdr: 0x78=12399  0xF0=0  other=0  imuFlags=0x4  imuDrvDrop=0␍␊
[KAL] catchUp: budget=2000us  last=0us  events=0  dtClamp=0␍␊
[KAL] timing: drain=1us  imuProc=1us  aiding=11us  tick=8us  output=1us␍␊
[KAL] imuBreak: vimu=20512us  post=9188us  n=926  vimu/s=22us  post/s=9us␍␊
---␍␊
[KAL] FSM=INIT   Rail(p=  -1.7 r=  +0.1)  ESKF(p=  +0.0 r=  +0.0 y=  +0.0)  alt=-0.0m vD=+0.0␍␊
[KAL] hlth=0x1E  loop=59us(max 879)  mainLoop=49us(max 1913)  NIS=0.0  hiNIS=0  yields=0␍␊
[KAL] IMU=13141  baro=124  gps=0  imuDrop=0  baroDrop=0  evtDrop=0  imuBuf=3200  baroBuf=0  evtBuf=0  rwd=0  drained=1␍␊
[KAL] ring_hwm=[128,0,0]  gate=OPEN  grnd=OK  hdg=NO␍␊
[KAL] raw: ax=  -0.31 ay=  -0.00 az=  -9.69  gx=+0.003 gy=+0.005 gz=-0.013  |a|=9.70  P=86521Pa T=27.3C␍␊
[KAL] gyroBias: -0.00002 +0.00002 +0.00001 (rad/s)␍␊
[KAL] fifoHdr: 0x78=13325  0xF0=0  other=0  imuFlags=0x4  imuDrvDrop=0␍␊
[KAL] catchUp: budget=2000us  last=0us  events=0  dtClamp=0␍␊
[KAL] timing: drain=1us  imuProc=38us  aiding=11us  tick=9us  output=1us␍␊
[KAL] imuBreak: vimu=20522us  post=9172us  n=926  vimu/s=22us  post/s=9us␍␊
---␍␊
[KAL] FSM=INIT   Rail(p=  -1.7 r=  +0.1)  ESKF(p=  +0.0 r=  +0.0 y=  +0.0)  alt=-0.0m vD=+0.0␍␊
[KAL] hlth=0x1E  loop=21us(max 879)  mainLoop=97us(max 1913)  NIS=0.0  hiNIS=0  yields=0␍␊
[KAL] IMU=14070  baro=133  gps=0  imuDrop=0  baroDrop=0  evtDrop=0  imuBuf=3200  baroBuf=0  evtBuf=0  rwd=0  drained=0␍␊
[KAL] ring_hwm=[128,0,0]  gate=OPEN  grnd=OK  hdg=NO␍␊
[KAL] raw: ax=  -0.38 ay=  -0.19 az=  -9.68  gx=+0.007 gy=-0.007 gz=+0.006  |a|=9.69  P=86521Pa T=27.3C␍␊
[KAL] gyroBias: +0.00001 -0.00000 +0.00001 (rad/s)␍␊
[KAL] fifoHdr: 0x78=14254  0xF0=0  other=0  imuFlags=0x4  imuDrvDrop=0␍␊
[KAL] catchUp: budget=2000us  last=0us  events=0  dtClamp=0␍␊
[KAL] timing: drain=2us  imuProc=0us  aiding=11us  tick=8us  output=1us␍␊
[KAL] imuBreak: vimu=20607us  post=9193us  n=929  vimu/s=22us  post/s=9us␍␊
---␍␊
[KAL] FSM=INIT   Rail(p=  -1.7 r=  +0.1)  ESKF(p=  +0.0 r=  +0.0 y=  +0.0)  alt=-0.0m vD=+0.0␍␊
[KAL] hlth=0x1E  loop=21us(max 879)  mainLoop=98us(max 1913)  NIS=0.0  hiNIS=0  yields=0␍␊
[KAL] IMU=14995  baro=142  gps=0  imuDrop=0  baroDrop=0  evtDrop=0  imuBuf=3200  baroBuf=0  evtBuf=0  rwd=0  drained=0␍␊
[KAL] ring_hwm=[128,0,0]  gate=OPEN  grnd=OK  hdg=NO␍␊
[KAL] raw: ax=  -0.33 ay=  -0.02 az=  -9.64  gx=+0.003 gy=+0.011 gz=+0.006  |a|=9.64  P=86521Pa T=27.3C␍␊
[KAL] gyroBias: +0.00000 +0.00000 +0.00002 (rad/s)␍␊
[KAL] fifoHdr: 0x78=15179  0xF0=0  other=0  imuFlags=0x4  imuDrvDrop=0␍␊
[KAL] catchUp: budget=2000us  last=0us  events=0  dtClamp=0␍␊
[KAL] timing: drain=1us  imuProc=0us  aiding=11us  tick=8us  output=1us␍␊
[KAL] imuBreak: vimu=20524us  post=9121us  n=925  vimu/s=22us  post/s=9us␍␊
---␍␊
[KAL] FSM=INIT   Rail(p=  -1.7 r=  +0.1)  ESKF(p=  +0.0 r=  +0.0 y=  +0.0)  alt=-0.0m vD=+0.0␍␊
[KAL] hlth=0x1E  loop=60us(max 879)  mainLoop=50us(max 1913)  NIS=0.0  hiNIS=0  yields=0␍␊
[KAL] IMU=15922  baro=151  gps=0  imuDrop=0  baroDrop=0  evtDrop=0  imuBuf=3200  baroBuf=0  evtBuf=0  rwd=0  drained=1␍␊
[KAL] ring_hwm=[128,0,0]  gate=OPEN  grnd=OK  hdg=NO␍␊
[KAL] raw: ax=  -0.23 ay=  -0.00 az=  -9.31  gx=+0.003 gy=-0.001 gz=-0.009  |a|=9.31  P=86521Pa T=27.3C␍␊
[KAL] gyroBias: -0.00001 +0.00000 +0.00002 (rad/s)␍␊
[KAL] fifoHdr: 0x78=16106  0xF0=0  other=0  imuFlags=0x4  imuDrvDrop=0␍␊
[KAL] catchUp: budget=2000us  last=0us  events=0  dtClamp=0␍␊
[KAL] timing: drain=2us  imuProc=38us  aiding=11us  tick=8us  output=2us␍␊
[KAL] imuBreak: vimu=20579us  post=9176us  n=927  vimu/s=22us  post/s=9us␍␊
---␍␊
[KAL] FSM=INIT   Rail(p=  -1.7 r=  +0.1)  ESKF(p=  +0.0 r=  +0.0 y=  +0.0)  alt=-0.0m vD=+0.0␍␊
[KAL] hlth=0x1E  loop=21us(max 879)  mainLoop=98us(max 1913)  NIS=0.0  hiNIS=0  yields=0␍␊
[KAL] IMU=16847  baro=160  gps=0  imuDrop=0  baroDrop=0  evtDrop=0  imuBuf=3200  baroBuf=0  evtBuf=0  rwd=0  drained=0␍␊
[KAL] ring_hwm=[128,0,0]  gate=OPEN  grnd=OK  hdg=NO␍␊
[KAL] raw: ax=  -0.36 ay=  -0.01 az=  -9.59  gx=+0.008 gy=-0.010 gz=-0.006  |a|=9.60  P=86521Pa T=27.3C␍␊
[KAL] gyroBias: -0.00001 -0.00000 +0.00001 (rad/s)␍␊
[KAL] fifoHdr: 0x78=17031  0xF0=0  other=0  imuFlags=0x4  imuDrvDrop=0␍␊
[KAL] catchUp: budget=2000us  last=0us  events=0  dtClamp=0␍␊
[KAL] timing: drain=1us  imuProc=1us  aiding=10us  tick=8us  output=1us␍␊
[KAL] imuBreak: vimu=20512us  post=9153us  n=925  vimu/s=22us  post/s=9us␍␊
---␍␊
[KAL] FSM=INIT   Rail(p=  -1.7 r=  +0.1)  ESKF(p=  +0.0 r=  +0.0 y=  +0.0)  alt=-0.0m vD=+0.0␍␊
[KAL] hlth=0x1E  loop=20us(max 879)  mainLoop=98us(max 1913)  NIS=0.0  hiNIS=0  yields=0␍␊
[KAL] IMU=17772  baro=166  gps=0  imuDrop=0  baroDrop=0  evtDrop=0  imuBuf=3200  baroBuf=0  evtBuf=0  rwd=0  drained=0␍␊
[KAL] ring_hwm=[128,0,0]  gate=OPEN  grnd=OK  hdg=NO␍␊
[KAL] raw: ax=  -0.28 ay=  +0.02 az=  -9.66  gx=+0.006 gy=+0.004 gz=-0.006  |a|=9.66  P=86521Pa T=27.3C␍␊
[KAL] gyroBias: +0.00001 -0.00001 -0.00001 (rad/s)␍␊
[KAL] fifoHdr: 0x78=17956  0xF0=0  other=0  imuFlags=0x4  imuDrvDrop=0␍␊
[KAL] catchUp: budget=2000us  last=0us  events=0  dtClamp=0␍␊
[KAL] timing: drain=1us  imuProc=0us  aiding=11us  tick=8us  output=1us␍␊
[KAL] imuBreak: vimu=20500us  post=9158us  n=925  vimu/s=22us  post/s=9us␍␊
---␍␊
[KAL] FSM=INIT   Rail(p=  -1.7 r=  +0.1)  ESKF(p=  +0.0 r=  +0.0 y=  +0.0)  alt=-0.0m vD=+0.0␍␊
[KAL] hlth=0x1E  loop=60us(max 879)  mainLoop=50us(max 1913)  NIS=0.0  hiNIS=0  yields=0␍␊
[KAL] IMU=18697  baro=175  gps=0  imuDrop=0  baroDrop=0  evtDrop=0  imuBuf=3200  baroBuf=0  evtBuf=0  rwd=0  drained=1␍␊
[KAL] ring_hwm=[128,0,0]  gate=OPEN  grnd=OK  hdg=NO␍␊
[KAL] raw: ax=  -0.30 ay=  +0.02 az=  -9.72  gx=+0.008 gy=+0.004 gz=+0.001  |a|=9.72  P=86521Pa T=27.3C␍␊
[KAL] gyroBias: +0.00001 +0.00001 +0.00001 (rad/s)␍␊
[KAL] fifoHdr: 0x78=18881  0xF0=0  other=0  imuFlags=0x4  imuDrvDrop=0␍␊
[KAL] catchUp: budget=2000us  last=0us  events=0  dtClamp=0␍␊
[KAL] timing: drain=1us  imuProc=39us  aiding=11us  tick=8us  output=1us␍␊
[KAL] imuBreak: vimu=20524us  post=9151us  n=925  vimu/s=22us  post/s=9us␍␊
---␍␊
[KAL] FSM=INIT   Rail(p=  -1.7 r=  +0.1)  ESKF(p=  +0.0 r=  +0.0 y=  +0.0)  alt=-0.0m vD=+0.0␍␊
[KAL] hlth=0x1E  loop=60us(max 879)  mainLoop=50us(max 1913)  NIS=0.0  hiNIS=0  yields=0␍␊
[KAL] IMU=19623  baro=184  gps=0  imuDrop=0  baroDrop=0  evtDrop=0  imuBuf=3200  baroBuf=0  evtBuf=0  rwd=0  drained=1␍␊
[KAL] ring_hwm=[128,0,0]  gate=OPEN  grnd=OK  hdg=NO␍␊
[KAL] raw: ax=  -0.24 ay=  -0.04 az=  -9.69  gx=-0.002 gy=-0.001 gz=+0.003  |a|=9.69  P=86521Pa T=27.3C␍␊
[KAL] gyroBias: +0.00000 -0.00001 -0.00001 (rad/s)␍␊
[KAL] fifoHdr: 0x78=19807  0xF0=0  other=0  imuFlags=0x4  imuDrvDrop=0␍␊
[KAL] catchUp: budget=2000us  last=0us  events=0  dtClamp=0␍␊
[KAL] timing: drain=1us  imuProc=39us  aiding=11us  tick=9us  output=1us␍␊
[KAL] imuBreak: vimu=20533us  post=9205us  n=926  vimu/s=22us  post/s=9us␍␊
---␍␊
[KAL] FSM=INIT   Rail(p=  -1.7 r=  +0.1)  ESKF(p=  +0.0 r=  +0.0 y=  +0.0)  alt=-0.0m vD=+0.0␍␊
[KAL] hlth=0x1E  loop=21us(max 879)  mainLoop=50us(max 1913)  NIS=0.0  hiNIS=0  yields=0␍␊
[KAL] IMU=20548  baro=193  gps=0  imuDrop=0  baroDrop=0  evtDrop=0  imuBuf=3200  baroBuf=0  evtBuf=0  rwd=0  drained=0␍␊
[KAL] ring_hwm=[128,0,0]  gate=OPEN  grnd=OK  hdg=NO␍␊
[KAL] raw: ax=  -0.30 ay=  -0.06 az=  -9.73  gx=+0.007 gy=+0.006 gz=+0.005  |a|=9.74  P=86521Pa T=27.3C␍␊
[KAL] gyroBias: +0.00001 +0.00000 +0.00001 (rad/s)␍␊
[KAL] fifoHdr: 0x78=20732  0xF0=0  other=0  imuFlags=0x4  imuDrvDrop=0␍␊
[KAL] catchUp: budget=2000us  last=0us  events=0  dtClamp=0␍␊
[KAL] timing: drain=1us  imuProc=1us  aiding=10us  tick=8us  output=1us␍␊
[KAL] imuBreak: vimu=20488us  post=8918us  n=925  vimu/s=22us  post/s=9us␍␊
---␍␊
[KAL] FSM=INIT   Rail(p=  -1.7 r=  +0.1)  ESKF(p=  +0.0 r=  +0.0 y=  +0.0)  alt=-0.0m vD=+0.0␍␊
[KAL] hlth=0x1E  loop=20us(max 879)  mainLoop=97us(max 1913)  NIS=0.0  hiNIS=0  yields=0␍␊
[KAL] IMU=21474  baro=202  gps=0  imuDrop=0  baroDrop=0  evtDrop=0  imuBuf=3200  baroBuf=0  evtBuf=0  rwd=0  drained=0␍␊
[KAL] ring_hwm=[128,0,0]  gate=OPEN  grnd=OK  hdg=NO␍␊
[KAL] raw: ax=  -0.25 ay=  -0.01 az=  -9.70  gx=+0.003 gy=-0.003 gz=+0.001  |a|=9.71  P=86521Pa T=27.3C␍␊
[KAL] gyroBias: -0.00001 -0.00001 +0.00002 (rad/s)␍␊
[KAL] fifoHdr: 0x78=21658  0xF0=0  other=0  imuFlags=0x4  imuDrvDrop=0␍␊
[KAL] catchUp: budget=2000us  last=0us  events=0  dtClamp=0␍␊
[KAL] timing: drain=1us  imuProc=0us  aiding=11us  tick=8us  output=1us␍␊
[KAL] imuBreak: vimu=20544us  post=9180us  n=926  vimu/s=22us  post/s=9us␍␊
---␍␊
[KAL] FSM=INIT   Rail(p=  -1.7 r=  +0.1)  ESKF(p=  +0.0 r=  +0.0 y=  +0.0)  alt=-0.0m vD=+0.0␍␊
[KAL] hlth=0x1E  loop=59us(max 879)  mainLoop=51us(max 1913)  NIS=0.0  hiNIS=0  yields=0␍␊
[KAL] IMU=22401  baro=211  gps=0  imuDrop=0  baroDrop=0  evtDrop=0  imuBuf=3200  baroBuf=0  evtBuf=0  rwd=0  drained=1␍␊
[KAL] ring_hwm=[128,0,0]  gate=OPEN  grnd=OK  hdg=NO␍␊
[KAL] raw: ax=  -0.35 ay=  -0.07 az=  -9.57  gx=-0.001 gy=+0.003 gz=+0.001  |a|=9.58  P=86521Pa T=27.3C␍␊
[KAL] gyroBias: +0.00000 -0.00000 +0.00001 (rad/s)␍␊
[KAL] fifoHdr: 0x78=22585  0xF0=0  other=0  imuFlags=0x4  imuDrvDrop=0␍␊
[KAL] catchUp: budget=2000us  last=0us  events=0  dtClamp=0␍␊
[KAL] timing: drain=1us  imuProc=38us  aiding=11us  tick=9us  output=1us␍␊
[KAL] imuBreak: vimu=20561us  post=9189us  n=927  vimu/s=22us  post/s=9us␍␊
---␍␊
[KAL] FSM=INIT   Rail(p=  -1.7 r=  +0.1)  ESKF(p=  +0.0 r=  +0.0 y=  +0.0)  alt=-0.0m vD=+0.0␍␊
[KAL] hlth=0x1E  loop=60us(max 879)  mainLoop=50us(max 1913)  NIS=0.0  hiNIS=0  yields=0␍␊
[KAL] IMU=23328  baro=220  gps=0  imuDrop=0  baroDrop=0  evtDrop=0  imuBuf=3200  baroBuf=0  evtBuf=0  rwd=0  drained=1␍␊
[KAL] ring_hwm=[128,0,0]  gate=OPEN  grnd=OK  hdg=NO␍␊
[KAL] raw: ax=  -0.32 ay=  +0.01 az=  -9.56  gx=+0.012 gy=+0.009 gz=+0.002  |a|=9.57  P=95905Pa T=27.8C␍␊
[KAL] gyroBias: -0.00001 +0.00000 +0.00002 (rad/s)␍␊
[KAL] fifoHdr: 0x78=23512  0xF0=0  other=0  imuFlags=0x4  imuDrvDrop=0␍␊
[KAL] catchUp: budget=2000us  last=0us  events=0  dtClamp=0␍␊
[KAL] timing: drain=1us  imuProc=39us  aiding=11us  tick=8us  output=1us␍␊
[KAL] imuBreak: vimu=20551us  post=9164us  n=927  vimu/s=22us  post/s=9us␍␊
---␍␊
[KAL] FSM=INIT   Rail(p=  -1.7 r=  +0.1)  ESKF(p=  +0.0 r=  +0.0 y=  +0.0)  alt=-0.0m vD=+0.0␍␊
[KAL] hlth=0x1E  loop=59us(max 879)  mainLoop=50us(max 1913)  NIS=0.0  hiNIS=0  yields=0␍␊
[KAL] IMU=24255  baro=229  gps=0  imuDrop=0  baroDrop=0  evtDrop=0  imuBuf=3200  baroBuf=0  evtBuf=0  rwd=0  drained=1␍␊
[KAL] ring_hwm=[128,0,0]  gate=OPEN  grnd=OK  hdg=NO␍␊
[KAL] raw: ax=  -0.29 ay=  -0.03 az=  -9.54  gx=+0.001 gy=+0.002 gz=+0.006  |a|=9.55  P=86521Pa T=27.3C␍␊
[KAL] gyroBias: +0.00000 -0.00001 -0.00001 (rad/s)␍␊
[KAL] fifoHdr: 0x78=24439  0xF0=0  other=0  imuFlags=0x4  imuDrvDrop=0␍␊
[KAL] catchUp: budget=2000us  last=0us  events=0  dtClamp=0␍␊
[KAL] timing: drain=1us  imuProc=39us  aiding=11us  tick=8us  output=1us␍␊
[KAL] imuBreak: vimu=20566us  post=9170us  n=927  vimu/s=22us  post/s=9us␍␊
---␍␊
[KAL] FSM=INIT   Rail(p=  -1.7 r=  +0.1)  ESKF(p=  +0.0 r=  +0.0 y=  +0.0)  alt=-0.0m vD=+0.0␍␊
[KAL] hlth=0x1E  loop=21us(max 879)  mainLoop=97us(max 1913)  NIS=0.0  hiNIS=0  yields=0␍␊
[KAL] IMU=25183  baro=238  gps=0  imuDrop=0  baroDrop=0  evtDrop=0  imuBuf=3200  baroBuf=0  evtBuf=0  rwd=0  drained=0␍␊
[KAL] ring_hwm=[128,0,0]  gate=OPEN  grnd=OK  hdg=NO␍␊
[KAL] raw: ax=  -0.30 ay=  -0.03 az=  -9.55  gx=-0.004 gy=-0.001 gz=-0.010  |a|=9.56  P=95902Pa T=27.9C␍␊
[KAL] gyroBias: -0.00000 +0.00000 +0.00000 (rad/s)␍␊
[KAL] fifoHdr: 0x78=25367  0xF0=0  other=0  imuFlags=0x4  imuDrvDrop=0␍␊
[KAL] catchUp: budget=2000us  last=0us  events=0  dtClamp=0␍␊
[KAL] timing: drain=1us  imuProc=1us  aiding=11us  tick=8us  output=1us␍␊
[KAL] imuBreak: vimu=20586us  post=9182us  n=928  vimu/s=22us  post/s=9us␍␊
---␍␊
[KAL] FSM=INIT   Rail(p=  -1.7 r=  +0.1)  ESKF(p=  +0.0 r=  +0.0 y=  +0.0)  alt=-0.0m vD=+0.0␍␊
[KAL] hlth=0x1E  loop=59us(max 879)  mainLoop=49us(max 1913)  NIS=0.0  hiNIS=0  yields=0␍␊
[KAL] IMU=26110  baro=247  gps=0  imuDrop=0  baroDrop=0  evtDrop=0  imuBuf=3200  baroBuf=0  evtBuf=0  rwd=0  drained=1␍␊
[KAL] ring_hwm=[128,0,0]  gate=OPEN  grnd=OK  hdg=NO␍␊
[KAL] raw: ax=  -0.21 ay=  -0.06 az=  -9.63  gx=-0.003 gy=+0.005 gz=+0.005  |a|=9.64  P=86521Pa T=27.3C␍␊
[KAL] gyroBias: +0.00001 +0.00000 -0.00000 (rad/s)␍␊
[KAL] fifoHdr: 0x78=26294  0xF0=0  other=0  imuFlags=0x4  imuDrvDrop=0␍␊
[KAL] catchUp: budget=2000us  last=0us  events=0  dtClamp=0␍␊
[KAL] timing: drain=1us  imuProc=39us  aiding=11us  tick=8us  output=1us␍␊
[KAL] imuBreak: vimu=20538us  post=9167us  n=927  vimu/s=22us  post/s=9us␍␊
---␍␊
[KAL] FSM=INIT   Rail(p=  -1.7 r=  +0.1)  ESKF(p=  +0.0 r=  +0.0 y=  +0.0)  alt=-0.0m vD=+0.0␍␊
[KAL] hlth=0x1E  loop=60us(max 879)  mainLoop=49us(max 1913)  NIS=0.0  hiNIS=0  yields=0␍␊
[KAL] IMU=27036  baro=256  gps=0  imuDrop=0  baroDrop=0  evtDrop=0  imuBuf=3200  baroBuf=0  evtBuf=0  rwd=0  drained=1␍␊
[KAL] ring_hwm=[128,0,0]  gate=OPEN  grnd=OK  hdg=NO␍␊
[KAL] raw: ax=  -0.27 ay=  -0.08 az=  -9.64  gx=+0.004 gy=-0.003 gz=+0.014  |a|=9.65  P=86521Pa T=27.3C␍␊
[KAL] gyroBias: +0.00000 -0.00001 +0.00001 (rad/s)␍␊
[KAL] fifoHdr: 0x78=27220  0xF0=0  other=0  imuFlags=0x4  imuDrvDrop=0␍␊
[KAL] catchUp: budget=2000us  last=0us  events=0  dtClamp=0␍␊
[KAL] timing: drain=2us  imuProc=39us  aiding=10us  tick=9us  output=1us␍␊
[KAL] imuBreak: vimu=20548us  post=9161us  n=926  vimu/s=22us  post/s=9us␍␊
---␍␊
[KAL] FSM=INIT   Rail(p=  -1.7 r=  +0.1)  ESKF(p=  +0.0 r=  +0.0 y=  +0.0)  alt=-0.0m vD=+0.0␍␊
[KAL] hlth=0x1E  loop=20us(max 879)  mainLoop=49us(max 1913)  NIS=0.0  hiNIS=0  yields=0␍␊
[KAL] IMU=27961  baro=265  gps=0  imuDrop=0  baroDrop=0  evtDrop=0  imuBuf=3200  baroBuf=0  evtBuf=0  rwd=0  drained=0␍␊
[KAL] ring_hwm=[128,0,0]  gate=OPEN  grnd=OK  hdg=NO␍␊
[KAL] raw: ax=  -0.26 ay=  +0.04 az=  -9.62  gx=-0.005 gy=+0.004 gz=-0.004  |a|=9.62  P=86521Pa T=27.3C␍␊
[KAL] gyroBias: +0.00001 -0.00000 +0.00000 (rad/s)␍␊
[KAL] fifoHdr: 0x78=28145  0xF0=0  other=0  imuFlags=0x4  imuDrvDrop=0␍␊
[KAL] catchUp: budget=2000us  last=0us  events=0  dtClamp=0␍␊
[KAL] timing: drain=1us  imuProc=0us  aiding=11us  tick=8us  output=1us␍␊
[KAL] imuBreak: vimu=20525us  post=9164us  n=925  vimu/s=22us  post/s=9us␍␊
---␍␊
[KAL] FSM=INIT   Rail(p=  -1.7 r=  +0.1)  ESKF(p=  +0.0 r=  +0.0 y=  +0.0)  alt=-0.0m vD=+0.0␍␊
[KAL] hlth=0x1E  loop=59us(max 879)  mainLoop=51us(max 1913)  NIS=0.0  hiNIS=0  yields=0␍␊
[KAL] IMU=28886  baro=271  gps=0  imuDrop=0  baroDrop=0  evtDrop=0  imuBuf=3200  baroBuf=0  evtBuf=0  rwd=0  drained=1␍␊
[KAL] ring_hwm=[128,0,0]  gate=OPEN  grnd=OK  hdg=NO␍␊
[KAL] raw: ax=  -0.17 ay=  -0.04 az=  -9.66  gx=-0.003 gy=-0.003 gz=-0.003  |a|=9.66  P=86521Pa T=27.3C␍␊
[KAL] gyroBias: +0.00001 +0.00000 -0.00002 (rad/s)␍␊
[KAL] fifoHdr: 0x78=29070  0xF0=0  other=0  imuFlags=0x24  imuDrvDrop=0␍␊
[KAL] catchUp: budget=2000us  last=0us  events=0  dtClamp=0␍␊
[KAL] timing: drain=1us  imuProc=39us  aiding=11us  tick=8us  output=1us␍␊
[KAL] imuBreak: vimu=20531us  post=9144us  n=925  vimu/s=22us  post/s=9us␍␊
---␍␊
[KAL] FSM=INIT   Rail(p=  -1.7 r=  +0.1)  ESKF(p=  +0.0 r=  +0.0 y=  +0.0)  alt=-0.0m vD=+0.0␍␊
[KAL] hlth=0x1E  loop=21us(max 879)  mainLoop=98us(max 1913)  NIS=0.0  hiNIS=0  yields=0␍␊
[KAL] IMU=29811  baro=280  gps=0  imuDrop=0  baroDrop=0  evtDrop=0  imuBuf=3200  baroBuf=0  evtBuf=0  rwd=0  drained=0␍␊
[KAL] ring_hwm=[128,0,0]  gate=OPEN  grnd=OK  hdg=NO␍␊
[KAL] raw: ax=  -0.34 ay=  +0.09 az=  -9.61  gx=-0.006 gy=+0.003 gz=+0.009  |a|=9.62  P=86027Pa T=24.9C␍␊
[KAL] gyroBias: -0.00000 +0.00000 +0.00003 (rad/s)␍␊
[KAL] fifoHdr: 0x78=29995  0xF0=0  other=0  imuFlags=0x4  imuDrvDrop=0␍␊
[KAL] catchUp: budget=2000us  last=0us  events=0  dtClamp=0␍␊
[KAL] timing: drain=1us  imuProc=0us  aiding=11us  tick=8us  output=1us␍␊
[KAL] imuBreak: vimu=20505us  post=9158us  n=925  vimu/s=22us  post/s=9us␍␊
---␍␊
[KAL] FSM=INIT   Rail(p=  -1.7 r=  +0.1)  ESKF(p=  +0.0 r=  +0.0 y=  +0.0)  alt=-0.0m vD=+0.0␍␊
[KAL] hlth=0x1E  loop=21us(max 879)  mainLoop=97us(max 1913)  NIS=0.0  hiNIS=0  yields=0␍␊
[KAL] IMU=30736  baro=289  gps=0  imuDrop=0  baroDrop=0  evtDrop=0  imuBuf=3200  baroBuf=0  evtBuf=0  rwd=0  drained=0␍␊
[KAL] ring_hwm=[128,0,0]  gate=OPEN  grnd=OK  hdg=NO␍␊
[KAL] raw: ax=  -0.30 ay=  +0.00 az=  -9.68  gx=-0.004 gy=-0.000 gz=+0.004  |a|=9.68  P=86521Pa T=27.3C␍␊
[KAL] gyroBias: +0.00001 +0.00001 +0.00000 (rad/s)␍␊
[KAL] fifoHdr: 0x78=30920  0xF0=0  other=0  imuFlags=0x4  imuDrvDrop=0␍␊
[KAL] catchUp: budget=2000us  last=0us  events=0  dtClamp=0␍␊
[KAL] timing: drain=1us  imuProc=1us  aiding=10us  tick=8us  output=1us␍␊
[KAL] imuBreak: vimu=20513us  post=9145us  n=925  vimu/s=22us  post/s=9us␍␊
---␍␊
[KAL] FSM=INIT   Rail(p=  -1.7 r=  +0.1)  ESKF(p=  +0.0 r=  +0.0 y=  +0.0)  alt=-0.0m vD=+0.0␍␊
[KAL] hlth=0x1E  loop=60us(max 879)  mainLoop=51us(max 1913)  NIS=0.0  hiNIS=0  yields=0␍␊
[KAL] IMU=31661  baro=298  gps=0  imuDrop=0  baroDrop=0  evtDrop=0  imuBuf=3200  baroBuf=0  evtBuf=0  rwd=0  drained=1␍␊
[KAL] ring_hwm=[128,0,0]  gate=OPEN  grnd=OK  hdg=NO␍␊
[KAL] raw: ax=  -0.38 ay=  -0.01 az=  -9.58  gx=-0.003 gy=-0.007 gz=-0.001  |a|=9.58  P=86521Pa T=27.3C␍␊
[KAL] gyroBias: +0.00000 +0.00000 -0.00000 (rad/s)␍␊
[KAL] fifoHdr: 0x78=31845  0xF0=0  other=0  imuFlags=0x4  imuDrvDrop=0␍␊
[KAL] catchUp: budget=2000us  last=0us  events=0  dtClamp=0␍␊
[KAL] timing: drain=2us  imuProc=38us  aiding=11us  tick=9us  output=1us␍␊
[KAL] imuBreak: vimu=20518us  post=9160us  n=925  vimu/s=22us  post/s=9us␍␊
---␍␊
[KAL] FSM=INIT   Rail(p=  -1.7 r=  +0.1)  ESKF(p=  +0.0 r=  +0.0 y=  +0.0)  alt=-0.0m vD=+0.0␍␊
[KAL] hlth=0x1E  loop=20us(max 879)  mainLoop=97us(max 1913)  NIS=0.0  hiNIS=0  yields=0␍␊
[KAL] IMU=32586  baro=307  gps=0  imuDrop=0  baroDrop=0  evtDrop=0  imuBuf=3200  baroBuf=0  evtBuf=0  rwd=0  drained=0␍␊
[KAL] ring_hwm=[128,0,0]  gate=OPEN  grnd=OK  hdg=NO␍␊
[KAL] raw: ax=  -0.25 ay=  -0.05 az=  -9.60  gx=+0.015 gy=+0.004 gz=-0.005  |a|=9.60  P=86521Pa T=27.3C␍␊
[KAL] gyroBias: +0.00000 +0.00000 +0.00001 (rad/s)␍␊
[KAL] fifoHdr: 0x78=32770  0xF0=0  other=0  imuFlags=0x4  imuDrvDrop=0␍␊
[KAL] catchUp: budget=2000us  last=0us  events=0  dtClamp=0␍␊
[KAL] timing: drain=1us  imuProc=0us  aiding=11us  tick=8us  output=1us␍␊
[KAL] imuBreak: vimu=20525us  post=9145us  n=925  vimu/s=22us  post/s=9us␍␊
---␍␊
[KAL] FSM=INIT   Rail(p=  -1.7 r=  +0.1)  ESKF(p=  +0.0 r=  +0.0 y=  +0.0)  alt=-0.0m vD=+0.0␍␊
[KAL] hlth=0x1E  loop=59us(max 879)  mainLoop=50us(max 1913)  NIS=0.0  hiNIS=0  yields=0␍␊
[KAL] IMU=33512  baro=316  gps=0  imuDrop=0  baroDrop=0  evtDrop=0  imuBuf=3200  baroBuf=0  evtBuf=0  rwd=0  drained=1␍␊
[KAL] ring_hwm=[128,0,0]  gate=OPEN  grnd=OK  hdg=NO␍␊
[KAL] raw: ax=  -0.29 ay=  -0.00 az=  -9.61  gx=+0.002 gy=-0.001 gz=-0.003  |a|=9.61  P=86521Pa T=27.3C␍␊
[KAL] gyroBias: +0.00000 -0.00000 -0.00001 (rad/s)␍␊
[KAL] fifoHdr: 0x78=33696  0xF0=0  other=0  imuFlags=0x4  imuDrvDrop=0␍␊
[KAL] catchUp: budget=2000us  last=0us  events=0  dtClamp=0␍␊
[KAL] timing: drain=1us  imuProc=38us  aiding=11us  tick=9us  output=1us␍␊
[KAL] imuBreak: vimu=20539us  post=9144us  n=926  vimu/s=22us  post/s=9us␍␊
---␍␊
[KAL] FSM=INIT   Rail(p=  -1.7 r=  +0.1)  ESKF(p=  +0.0 r=  +0.0 y=  +0.0)  alt=-0.0m vD=+0.0␍␊
[KAL] hlth=0x1E  loop=20us(max 879)  mainLoop=98us(max 1913)  NIS=0.0  hiNIS=0  yields=0␍␊
[KAL] IMU=34438  baro=325  gps=0  imuDrop=0  baroDrop=0  evtDrop=0  imuBuf=3200  baroBuf=0  evtBuf=0  rwd=0  drained=0␍␊
[KAL] ring_hwm=[128,0,0]  gate=OPEN  grnd=OK  hdg=NO␍␊
[KAL] raw: ax=  -0.30 ay=  +0.01 az=  -9.58  gx=+0.007 gy=+0.002 gz=-0.002  |a|=9.58  P=86521Pa T=27.3C␍␊
[KAL] gyroBias: -0.00001 +0.00000 +0.00000 (rad/s)␍␊
[KAL] fifoHdr: 0x78=34622  0xF0=0  other=0  imuFlags=0x4  imuDrvDrop=0␍␊
[KAL] catchUp: budget=2000us  last=0us  events=0  dtClamp=0␍␊
[KAL] timing: drain=1us  imuProc=0us  aiding=11us  tick=8us  output=1us␍␊
[KAL] imuBreak: vimu=20525us  post=9157us  n=926  vimu/s=22us  post/s=9us␍␊
---␍␊
[KAL] FSM=INIT   Rail(p=  -1.7 r=  +0.1)  ESKF(p=  +0.0 r=  +0.0 y=  +0.0)  alt=-0.0m vD=+0.0␍␊
[KAL] hlth=0x1E  loop=59us(max 879)  mainLoop=50us(max 1913)  NIS=0.0  hiNIS=0  yields=0␍␊
[KAL] IMU=35365  baro=334  gps=0  imuDrop=0  baroDrop=0  evtDrop=0  imuBuf=3200  baroBuf=0  evtBuf=0  rwd=0  drained=1␍␊
[KAL] ring_hwm=[128,0,0]  gate=OPEN  grnd=OK  hdg=NO␍␊
[KAL] raw: ax=  -0.25 ay=  -0.03 az=  -9.63  gx=+0.009 gy=-0.007 gz=+0.008  |a|=9.63  P=86521Pa T=27.3C␍␊
[KAL] gyroBias: -0.00000 -0.00000 +0.00000 (rad/s)␍␊
[KAL] fifoHdr: 0x78=35549  0xF0=0  other=0  imuFlags=0x4  imuDrvDrop=0␍␊
[KAL] catchUp: budget=2000us  last=0us  events=0  dtClamp=0␍␊
[KAL] timing: drain=1us  imuProc=39us  aiding=10us  tick=9us  output=1us␍␊
[KAL] imuBreak: vimu=20578us  post=9159us  n=927  vimu/s=22us  post/s=9us␍␊
---␍␊
[KAL] FSM=INIT   Rail(p=  -1.7 r=  +0.1)  ESKF(p=  +0.0 r=  +0.0 y=  +0.0)  alt=-0.0m vD=+0.0␍␊
[KAL] hlth=0x1E  loop=21us(max 879)  mainLoop=97us(max 1913)  NIS=0.0  hiNIS=0  yields=0␍␊
[KAL] IMU=36292  baro=343  gps=0  imuDrop=0  baroDrop=0  evtDrop=0  imuBuf=3200  baroBuf=0  evtBuf=0  rwd=0  drained=0␍␊
[KAL] ring_hwm=[128,0,0]  gate=OPEN  grnd=OK  hdg=NO␍␊
[KAL] raw: ax=  -0.34 ay=  -0.03 az=  -9.67  gx=+0.001 gy=+0.000 gz=-0.003  |a|=9.68  P=86521Pa T=27.3C␍␊
[KAL] gyroBias: +0.00000 -0.00001 -0.00000 (rad/s)␍␊
[KAL] fifoHdr: 0x78=36476  0xF0=0  other=0  imuFlags=0x4  imuDrvDrop=0␍␊
[KAL] catchUp: budget=2000us  last=0us  events=0  dtClamp=0␍␊
[KAL] timing: drain=1us  imuProc=1us  aiding=10us  tick=9us  output=1us␍␊
[KAL] imuBreak: vimu=20574us  post=9165us  n=927  vimu/s=22us  post/s=9us␍␊
---␍␊
[KAL] FSM=INIT   Rail(p=  -1.7 r=  +0.1)  ESKF(p=  +0.0 r=  +0.0 y=  +0.0)  alt=-0.0m vD=+0.0␍␊
[KAL] hlth=0x1E  loop=21us(max 879)  mainLoop=97us(max 1913)  NIS=0.0  hiNIS=0  yields=0␍␊
[KAL] IMU=37217  baro=352  gps=0  imuDrop=0  baroDrop=0  evtDrop=0  imuBuf=3200  baroBuf=0  evtBuf=0  rwd=0  drained=0␍␊
[KAL] ring_hwm=[128,0,0]  gate=OPEN  grnd=OK  hdg=NO␍␊
[KAL] raw: ax=  -0.36 ay=  -0.08 az=  -9.64  gx=-0.002 gy=+0.008 gz=+0.004  |a|=9.65  P=86521Pa T=27.3C␍␊
[KAL] gyroBias: +0.00001 +0.00000 -0.00000 (rad/s)␍␊
[KAL] fifoHdr: 0x78=37401  0xF0=0  other=0  imuFlags=0x4  imuDrvDrop=0␍␊
[KAL] catchUp: budget=2000us  last=0us  events=0  dtClamp=0␍␊
[KAL] timing: drain=2us  imuProc=0us  aiding=11us  tick=8us  output=1us␍␊
[KAL] imuBreak: vimu=20512us  post=9156us  n=925  vimu/s=22us  post/s=9us␍␊
---␍␊
[KAL] FSM=INIT   Rail(p=  -1.7 r=  +0.1)  ESKF(p=  +0.0 r=  +0.0 y=  +0.0)  alt=-0.0m vD=+0.0␍␊
[KAL] hlth=0x1E  loop=21us(max 879)  mainLoop=97us(max 1913)  NIS=0.0  hiNIS=0  yields=0␍␊
[KAL] IMU=38142  baro=361  gps=0  imuDrop=0  baroDrop=0  evtDrop=0  imuBuf=3200  baroBuf=0  evtBuf=0  rwd=0  drained=0␍␊
[KAL] ring_hwm=[128,0,0]  gate=OPEN  grnd=OK  hdg=NO␍␊
[KAL] raw: ax=  -0.34 ay=  -0.05 az=  -9.55  gx=+0.012 gy=-0.004 gz=+0.003  |a|=9.56  P=86521Pa T=27.3C␍␊
[KAL] gyroBias: +0.00000 +0.00000 +0.00000 (rad/s)␍␊
[KAL] fifoHdr: 0x78=38326  0xF0=0  other=0  imuFlags=0x4  imuDrvDrop=0␍␊
[KAL] catchUp: budget=2000us  last=0us  events=0  dtClamp=0␍␊
[KAL] timing: drain=2us  imuProc=0us  aiding=11us  tick=8us  output=1us␍␊
[KAL] imuBreak: vimu=20543us  post=9153us  n=925  vimu/s=22us  post/s=9us␍␊
---␍␊
[KAL] FSM=INIT   Rail(p=  -1.7 r=  +0.1)  ESKF(p=  +0.0 r=  +0.0 y=  +0.0)  alt=-0.0m vD=+0.0␍␊
[KAL] hlth=0x1E  loop=59us(max 879)  mainLoop=50us(max 1913)  NIS=0.0  hiNIS=0  yields=0␍␊
[KAL] IMU=39067  baro=367  gps=0  imuDrop=0  baroDrop=0  evtDrop=0  imuBuf=3200  baroBuf=0  evtBuf=0  rwd=0  drained=1␍␊
[KAL] ring_hwm=[128,0,0]  gate=OPEN  grnd=OK  hdg=NO␍␊
[KAL] raw: ax=  -0.29 ay=  -0.05 az=  -9.64  gx=-0.002 gy=-0.007 gz=-0.006  |a|=9.65  P=86521Pa T=27.3C␍␊
[KAL] gyroBias: -0.00002 +0.00001 +0.00001 (rad/s)␍␊
[KAL] fifoHdr: 0x78=39251  0xF0=0  other=0  imuFlags=0x24  imuDrvDrop=0␍␊
[KAL] catchUp: budget=2000us  last=0us  events=0  dtClamp=0␍␊
[KAL] timing: drain=1us  imuProc=39us  aiding=11us  tick=8us  output=1us␍␊
[KAL] imuBreak: vimu=20527us  post=9151us  n=925  vimu/s=22us  post/s=9us␍␊
---␍␊
[KAL] FSM=INIT   Rail(p=  -1.7 r=  +0.1)  ESKF(p=  +0.0 r=  +0.0 y=  +0.0)  alt=-0.0m vD=+0.0␍␊
[KAL] hlth=0x1E  loop=60us(max 879)  mainLoop=50us(max 1913)  NIS=0.0  hiNIS=0  yields=0␍␊
[KAL] IMU=39992  baro=376  gps=0  imuDrop=0  baroDrop=0  evtDrop=0  imuBuf=3200  baroBuf=0  evtBuf=0  rwd=0  drained=1␍␊
[KAL] ring_hwm=[128,0,0]  gate=OPEN  grnd=OK  hdg=NO␍␊
[KAL] raw: ax=  -0.34 ay=  -0.01 az=  -9.57  gx=-0.001 gy=-0.002 gz=-0.005  |a|=9.58  P=86521Pa T=27.3C␍␊
[KAL] gyroBias: -0.00000 +0.00000 -0.00001 (rad/s)␍␊
[KAL] fifoHdr: 0x78=40176  0xF0=0  other=0  imuFlags=0x4  imuDrvDrop=0␍␊
[KAL] catchUp: budget=2000us  last=0us  events=0  dtClamp=0␍␊
[KAL] timing: drain=1us  imuProc=39us  aiding=11us  tick=9us  output=1us␍␊
[KAL] imuBreak: vimu=20514us  post=9154us  n=925  vimu/s=22us  post/s=9us␍␊
---␍␊
[KAL] FSM=INIT   Rail(p=  -1.7 r=  +0.1)  ESKF(p=  +0.0 r=  +0.0 y=  +0.0)  alt=-0.0m vD=+0.0␍␊
[KAL] hlth=0x1E  loop=59us(max 879)  mainLoop=50us(max 1913)  NIS=0.0  hiNIS=0  yields=0␍␊
[KAL] IMU=40918  baro=385  gps=0  imuDrop=0  baroDrop=0  evtDrop=0  imuBuf=3200  baroBuf=0  evtBuf=0  rwd=0  drained=1␍␊
[KAL] ring_hwm=[128,0,0]  gate=OPEN  grnd=OK  hdg=NO␍␊
[KAL] raw: ax=  -0.39 ay=  +0.03 az=  -9.61  gx=-0.005 gy=-0.004 gz=+0.008  |a|=9.62  P=86521Pa T=27.3C␍␊
[KAL] gyroBias: +0.00000 +0.00001 +0.00000 (rad/s)␍␊
[KAL] fifoHdr: 0x78=41102  0xF0=0  other=0  imuFlags=0x4  imuDrvDrop=0␍␊
[KAL] catchUp: budget=2000us  last=0us  events=0  dtClamp=0␍␊
[KAL] timing: drain=1us  imuProc=38us  aiding=11us  tick=9us  output=1us␍␊
[KAL] imuBreak: vimu=20550us  post=9174us  n=926  vimu/s=22us  post/s=9us␍␊
---␍␊
[KAL] FSM=INIT   Rail(p=  -1.7 r=  +0.1)  ESKF(p=  +0.0 r=  +0.0 y=  +0.0)  alt=-0.0m vD=+0.0␍␊
[KAL] hlth=0x1E  loop=60us(max 879)  mainLoop=49us(max 1913)  NIS=0.0  hiNIS=0  yields=0␍␊
[KAL] IMU=41842  baro=394  gps=0  imuDrop=0  baroDrop=0  evtDrop=0  imuBuf=3200  baroBuf=0  evtBuf=0  rwd=0  drained=1␍␊
[KAL] ring_hwm=[128,0,0]  gate=OPEN  grnd=OK  hdg=NO␍␊
[KAL] raw: ax=  -0.29 ay=  -0.08 az=  -9.59  gx=+0.004 gy=-0.003 gz=+0.006  |a|=9.60  P=86521Pa T=27.3C␍␊
[KAL] gyroBias: -0.00000 +0.00000 -0.00001 (rad/s)␍␊
[KAL] fifoHdr: 0x78=42026  0xF0=0  other=0  imuFlags=0x24  imuDrvDrop=0␍␊
[KAL] catchUp: budget=2000us  last=0us  events=0  dtClamp=0␍␊
[KAL] timing: drain=1us  imuProc=39us  aiding=11us  tick=8us  output=1us␍␊
[KAL] imuBreak: vimu=20480us  post=9144us  n=924  vimu/s=22us  post/s=9us␍␊
---␍␊
[KAL] FSM=INIT   Rail(p=  -1.7 r=  +0.1)  ESKF(p=  +0.0 r=  +0.0 y=  +0.0)  alt=-0.0m vD=+0.0␍␊
[KAL] hlth=0x1E  loop=20us(max 879)  mainLoop=50us(max 1913)  NIS=0.0  hiNIS=0  yields=0␍␊
[KAL] IMU=42768  baro=403  gps=0  imuDrop=0  baroDrop=0  evtDrop=0  imuBuf=3200  baroBuf=0  evtBuf=0  rwd=0  drained=0␍␊
[KAL] ring_hwm=[128,0,0]  gate=OPEN  grnd=OK  hdg=NO␍␊
[KAL] raw: ax=  -0.35 ay=  -0.04 az=  -9.65  gx=+0.005 gy=-0.003 gz=+0.008  |a|=9.66  P=86521Pa T=27.3C␍␊
[KAL] gyroBias: -0.00000 -0.00000 -0.00000 (rad/s)␍␊
[KAL] fifoHdr: 0x78=42952  0xF0=0  other=0  imuFlags=0x4  imuDrvDrop=0␍␊
[KAL] catchUp: budget=2000us  last=0us  events=0  dtClamp=0␍␊
[KAL] timing: drain=1us  imuProc=0us  aiding=11us  tick=8us  output=1us␍␊
[KAL] imuBreak: vimu=20531us  post=9161us  n=926  vimu/s=22us  post/s=9us␍␊
---␍␊
[KAL] FSM=INIT   Rail(p=  -1.7 r=  +0.1)  ESKF(p=  +0.0 r=  +0.0 y=  +0.0)  alt=-0.0m vD=+0.0␍␊
[KAL] hlth=0x1E  loop=60us(max 879)  mainLoop=50us(max 1913)  NIS=0.0  hiNIS=0  yields=0␍␊
[KAL] IMU=43695  baro=412  gps=0  imuDrop=0  baroDrop=0  evtDrop=0  imuBuf=3200  baroBuf=0  evtBuf=0  rwd=0  drained=1␍␊
[KAL] ring_hwm=[128,0,0]  gate=OPEN  grnd=OK  hdg=NO␍␊
[KAL] raw: ax=  -0.30 ay=  -0.10 az=  -9.55  gx=-0.002 gy=-0.001 gz=+0.012  |a|=9.56  P=86521Pa T=27.3C␍␊
[KAL] gyroBias: -0.00000 +0.00000 +0.00000 (rad/s)␍␊
[KAL] fifoHdr: 0x78=43879  0xF0=0  other=0  imuFlags=0x4  imuDrvDrop=0␍␊
[KAL] catchUp: budget=2000us  last=0us  events=0  dtClamp=0␍␊
[KAL] timing: drain=1us  imuProc=39us  aiding=11us  tick=8us  output=1us␍␊
[KAL] imuBreak: vimu=20550us  post=9178us  n=927  vimu/s=22us  post/s=9us␍␊
---␍␊
[KAL] FSM=INIT   Rail(p=  -1.7 r=  +0.1)  ESKF(p=  +0.0 r=  +0.0 y=  +0.0)  alt=-0.0m vD=+0.0␍␊
[KAL] hlth=0x1E  loop=21us(max 879)  mainLoop=97us(max 1913)  NIS=0.0  hiNIS=0  yields=0␍␊
[KAL] IMU=44622  baro=421  gps=0  imuDrop=0  baroDrop=0  evtDrop=0  imuBuf=3200  baroBuf=0  evtBuf=0  rwd=0  drained=0␍␊
[KAL] ring_hwm=[128,0,0]  gate=OPEN  grnd=OK  hdg=NO␍␊
[KAL] raw: ax=  -0.28 ay=  -0.04 az=  -9.50  gx=+0.006 gy=+0.002 gz=+0.003  |a|=9.50  P=86521Pa T=27.3C␍␊
[KAL] gyroBias: -0.00002 +0.00000 -0.00000 (rad/s)␍␊
[KAL] fifoHdr: 0x78=44806  0xF0=0  other=0  imuFlags=0x4  imuDrvDrop=0␍␊
[KAL] catchUp: budget=2000us  last=0us  events=0  dtClamp=0␍␊
[KAL] timing: drain=1us  imuProc=1us  aiding=11us  tick=8us  output=1us␍␊
[KAL] imuBreak: vimu=20557us  post=9184us  n=927  vimu/s=22us  post/s=9us␍␊
---␍␊
[KAL] FSM=INIT   Rail(p=  -1.7 r=  +0.1)  ESKF(p=  +0.0 r=  +0.0 y=  +0.0)  alt=-0.0m vD=+0.0␍␊
[KAL] hlth=0x1E  loop=60us(max 879)  mainLoop=50us(max 1913)  NIS=0.0  hiNIS=0  yields=0␍␊
[KAL] IMU=45549  baro=430  gps=0  imuDrop=0  baroDrop=0  evtDrop=0  imuBuf=3200  baroBuf=0  evtBuf=0  rwd=0  drained=1␍␊
[KAL] ring_hwm=[128,0,0]  gate=OPEN  grnd=OK  hdg=NO␍␊
[KAL] raw: ax=  -0.32 ay=  -0.04 az=  -9.59  gx=-0.006 gy=-0.008 gz=-0.002  |a|=9.59  P=86521Pa T=27.3C␍␊
[KAL] gyroBias: +0.00000 -0.00000 +0.00000 (rad/s)␍␊
[KAL] fifoHdr: 0x78=45733  0xF0=0  other=0  imuFlags=0x24  imuDrvDrop=0␍␊
[KAL] catchUp: budget=2000us  last=0us  events=0  dtClamp=0␍␊
[KAL] timing: drain=1us  imuProc=39us  aiding=11us  tick=9us  output=1us␍␊
[KAL] imuBreak: vimu=20586us  post=9159us  n=927  vimu/s=22us  post/s=9us␍␊
---␍␊
[KAL] FSM=INIT   Rail(p=  -1.7 r=  +0.1)  ESKF(p=  +0.0 r=  +0.0 y=  +0.0)  alt=-0.0m vD=+0.0␍␊
[KAL] hlth=0x1E  loop=21us(max 879)  mainLoop=98us(max 1913)  NIS=0.0  hiNIS=0  yields=0␍␊
[KAL] IMU=46477  baro=439  gps=0  imuDrop=0  baroDrop=0  evtDrop=0  imuBuf=3200  baroBuf=0  evtBuf=0  rwd=0  drained=0␍␊
[KAL] ring_hwm=[128,0,0]  gate=OPEN  grnd=OK  hdg=NO␍␊
[KAL] raw: ax=  -0.37 ay=  -0.04 az=  -9.65  gx=+0.013 gy=+0.004 gz=+0.009  |a|=9.65  P=86521Pa T=27.3C␍␊
[KAL] gyroBias: +0.00000 +0.00001 +0.00000 (rad/s)␍␊
[KAL] fifoHdr: 0x78=46661  0xF0=0  other=0  imuFlags=0x4  imuDrvDrop=0␍␊
[KAL] catchUp: budget=2000us  last=0us  events=0  dtClamp=0␍␊
[KAL] timing: drain=1us  imuProc=1us  aiding=10us  tick=9us  output=1us␍␊
[KAL] imuBreak: vimu=20585us  post=9186us  n=928  vimu/s=22us  post/s=9us␍␊
---␍␊
[KAL] FSM=INIT   Rail(p=  -1.7 r=  +0.1)  ESKF(p=  +0.0 r=  +0.0 y=  +0.0)  alt=-0.0m vD=+0.0␍␊
[KAL] hlth=0x1E  loop=20us(max 879)  mainLoop=98us(max 1913)  NIS=0.0  hiNIS=0  yields=0␍␊
[KAL] IMU=47405  baro=448  gps=0  imuDrop=0  baroDrop=0  evtDrop=0  imuBuf=3200  baroBuf=0  evtBuf=0  rwd=0  drained=0␍␊
[KAL] ring_hwm=[128,0,0]  gate=OPEN  grnd=OK  hdg=NO␍␊
[KAL] raw: ax=  -0.24 ay=  -0.01 az=  -9.57  gx=+0.009 gy=+0.005 gz=-0.007  |a|=9.58  P=86521Pa T=27.3C␍␊
[KAL] gyroBias: +0.00001 +0.00000 -0.00000 (rad/s)␍␊
[KAL] fifoHdr: 0x78=47589  0xF0=0  other=0  imuFlags=0x4  imuDrvDrop=0␍␊
[KAL] catchUp: budget=2000us  last=0us  events=0  dtClamp=0␍␊
[KAL] timing: drain=1us  imuProc=0us  aiding=11us  tick=8us  output=1us␍␊
[KAL] imuBreak: vimu=20596us  post=9170us  n=928  vimu/s=22us  post/s=9us␍␊
---␍␊
[KAL] FSM=INIT   Rail(p=  -1.7 r=  +0.1)  ESKF(p=  +0.0 r=  +0.0 y=  +0.0)  alt=-0.0m vD=+0.0␍␊
[KAL] hlth=0x1E  loop=60us(max 879)  mainLoop=50us(max 1913)  NIS=0.0  hiNIS=0  yields=0␍␊
[KAL] IMU=48332  baro=457  gps=0  imuDrop=0  baroDrop=0  evtDrop=0  imuBuf=3200  baroBuf=0  evtBuf=0  rwd=0  drained=1␍␊
[KAL] ring_hwm=[128,0,0]  gate=OPEN  grnd=OK  hdg=NO␍␊
[KAL] raw: ax=  -0.30 ay=  -0.02 az=  -9.65  gx=-0.006 gy=+0.005 gz=-0.000  |a|=9.65  P=86521Pa T=27.3C␍␊
[KAL] gyroBias: -0.00001 -0.00000 +0.00001 (rad/s)␍␊
[KAL] fifoHdr: 0x78=48516  0xF0=0  other=0  imuFlags=0x4  imuDrvDrop=0␍␊
[KAL] catchUp: budget=2000us  last=0us  events=0  dtClamp=0␍␊
[KAL] timing: drain=1us  imuProc=39us  aiding=11us  tick=9us  output=1us␍␊
[KAL] imuBreak: vimu=20568us  post=9149us  n=927  vimu/s=22us  post/s=9us␍␊
---␍␊
[KAL] FSM=INIT   Rail(p=  -1.7 r=  +0.1)  ESKF(p=  +0.0 r=  +0.0 y=  +0.0)  alt=-0.0m vD=+0.0␍␊
[KAL] hlth=0x1E  loop=21us(max 879)  mainLoop=109us(max 1913)  NIS=0.0  hiNIS=0  yields=0␍␊
[KAL] IMU=49261  baro=465  gps=0  imuDrop=0  baroDrop=0  evtDrop=0  imuBuf=3200  baroBuf=0  evtBuf=0  rwd=0  drained=0␍␊
[KAL] ring_hwm=[128,0,0]  gate=OPEN  grnd=OK  hdg=NO␍␊
[KAL] raw: ax=  -0.26 ay=  -0.04 az=  -9.57  gx=+0.001 gy=-0.001 gz=+0.006  |a|=9.58  P=95895Pa T=28.3C␍␊
[KAL] gyroBias: -0.00001 -0.00000 -0.00000 (rad/s)␍␊
[KAL] fifoHdr: 0x78=49445  0xF0=0  other=0  imuFlags=0x4  imuDrvDrop=0␍␊
[KAL] catchUp: budget=2000us  last=0us  events=0  dtClamp=0␍␊
[KAL] timing: drain=1us  imuProc=1us  aiding=10us  tick=9us  output=0us␍␊
[KAL] imuBreak: vimu=20607us  post=9199us  n=929  vimu/s=22us  post/s=9us␍␊
---␍␊
[KAL] FSM=INIT   Rail(p=  -1.7 r=  +0.1)  ESKF(p=  +0.0 r=  +0.0 y=  +0.0)  alt=-0.0m vD=+0.0␍␊
[KAL] hlth=0x1E  loop=21us(max 879)  mainLoop=97us(max 1913)  NIS=0.0  hiNIS=0  yields=0␍␊
[KAL] IMU=50186  baro=472  gps=0  imuDrop=0  baroDrop=0  evtDrop=0  imuBuf=3200  baroBuf=0  evtBuf=0  rwd=0  drained=0␍␊
[KAL] ring_hwm=[128,0,0]  gate=OPEN  grnd=OK  hdg=NO␍␊
[KAL] raw: ax=  -0.27 ay=  -0.03 az=  -9.58  gx=-0.007 gy=-0.002 gz=+0.002  |a|=9.58  P=86521Pa T=27.3C␍␊
[KAL] gyroBias: -0.00001 -0.00000 -0.00000 (rad/s)␍␊
[KAL] fifoHdr: 0x78=50370  0xF0=0  other=0  imuFlags=0x4  imuDrvDrop=0␍␊
[KAL] catchUp: budget=2000us  last=0us  events=0  dtClamp=0␍␊
[KAL] timing: drain=1us  imuProc=0us  aiding=11us  tick=8us  output=1us␍␊
[KAL] imuBreak: vimu=20516us  post=9130us  n=925  vimu/s=22us  post/s=9us␍␊
---␍␊
[KAL] FSM=INIT   Rail(p=  -1.7 r=  +0.1)  ESKF(p=  +0.0 r=  +0.0 y=  +0.0)  alt=-0.0m vD=+0.0␍␊
[KAL] hlth=0x1E  loop=21us(max 879)  mainLoop=97us(max 1913)  NIS=0.0  hiNIS=0  yields=0␍␊
[KAL] IMU=51113  baro=481  gps=0  imuDrop=0  baroDrop=0  evtDrop=0  imuBuf=3200  baroBuf=0  evtBuf=0  rwd=0  drained=0␍␊
[KAL] ring_hwm=[128,0,0]  gate=OPEN  grnd=OK  hdg=NO␍␊
[KAL] raw: ax=  -0.31 ay=  +0.06 az=  -9.59  gx=+0.010 gy=-0.001 gz=-0.003  |a|=9.60  P=86521Pa T=27.3C␍␊
[KAL] gyroBias: +0.00000 +0.00001 -0.00000 (rad/s)␍␊
[KAL] fifoHdr: 0x78=51297  0xF0=0  other=0  imuFlags=0x4  imuDrvDrop=0␍␊
[KAL] catchUp: budget=2000us  last=0us  events=0  dtClamp=0␍␊
[KAL] timing: drain=1us  imuProc=1us  aiding=10us  tick=9us  output=1us␍␊
[KAL] imuBreak: vimu=20556us  post=9169us  n=927  vimu/s=22us  post/s=9us␍␊
---␍␊
[KAL] FSM=INIT   Rail(p=  -1.7 r=  +0.1)  ESKF(p=  +0.0 r=  +0.0 y=  +0.0)  alt=-0.0m vD=+0.0␍␊
[KAL] hlth=0x1E  loop=21us(max 879)  mainLoop=98us(max 1913)  NIS=0.0  hiNIS=0  yields=0␍␊
[KAL] IMU=52039  baro=490  gps=0  imuDrop=0  baroDrop=0  evtDrop=0  imuBuf=3200  baroBuf=0  evtBuf=0  rwd=0  drained=0␍␊
[KAL] ring_hwm=[128,0,0]  gate=OPEN  grnd=OK  hdg=NO␍␊
[KAL] raw: ax=  -0.31 ay=  -0.07 az=  -9.66  gx=-0.005 gy=-0.001 gz=+0.005  |a|=9.67  P=86521Pa T=27.3C␍␊
[KAL] gyroBias: +0.00000 -0.00000 -0.00000 (rad/s)␍␊
[KAL] fifoHdr: 0x78=52223  0xF0=0  other=0  imuFlags=0x4  imuDrvDrop=0␍␊
[KAL] catchUp: budget=2000us  last=0us  events=0  dtClamp=0␍␊
[KAL] timing: drain=1us  imuProc=0us  aiding=11us  tick=8us  output=1us␍␊
[KAL] imuBreak: vimu=20534us  post=9154us  n=926  vimu/s=22us  post/s=9us␍␊
---␍␊
[KAL] FSM=INIT   Rail(p=  -1.7 r=  +0.1)  ESKF(p=  +0.0 r=  +0.0 y=  +0.0)  alt=-0.0m vD=+0.0␍␊
[KAL] hlth=0x1E  loop=60us(max 879)  mainLoop=50us(max 1913)  NIS=0.0  hiNIS=0  yields=0␍␊
[KAL] IMU=52967  baro=499  gps=0  imuDrop=0  baroDrop=0  evtDrop=0  imuBuf=3200  baroBuf=0  evtBuf=0  rwd=0  drained=1␍␊
[KAL] ring_hwm=[128,0,0]  gate=OPEN  grnd=OK  hdg=NO␍␊
[KAL] raw: ax=  -0.30 ay=  -0.02 az=  -9.63  gx=+0.002 gy=+0.006 gz=+0.005  |a|=9.63  P=86521Pa T=27.3C␍␊
[KAL] gyroBias: -0.00000 -0.00000 +0.00000 (rad/s)␍␊
[KAL] fifoHdr: 0x78=53151  0xF0=0  other=0  imuFlags=0x24  imuDrvDrop=0␍␊
[KAL] catchUp: budget=2000us  last=0us  events=0  dtClamp=0␍␊
[KAL] timing: drain=1us  imuProc=39us  aiding=11us  tick=9us  output=1us␍␊
[KAL] imuBreak: vimu=20596us  post=9179us  n=928  vimu/s=22us  post/s=9us␍␊
---␍␊
[KAL] FSM=INIT   Rail(p=  -1.7 r=  +0.1)  ESKF(p=  +0.0 r=  +0.0 y=  +0.0)  alt=-0.0m vD=+0.0␍␊
[KAL] hlth=0x1E  loop=21us(max 879)  mainLoop=97us(max 1913)  NIS=0.0  hiNIS=0  yields=0␍␊
[KAL] IMU=53895  baro=508  gps=0  imuDrop=0  baroDrop=0  evtDrop=0  imuBuf=3200  baroBuf=0  evtBuf=0  rwd=0  drained=0␍␊
[KAL] ring_hwm=[128,0,0]  gate=OPEN  grnd=OK  hdg=NO␍␊
[KAL] raw: ax=  -0.21 ay=  -0.04 az=  -9.57  gx=+0.006 gy=+0.011 gz=+0.005  |a|=9.58  P=86521Pa T=27.3C␍␊
[KAL] gyroBias: +0.00001 -0.00001 -0.00000 (rad/s)␍␊
[KAL] fifoHdr: 0x78=54079  0xF0=0  other=0  imuFlags=0x4  imuDrvDrop=0␍␊
[KAL] catchUp: budget=2000us  last=0us  events=0  dtClamp=0␍␊
[KAL] timing: drain=1us  imuProc=1us  aiding=10us  tick=8us  output=1us␍␊
[KAL] imuBreak: vimu=20587us  post=9178us  n=928  vimu/s=22us  post/s=9us␍␊
---␍␊
[KAL] FSM=INIT   Rail(p=  -1.7 r=  +0.1)  ESKF(p=  +0.0 r=  +0.0 y=  +0.0)  alt=-0.0m vD=+0.0␍␊
[KAL] hlth=0x1E  loop=59us(max 879)  mainLoop=50us(max 1913)  NIS=0.0  hiNIS=0  yields=0␍␊
[KAL] IMU=54822  baro=517  gps=0  imuDrop=0  baroDrop=0  evtDrop=0  imuBuf=3200  baroBuf=0  evtBuf=0  rwd=0  drained=1␍␊
[KAL] ring_hwm=[128,0,0]  gate=OPEN  grnd=OK  hdg=NO␍␊
[KAL] raw: ax=  -0.27 ay=  -0.01 az=  -9.55  gx=-0.002 gy=-0.004 gz=-0.003  |a|=9.55  P=86521Pa T=27.3C␍␊
[KAL] gyroBias: +0.00000 +0.00001 -0.00000 (rad/s)␍␊
[KAL] fifoHdr: 0x78=55006  0xF0=0  other=0  imuFlags=0x4  imuDrvDrop=0␍␊
[KAL] catchUp: budget=2000us  last=0us  events=0  dtClamp=0␍␊
[KAL] timing: drain=1us  imuProc=38us  aiding=11us  tick=9us  output=1us␍␊
[KAL] imuBreak: vimu=20550us  post=9157us  n=927  vimu/s=22us  post/s=9us␍␊
---␍␊
[KAL] FSM=INIT   Rail(p=  -1.7 r=  +0.1)  ESKF(p=  +0.0 r=  +0.0 y=  +0.0)  alt=-0.0m vD=+0.0␍␊
[KAL] hlth=0x1E  loop=21us(max 879)  mainLoop=97us(max 1913)  NIS=0.0  hiNIS=0  yields=0␍␊
[KAL] IMU=55751  baro=526  gps=0  imuDrop=0  baroDrop=0  evtDrop=0  imuBuf=3200  baroBuf=0  evtBuf=0  rwd=0  drained=0␍␊
[KAL] ring_hwm=[128,0,0]  gate=OPEN  grnd=OK  hdg=NO␍␊
[KAL] raw: ax=  -0.25 ay=  -0.06 az=  -9.63  gx=-0.002 gy=-0.001 gz=-0.006  |a|=9.64  P=86521Pa T=27.3C␍␊
[KAL] gyroBias: -0.00001 +0.00000 -0.00000 (rad/s)␍␊
[KAL] fifoHdr: 0x78=55935  0xF0=0  other=0  imuFlags=0x4  imuDrvDrop=0␍␊
[KAL] catchUp: budget=2000us  last=0us  events=0  dtClamp=0␍␊
[KAL] timing: drain=1us  imuProc=1us  aiding=10us  tick=9us  output=1us␍␊
[KAL] imuBreak: vimu=20606us  post=9231us  n=929  vimu/s=22us  post/s=9us␍␊
---␍␊
[KAL] FSM=INIT   Rail(p=  -1.7 r=  +0.1)  ESKF(p=  +0.0 r=  +0.0 y=  +0.0)  alt=-0.0m vD=+0.0␍␊
[KAL] hlth=0x1E  loop=60us(max 879)  mainLoop=50us(max 1913)  NIS=0.0  hiNIS=0  yields=0␍␊
[KAL] IMU=56679  baro=535  gps=0  imuDrop=0  baroDrop=0  evtDrop=0  imuBuf=3200  baroBuf=0  evtBuf=0  rwd=0  drained=1␍␊
[KAL] ring_hwm=[128,0,0]  gate=OPEN  grnd=OK  hdg=NO␍␊
[KAL] raw: ax=  -0.36 ay=  +0.14 az=  -9.60  gx=+0.003 gy=-0.005 gz=+0.015  |a|=9.61  P=86521Pa T=27.3C␍␊
[KAL] gyroBias: +0.00000 +0.00000 -0.00000 (rad/s)␍␊
[KAL] fifoHdr: 0x78=56863  0xF0=0  other=0  imuFlags=0x4  imuDrvDrop=0␍␊
[KAL] catchUp: budget=2000us  last=0us  events=0  dtClamp=0␍␊
[KAL] timing: drain=1us  imuProc=39us  aiding=11us  tick=9us  output=1us␍␊
[KAL] imuBreak: vimu=20580us  post=9188us  n=928  vimu/s=22us  post/s=9us␍␊
---␍␊
[KAL] FSM=INIT   Rail(p=  -1.7 r=  +0.1)  ESKF(p=  +0.0 r=  +0.0 y=  +0.0)  alt=-0.0m vD=+0.0␍␊
[KAL] hlth=0x1E  loop=60us(max 879)  mainLoop=49us(max 1913)  NIS=0.0  hiNIS=0  yields=0␍␊
[KAL] IMU=57606  baro=544  gps=0  imuDrop=0  baroDrop=0  evtDrop=0  imuBuf=3200  baroBuf=0  evtBuf=0  rwd=0  drained=1␍␊
[KAL] ring_hwm=[128,0,0]  gate=OPEN  grnd=OK  hdg=NO␍␊
[KAL] raw: ax=  -0.32 ay=  -0.05 az=  -9.66  gx=+0.000 gy=-0.001 gz=-0.006  |a|=9.66  P=95907Pa T=28.5C␍␊
[KAL] gyroBias: -0.00000 -0.00000 -0.00001 (rad/s)␍␊
[KAL] fifoHdr: 0x78=57790  0xF0=0  other=0  imuFlags=0x4  imuDrvDrop=0␍␊
[KAL] catchUp: budget=2000us  last=0us  events=0  dtClamp=0␍␊
[KAL] timing: drain=2us  imuProc=38us  aiding=11us  tick=9us  output=1us␍␊
[KAL] imuBreak: vimu=20572us  post=9192us  n=927  vimu/s=22us  post/s=9us␍␊
---␍␊
[KAL] FSM=INIT   Rail(p=  -1.7 r=  +0.1)  ESKF(p=  +0.0 r=  +0.0 y=  +0.0)  alt=-0.0m vD=+0.0␍␊
[KAL] hlth=0x1E  loop=21us(max 879)  mainLoop=97us(max 1913)  NIS=0.0  hiNIS=0  yields=0␍␊
[KAL] IMU=58536  baro=553  gps=0  imuDrop=0  baroDrop=0  evtDrop=0  imuBuf=3200  baroBuf=0  evtBuf=0  rwd=0  drained=0␍␊
[KAL] ring_hwm=[128,0,0]  gate=OPEN  grnd=OK  hdg=NO␍␊
[KAL] raw: ax=  -0.30 ay=  -0.01 az=  -9.64  gx=+0.013 gy=+0.008 gz=+0.005  |a|=9.64  P=86521Pa T=27.3C␍␊
[KAL] gyroBias: -0.00001 +0.00000 -0.00000 (rad/s)␍␊
[KAL] fifoHdr: 0x78=58720  0xF0=0  other=0  imuFlags=0x4  imuDrvDrop=0␍␊
[KAL] catchUp: budget=2000us  last=0us  events=0  dtClamp=0␍␊
[KAL] timing: drain=1us  imuProc=0us  aiding=11us  tick=8us  output=1us␍␊
[KAL] imuBreak: vimu=20608us  post=9244us  n=930  vimu/s=22us  post/s=9us␍␊
---␍␊
[KAL] FSM=INIT   Rail(p=  -1.7 r=  +0.1)  ESKF(p=  +0.0 r=  +0.0 y=  +0.0)  alt=-0.0m vD=+0.0␍␊
[KAL] hlth=0x1E  loop=21us(max 879)  mainLoop=97us(max 1913)  NIS=0.0  hiNIS=0  yields=0␍␊
[KAL] IMU=59464  baro=562  gps=0  imuDrop=0  baroDrop=0  evtDrop=0  imuBuf=3200  baroBuf=0  evtBuf=0  rwd=0  drained=0␍␊
[KAL] ring_hwm=[128,0,0]  gate=OPEN  grnd=OK  hdg=NO␍␊
[KAL] raw: ax=  -0.33 ay=  +0.02 az=  -9.57  gx=+0.003 gy=+0.001 gz=-0.008  |a|=9.58  P=86521Pa T=27.3C␍␊
[KAL] gyroBias: -0.00000 -0.00000 -0.00000 (rad/s)␍␊
[KAL] fifoHdr: 0x78=59648  0xF0=0  other=0  imuFlags=0x4  imuDrvDrop=0␍␊
[KAL] catchUp: budget=2000us  last=0us  events=0  dtClamp=0␍␊
[KAL] timing: drain=1us  imuProc=0us  aiding=11us  tick=9us  output=0us␍␊
[KAL] imuBreak: vimu=20588us  post=9211us  n=928  vimu/s=22us  post/s=9us␍␊
---␍␊
[KAL] FSM=INIT   Rail(p=  -1.7 r=  +0.1)  ESKF(p=  +0.0 r=  +0.0 y=  +0.0)  alt=-0.0m vD=+0.0␍␊
[KAL] hlth=0x1E  loop=21us(max 879)  mainLoop=97us(max 1913)  NIS=0.0  hiNIS=0  yields=0␍␊
[KAL] IMU=60392  baro=571  gps=0  imuDrop=0  baroDrop=0  evtDrop=0  imuBuf=3200  baroBuf=0  evtBuf=0  rwd=0  drained=0␍␊
[KAL] ring_hwm=[128,0,0]  gate=OPEN  grnd=OK  hdg=NO␍␊
[KAL] raw: ax=  -0.28 ay=  -0.01 az=  -9.61  gx=+0.002 gy=-0.004 gz=-0.008  |a|=9.62  P=86521Pa T=27.3C␍␊
[KAL] gyroBias: -0.00000 +0.00000 -0.00000 (rad/s)␍␊
[KAL] fifoHdr: 0x78=60576  0xF0=0  other=0  imuFlags=0x4  imuDrvDrop=0␍␊
[KAL] catchUp: budget=2000us  last=0us  events=0  dtClamp=0␍␊
[KAL] timing: drain=1us  imuProc=1us  aiding=10us  tick=9us  output=1us␍␊
[KAL] imuBreak: vimu=20572us  post=9250us  n=928  vimu/s=22us  post/s=9us␍␊
---␍␊
[KAL] FSM=INIT   Rail(p=  -1.7 r=  +0.1)  ESKF(p=  +0.0 r=  +0.0 y=  +0.0)  alt=-0.0m vD=+0.0␍␊
[KAL] hlth=0x1E  loop=21us(max 879)  mainLoop=98us(max 1913)  NIS=0.0  hiNIS=0  yields=0␍␊
[KAL] IMU=61318  baro=577  gps=0  imuDrop=0  baroDrop=0  evtDrop=0  imuBuf=3200  baroBuf=0  evtBuf=0  rwd=0  drained=0␍␊
[KAL] ring_hwm=[128,0,0]  gate=OPEN  grnd=OK  hdg=NO␍␊
[KAL] raw: ax=  -0.27 ay=  -0.02 az=  -9.64  gx=-0.001 gy=-0.007 gz=+0.013  |a|=9.65  P=86521Pa T=27.3C␍␊
[KAL] gyroBias: +0.00000 +0.00000 +0.00001 (rad/s)␍␊
[KAL] fifoHdr: 0x78=61502  0xF0=0  other=0  imuFlags=0x4  imuDrvDrop=0␍␊
[KAL] catchUp: budget=2000us  last=0us  events=0  dtClamp=0␍␊
[KAL] timing: drain=1us  imuProc=0us  aiding=11us  tick=8us  output=1us␍␊
[KAL] imuBreak: vimu=20532us  post=9195us  n=926  vimu/s=22us  post/s=9us␍␊
---␍␊
[KAL] FSM=INIT   Rail(p=  -1.7 r=  +0.1)  ESKF(p=  +0.0 r=  +0.0 y=  +0.0)  alt=-0.0m vD=+0.0␍␊
[KAL] hlth=0x1E  loop=20us(max 879)  mainLoop=98us(max 1913)  NIS=0.0  hiNIS=0  yields=0␍␊
[KAL] IMU=62246  baro=586  gps=0  imuDrop=0  baroDrop=0  evtDrop=0  imuBuf=3200  baroBuf=0  evtBuf=0  rwd=0  drained=0␍␊
[KAL] ring_hwm=[128,0,0]  gate=OPEN  grnd=OK  hdg=NO␍␊
[KAL] raw: ax=  -0.23 ay=  +0.06 az=  -9.59  gx=+0.002 gy=-0.005 gz=+0.005  |a|=9.59  P=95905Pa T=28.6C␍␊
[KAL] gyroBias: +0.00001 -0.00001 +0.00000 (rad/s)␍␊
[KAL] fifoHdr: 0x78=62430  0xF0=0  other=0  imuFlags=0x4  imuDrvDrop=0␍␊
[KAL] catchUp: budget=2000us  last=0us  events=0  dtClamp=0␍␊
[KAL] timing: drain=1us  imuProc=0us  aiding=11us  tick=8us  output=1us␍␊
[KAL] imuBreak: vimu=20573us  post=9198us  n=928  vimu/s=22us  post/s=9us␍␊
---␍␊
[KAL] FSM=INIT   Rail(p=  -1.7 r=  +0.1)  ESKF(p=  +0.0 r=  +0.0 y=  +0.0)  alt=-0.0m vD=+0.0␍␊
[KAL] hlth=0x1E  loop=60us(max 879)  mainLoop=50us(max 1913)  NIS=0.0  hiNIS=0  yields=0␍␊
[KAL] IMU=63174  baro=595  gps=0  imuDrop=0  baroDrop=0  evtDrop=0  imuBuf=3200  baroBuf=0  evtBuf=0  rwd=0  drained=1␍␊
[KAL] ring_hwm=[128,0,0]  gate=OPEN  grnd=OK  hdg=NO␍␊
[KAL] raw: ax=  -0.28 ay=  +0.07 az=  -9.70  gx=+0.000 gy=+0.006 gz=+0.000  |a|=9.70  P=86521Pa T=27.3C␍␊
[KAL] gyroBias: -0.00000 +0.00000 +0.00000 (rad/s)␍␊
[KAL] fifoHdr: 0x78=63358  0xF0=0  other=0  imuFlags=0x4  imuDrvDrop=0␍␊
[KAL] catchUp: budget=2000us  last=0us  events=0  dtClamp=0␍␊
[KAL] timing: drain=1us  imuProc=39us  aiding=11us  tick=8us  output=1us␍␊
[KAL] imuBreak: vimu=20581us  post=9228us  n=928  vimu/s=22us  post/s=9us␍␊
---␍␊
[KAL] FSM=INIT   Rail(p=  -1.7 r=  +0.1)  ESKF(p=  +0.0 r=  +0.0 y=  +0.0)  alt=-0.0m vD=+0.0␍␊
[KAL] hlth=0x1E  loop=21us(max 879)  mainLoop=98us(max 1913)  NIS=0.0  hiNIS=0  yields=0␍␊
[KAL] IMU=64102  baro=604  gps=0  imuDrop=0  baroDrop=0  evtDrop=0  imuBuf=3200  baroBuf=0  evtBuf=0  rwd=0  drained=0␍␊
[KAL] ring_hwm=[128,0,0]  gate=OPEN  grnd=OK  hdg=NO␍␊
[KAL] raw: ax=  -0.23 ay=  -0.05 az=  -9.67  gx=+0.007 gy=+0.004 gz=+0.003  |a|=9.67  P=95899Pa T=28.6C␍␊
[KAL] gyroBias: +0.00001 +0.00000 -0.00000 (rad/s)␍␊
[KAL] fifoHdr: 0x78=64286  0xF0=0  other=0  imuFlags=0x4  imuDrvDrop=0␍␊
[KAL] catchUp: budget=2000us  last=0us  events=0  dtClamp=0␍␊
[KAL] timing: drain=1us  imuProc=0us  aiding=11us  tick=8us  output=1us␍␊
[KAL] imuBreak: vimu=20565us  post=9228us  n=928  vimu/s=22us  post/s=9us␍␊
---␍␊
[KAL] FSM=INIT   Rail(p=  -1.7 r=  +0.1)  ESKF(p=  +0.0 r=  +0.0 y=  +0.0)  alt=-0.0m vD=+0.0␍␊
[KAL] hlth=0x1E  loop=21us(max 879)  mainLoop=97us(max 1913)  NIS=0.0  hiNIS=0  yields=0␍␊
[KAL] IMU=65030  baro=613  gps=0  imuDrop=0  baroDrop=0  evtDrop=0  imuBuf=3200  baroBuf=0  evtBuf=0  rwd=0  drained=0␍␊
[KAL] ring_hwm=[128,0,0]  gate=OPEN  grnd=OK  hdg=NO␍␊
[KAL] raw: ax=  -0.29 ay=  +0.03 az=  -9.52  gx=+0.005 gy=+0.004 gz=+0.010  |a|=9.53  P=86521Pa T=27.3C␍␊
[KAL] gyroBias: -0.00001 +0.00001 -0.00001 (rad/s)␍␊
[KAL] fifoHdr: 0x78=65214  0xF0=0  other=0  imuFlags=0x4  imuDrvDrop=0␍␊
[KAL] catchUp: budget=2000us  last=0us  events=0  dtClamp=0␍␊
[KAL] timing: drain=1us  imuProc=1us  aiding=10us  tick=9us  output=1us␍␊
[KAL] imuBreak: vimu=20574us  post=9221us  n=928  vimu/s=22us  post/s=9us␍␊
---␍␊
[KAL] FSM=INIT   Rail(p=  -1.7 r=  +0.1)  ESKF(p=  +0.0 r=  +0.0 y=  +0.0)  alt=-0.0m vD=+0.0␍␊
[KAL] hlth=0x1E  loop=21us(max 879)  mainLoop=98us(max 1913)  NIS=0.0  hiNIS=0  yields=0␍␊
[KAL] IMU=65967  baro=622  gps=0  imuDrop=0  baroDrop=0  evtDrop=0  imuBuf=3200  baroBuf=0  evtBuf=0  rwd=0  drained=0␍␊
[KAL] ring_hwm=[128,0,0]  gate=OPEN  grnd=OK  hdg=NO␍␊
[KAL] raw: ax=  -0.28 ay=  -0.01 az=  -9.57  gx=+0.001 gy=-0.008 gz=-0.002  |a|=9.57  P=95866Pa T=28.1C␍␊
[KAL] gyroBias: -0.00000 +0.00000 -0.00001 (rad/s)␍␊
[KAL] fifoHdr: 0x78=66151  0xF0=0  other=0  imuFlags=0x4  imuDrvDrop=0␍␊
[KAL] catchUp: budget=2000us  last=0us  events=0  dtClamp=0␍␊
[KAL] timing: drain=1us  imuProc=1us  aiding=10us  tick=9us  output=1us␍␊
[KAL] imuBreak: vimu=20781us  post=9305us  n=937  vimu/s=22us  post/s=9us␍␊
---␍␊
[KAL] FSM=INIT   Rail(p=  -1.7 r=  +0.1)  ESKF(p=  +0.0 r=  +0.0 y=  +0.0)  alt=-0.0m vD=+0.0␍␊
[KAL] hlth=0x1E  loop=60us(max 879)  mainLoop=49us(max 1913)  NIS=0.0  hiNIS=0  yields=0␍␊
[KAL] IMU=66896  baro=631  gps=0  imuDrop=0  baroDrop=0  evtDrop=0  imuBuf=3200  baroBuf=0  evtBuf=0  rwd=0  drained=1␍␊
[KAL] ring_hwm=[128,0,0]  gate=OPEN  grnd=OK  hdg=NO␍␊
[KAL] raw: ax=  -0.31 ay=  -0.02 az=  -9.62  gx=-0.001 gy=-0.001 gz=-0.003  |a|=9.62  P=86521Pa T=27.3C␍␊
[KAL] gyroBias: +0.00000 -0.00000 -0.00000 (rad/s)␍␊
[KAL] fifoHdr: 0x78=67080  0xF0=0  other=0  imuFlags=0x4  imuDrvDrop=0␍␊
[KAL] catchUp: budget=2000us  last=0us  events=0  dtClamp=0␍␊
[KAL] timing: drain=1us  imuProc=39us  aiding=11us  tick=8us  output=1us␍␊
[KAL] imuBreak: vimu=20605us  post=9238us  n=929  vimu/s=22us  post/s=9us␍␊
---␍␊
[KAL] FSM=INIT   Rail(p=  -1.7 r=  +0.1)  ESKF(p=  +0.0 r=  +0.0 y=  +0.0)  alt=-0.0m vD=+0.0␍␊
[KAL] hlth=0x1E  loop=20us(max 879)  mainLoop=98us(max 1913)  NIS=0.0  hiNIS=0  yields=0␍␊
[KAL] IMU=67824  baro=640  gps=0  imuDrop=0  baroDrop=0  evtDrop=0  imuBuf=3200  baroBuf=0  evtBuf=0  rwd=0  drained=0␍␊
[KAL] ring_hwm=[128,0,0]  gate=OPEN  grnd=OK  hdg=NO␍␊
[KAL] raw: ax=  -0.34 ay=  +0.04 az=  -9.61  gx=+0.000 gy=-0.005 gz=+0.003  |a|=9.61  P=86521Pa T=27.3C␍␊
[KAL] gyroBias: +0.00001 +0.00000 +0.00000 (rad/s)␍␊
[KAL] fifoHdr: 0x78=68008  0xF0=0  other=0  imuFlags=0x4  imuDrvDrop=0␍␊
[KAL] catchUp: budget=2000us  last=0us  events=0  dtClamp=0␍␊
[KAL] timing: drain=1us  imuProc=0us  aiding=11us  tick=8us  output=1us␍␊
[KAL] imuBreak: vimu=20591us  post=9231us  n=928  vimu/s=22us  post/s=9us␍␊
---␍␊
[KAL] FSM=INIT   Rail(p=  -1.7 r=  +0.1)  ESKF(p=  +0.0 r=  +0.0 y=  +0.0)  alt=-0.0m vD=+0.0␍␊
[KAL] hlth=0x1E  loop=60us(max 879)  mainLoop=48us(max 1913)  NIS=0.0  hiNIS=0  yields=0␍␊
[KAL] IMU=68753  baro=649  gps=0  imuDrop=0  baroDrop=0  evtDrop=0  imuBuf=3200  baroBuf=0  evtBuf=0  rwd=0  drained=1␍␊
[KAL] ring_hwm=[128,0,0]  gate=OPEN  grnd=OK  hdg=NO␍␊
[KAL] raw: ax=  -0.27 ay=  +0.03 az=  -9.63  gx=-0.004 gy=+0.000 gz=-0.003  |a|=9.63  P=86521Pa T=27.3C␍␊
[KAL] gyroBias: -0.00000 +0.00000 +0.00001 (rad/s)␍␊
[KAL] fifoHdr: 0x78=68937  0xF0=0  other=0  imuFlags=0x4  imuDrvDrop=0␍␊
[KAL] catchUp: budget=2000us  last=0us  events=0  dtClamp=0␍␊
[KAL] timing: drain=1us  imuProc=39us  aiding=11us  tick=8us  output=1us␍␊
[KAL] imuBreak: vimu=20586us  post=9247us  n=929  vimu/s=22us  post/s=9us␍␊
---␍␊
[KAL] FSM=INIT   Rail(p=  -1.8 r=  +0.1)  ESKF(p=  +0.0 r=  +0.0 y=  +0.0)  alt=-0.0m vD=+0.0␍␊
[KAL] hlth=0x1E  loop=21us(max 879)  mainLoop=98us(max 1913)  NIS=0.0  hiNIS=0  yields=0␍␊
[KAL] IMU=69680  baro=658  gps=0  imuDrop=0  baroDrop=0  evtDrop=0  imuBuf=3200  baroBuf=0  evtBuf=0  rwd=0  drained=0␍␊
[KAL] ring_hwm=[128,0,0]  gate=OPEN  grnd=OK  hdg=NO␍␊
[KAL] raw: ax=  -0.33 ay=  +0.06 az=  -9.51  gx=+0.009 gy=-0.001 gz=+0.002  |a|=9.51  P=95894Pa T=28.3C␍␊
[KAL] gyroBias: +0.00000 -0.00000 -0.00000 (rad/s)␍␊
[KAL] fifoHdr: 0x78=69864  0xF0=0  other=0  imuFlags=0x4  imuDrvDrop=0␍␊
[KAL] catchUp: budget=2000us  last=0us  events=0  dtClamp=0␍␊
[KAL] timing: drain=1us  imuProc=1us  aiding=10us  tick=8us  output=1us␍␊
[KAL] imuBreak: vimu=20568us  post=9228us  n=927  vimu/s=22us  post/s=9us␍␊
---␍␊
[KAL] FSM=INIT   Rail(p=  -1.7 r=  +0.1)  ESKF(p=  +0.0 r=  +0.0 y=  +0.0)  alt=-0.0m vD=+0.0␍␊
[KAL] hlth=0x1E  loop=21us(max 879)  mainLoop=97us(max 1913)  NIS=0.0  hiNIS=0  yields=0␍␊
[KAL] IMU=70608  baro=667  gps=0  imuDrop=0  baroDrop=0  evtDrop=0  imuBuf=3200  baroBuf=0  evtBuf=0  rwd=0  drained=0␍␊
[KAL] ring_hwm=[128,0,0]  gate=OPEN  grnd=OK  hdg=NO␍␊
[KAL] raw: ax=  -0.24 ay=  -0.05 az=  -9.60  gx=+0.007 gy=+0.004 gz=+0.009  |a|=9.60  P=86521Pa T=27.3C␍␊
[KAL] gyroBias: +0.00001 +0.00000 +0.00001 (rad/s)␍␊
[KAL] fifoHdr: 0x78=70792  0xF0=0  other=0  imuFlags=0x4  imuDrvDrop=0␍␊
[KAL] catchUp: budget=2000us  last=0us  events=0  dtClamp=0␍␊
[KAL] timing: drain=2us  imuProc=0us  aiding=11us  tick=8us  output=1us␍␊
[KAL] imuBreak: vimu=20587us  post=9236us  n=928  vimu/s=22us  post/s=9us␍␊
---␍␊
[KAL] FSM=INIT   Rail(p=  -1.7 r=  +0.1)  ESKF(p=  +0.0 r=  +0.0 y=  +0.0)  alt=-0.0m vD=+0.0␍␊
[KAL] hlth=0x1E  loop=20us(max 879)  mainLoop=50us(max 1913)  NIS=0.0  hiNIS=0  yields=0␍␊
[KAL] IMU=71535  baro=676  gps=0  imuDrop=0  baroDrop=0  evtDrop=0  imuBuf=3200  baroBuf=0  evtBuf=0  rwd=0  drained=0␍␊
[KAL] ring_hwm=[128,0,0]  gate=OPEN  grnd=OK  hdg=NO␍␊
[KAL] raw: ax=  -0.27 ay=  -0.01 az=  -9.58  gx=+0.003 gy=-0.013 gz=+0.003  |a|=9.58  P=86521Pa T=27.3C␍␊
[KAL] gyroBias: -0.00000 -0.00000 +0.00000 (rad/s)␍␊
[KAL] fifoHdr: 0x78=71719  0xF0=0  other=0  imuFlags=0x4  imuDrvDrop=0␍␊
[KAL] catchUp: budget=2000us  last=0us  events=0  dtClamp=0␍␊
[KAL] timing: drain=1us  imuProc=0us  aiding=11us  tick=8us  output=1us␍␊
[KAL] imuBreak: vimu=20547us  post=9183us  n=927  vimu/s=22us  post/s=9us␍␊
---␍␊
[KAL] FSM=INIT   Rail(p=  -1.7 r=  +0.1)  ESKF(p=  +0.0 r=  +0.0 y=  +0.0)  alt=-0.0m vD=+0.0␍␊
[KAL] hlth=0x1E  loop=60us(max 879)  mainLoop=50us(max 1913)  NIS=0.0  hiNIS=0  yields=0␍␊
[KAL] IMU=72465  baro=682  gps=0  imuDrop=0  baroDrop=0  evtDrop=0  imuBuf=3200  baroBuf=0  evtBuf=0  rwd=0  drained=1␍␊
[KAL] ring_hwm=[128,0,0]  gate=OPEN  grnd=OK  hdg=NO␍␊
[KAL] raw: ax=  -0.25 ay=  -0.01 az=  -9.55  gx=+0.005 gy=-0.000 gz=-0.001  |a|=9.56  P=86521Pa T=27.3C␍␊
[KAL] gyroBias: -0.00000 -0.00000 -0.00001 (rad/s)␍␊
[KAL] fifoHdr: 0x78=72649  0xF0=0  other=0  imuFlags=0x4  imuDrvDrop=0␍␊
[KAL] catchUp: budget=2000us  last=0us  events=0  dtClamp=0␍␊
[KAL] timing: drain=1us  imuProc=39us  aiding=11us  tick=9us  output=1us␍␊
[KAL] imuBreak: vimu=20642us  post=9233us  n=930  vimu/s=22us  post/s=9us␍␊
---␍␊
[KAL] FSM=INIT   Rail(p=  -1.7 r=  +0.1)  ESKF(p=  +0.0 r=  +0.0 y=  +0.0)  alt=-0.0m vD=+0.0␍␊
[KAL] hlth=0x1E  loop=20us(max 879)  mainLoop=97us(max 1913)  NIS=0.0  hiNIS=0  yields=0␍␊
[KAL] IMU=73392  baro=691  gps=0  imuDrop=0  baroDrop=0  evtDrop=0  imuBuf=3200  baroBuf=0  evtBuf=0  rwd=0  drained=0␍␊
[KAL] ring_hwm=[128,0,0]  gate=OPEN  grnd=OK  hdg=NO␍␊
[KAL] raw: ax=  -0.30 ay=  -0.03 az=  -9.52  gx=+0.000 gy=-0.004 gz=+0.003  |a|=9.52  P=95909Pa T=28.7C␍␊
[KAL] gyroBias: -0.00000 +0.00000 -0.00001 (rad/s)␍␊
[KAL] fifoHdr: 0x78=73576  0xF0=0  other=0  imuFlags=0x4  imuDrvDrop=0␍␊
[KAL] catchUp: budget=2000us  last=0us  events=0  dtClamp=0␍␊
[KAL] timing: drain=1us  imuProc=0us  aiding=11us  tick=8us  output=1us␍␊
[KAL] imuBreak: vimu=20552us  post=9238us  n=927  vimu/s=22us  post/s=9us␍␊
---␍␊
[KAL-DBG] Force-flight: injecting BURN state + liftoff␍␊
[KAL] FSM=INIT   Rail(p=  -1.7 r=  +0.1)  ESKF(p=  +0.0 r=  +0.0 y=  +0.0)  alt=-0.0m vD=+0.0␍␊
[KAL] hlth=0x1E  loop=60us(max 879)  mainLoop=50us(max 1913)  NIS=0.0  hiNIS=0  yields=0␍␊
[KAL] IMU=74321  baro=700  gps=0  imuDrop=0  baroDrop=0  evtDrop=0  imuBuf=3200  baroBuf=0  evtBuf=0  rwd=0  drained=1␍␊
[KAL] ring_hwm=[128,0,0]  gate=OPEN  grnd=OK  hdg=NO␍␊
[KAL] raw: ax=  -0.30 ay=  -0.04 az=  -9.64  gx=-0.005 gy=-0.001 gz=+0.006  |a|=9.65  P=86521Pa T=27.3C␍␊
[KAL] gyroBias: -0.00000 +0.00000 +0.00000 (rad/s)␍␊
[KAL] fifoHdr: 0x78=74505  0xF0=0  other=0  imuFlags=0x4  imuDrvDrop=0␍␊
[KAL] catchUp: budget=2000us  last=0us  events=0  dtClamp=0␍␊
[KAL] timing: drain=1us  imuProc=39us  aiding=11us  tick=9us  output=9us␍␊
[KAL] imuBreak: vimu=20590us  post=9218us  n=929  vimu/s=22us  post/s=9us␍␊
---␍␊
[CATCHUP] AHEAD: kalTs=0:17223000 > targetTs=0:13994403  diff=3228597us  rewind=0 hiber=0␍␊
[CATCHUP] AHEAD: kalTs=0:17223000 > targetTs=0:14029019  diff=3193981us  rewind=0 hiber=0␍␊
[CATCHUP] AHEAD: kalTs=0:17223000 > targetTs=0:14063379  diff=3159621us  rewind=0 hiber=0␍␊
[CATCHUP] AHEAD: kalTs=0:17223000 > targetTs=0:14097866  diff=3125134us  rewind=0 hiber=0␍␊
[KAL] FSM=BURN   Rail(p=  -1.7 r=  +0.1)  ESKF(p=  +0.0 r=  +0.0 y=  +0.0)  alt=-0.0m vD=+0.0␍␊
[KAL] hlth=0x1E  loop=39us(max 879)  mainLoop=93us(max 1913)  NIS=0.0  hiNIS=0  yields=0␍␊
[KAL] IMU=75204  baro=709  gps=0  imuDrop=0  baroDrop=0  evtDrop=0  imuBuf=3200  baroBuf=3  evtBuf=1  rwd=1  drained=0␍␊
[KAL] ring_hwm=[128,0,0]  gate=OPEN  grnd=OK  hdg=NO␍␊
[KAL] raw: ax=  -0.31 ay=  -0.02 az=  -9.57  gx=+0.002 gy=+0.010 gz=-0.004  |a|=9.57  P=86521Pa T=27.3C␍␊
[KAL] gyroBias: -0.00000 +0.00000 +0.00000 (rad/s)␍␊
[KAL] fifoHdr: 0x78=75388  0xF0=0  other=0  imuFlags=0x4  imuDrvDrop=0␍␊
[KAL] catchUp: budget=2000us  last=18us  events=0  dtClamp=0␍␊
[KAL] timing: drain=1us  imuProc=1us  aiding=10us  tick=27us  output=1us␍␊
[KAL] imuBreak: vimu=19010us  post=3942us  n=883  vimu/s=21us  post/s=4us␍␊
[KAL] Pcov: <0xcf><0x83>p=3.00,3.00,3.00  <0xcf><0x83>v=0.10,0.10,0.10  <0xcf><0x83><0xce><0xb8>=0.010  <0xcf><0x83>ba=0.0000  <0xcf><0x83>bg=0.000000  <0xcf><0x83>bb=1.00␍␊
[KAL] eskf: pN=+0.00 pE=+0.00 pD=+0.00  vN=+0.00 vE=+0.00 vD=+0.00  bBaro=+0.00  aeroBlind=0  inn=0.00  NIS=0.00␍␊
---␍␊
[CATCHUP] AHEAD: kalTs=0:17223000 > targetTs=0:14133977  diff=3089023us  rewind=0 hiber=0␍␊
[CATCHUP] AHEAD: kalTs=0:17223000 > targetTs=0:14168327  diff=3054673us  rewind=0 hiber=0␍␊
[CATCHUP] AHEAD: kalTs=0:17223000 > targetTs=0:14202827  diff=3020173us  rewind=0 hiber=0␍␊
[CATCHUP] AHEAD: kalTs=0:17223000 > targetTs=0:14237403  diff=2985597us  rewind=0 hiber=0␍␊
[KAL] FSM=BURN   Rail(p=  -1.7 r=  +0.1)  ESKF(p=  +0.0 r=  +0.0 y=  +0.0)  alt=-0.0m vD=+0.0␍␊
[KAL] hlth=0x1E  loop=73us(max 879)  mainLoop=50us(max 1913)  NIS=0.0  hiNIS=0  yields=0␍␊
[KAL] IMU=76090  baro=718  gps=0  imuDrop=0  baroDrop=0  evtDrop=0  imuBuf=3200  baroBuf=6  evtBuf=1  rwd=1  drained=1␍␊
[KAL] ring_hwm=[128,0,0]  gate=OPEN  grnd=OK  hdg=NO␍␊
[KAL] raw: ax=  -0.32 ay=  -0.04 az=  -9.63  gx=-0.003 gy=-0.001 gz=+0.002  |a|=9.64  P=86521Pa T=27.3C␍␊
[KAL] gyroBias: -0.00000 +0.00000 +0.00000 (rad/s)␍␊
[KAL] fifoHdr: 0x78=76274  0xF0=0  other=0  imuFlags=0x4  imuDrvDrop=0␍␊
[KAL] catchUp: budget=2000us  last=19us  events=0  dtClamp=0␍␊
[KAL] timing: drain=1us  imuProc=33us  aiding=11us  tick=28us  output=1us␍␊
[KAL] imuBreak: vimu=19043us  post=3936us  n=886  vimu/s=21us  post/s=4us␍␊
[KAL] Pcov: <0xcf><0x83>p=3.00,3.00,3.00  <0xcf><0x83>v=0.10,0.10,0.10  <0xcf><0x83><0xce><0xb8>=0.010  <0xcf><0x83>ba=0.0000  <0xcf><0x83>bg=0.000000  <0xcf><0x83>bb=1.00␍␊
[KAL] eskf: pN=+0.00 pE=+0.00 pD=+0.00  vN=+0.00 vE=+0.00 vD=+0.00  bBaro=+0.00  aeroBlind=0  inn=0.00  NIS=0.00␍␊
---␍␊
[CATCHUP] AHEAD: kalTs=0:17223000 > targetTs=0:14273371  diff=2949629us  rewind=0 hiber=0␍␊
[CATCHUP] AHEAD: kalTs=0:17223000 > targetTs=0:14307735  diff=2915265us  rewind=0 hiber=0␍␊
[CATCHUP] AHEAD: kalTs=0:17223000 > targetTs=0:14342360  diff=2880640us  rewind=0 hiber=0␍␊
[CATCHUP] AHEAD: kalTs=0:17223000 > targetTs=0:14376872  diff=2846128us  rewind=0 hiber=0␍␊
[KAL] FSM=BURN   Rail(p=  -1.7 r=  +0.1)  ESKF(p=  +0.0 r=  +0.0 y=  +0.0)  alt=-0.0m vD=+0.0␍␊
[KAL] hlth=0x1E  loop=73us(max 879)  mainLoop=50us(max 1913)  NIS=0.0  hiNIS=0  yields=0␍␊
[KAL] IMU=76975  baro=727  gps=0  imuDrop=0  baroDrop=0  evtDrop=0  imuBuf=3200  baroBuf=9  evtBuf=1  rwd=1  drained=1␍␊
[KAL] ring_hwm=[128,0,0]  gate=OPEN  grnd=OK  hdg=NO␍␊
[KAL] raw: ax=  -0.39 ay=  -0.07 az=  -9.76  gx=-0.002 gy=+0.007 gz=-0.003  |a|=9.77  P=86521Pa T=27.3C␍␊
[KAL] gyroBias: -0.00000 +0.00000 +0.00000 (rad/s)␍␊
[KAL] fifoHdr: 0x78=77159  0xF0=0  other=0  imuFlags=0x24  imuDrvDrop=0␍␊
[KAL] catchUp: budget=2000us  last=19us  events=0  dtClamp=0␍␊
[KAL] timing: drain=1us  imuProc=33us  aiding=11us  tick=28us  output=1us␍␊
[KAL] imuBreak: vimu=19049us  post=3924us  n=885  vimu/s=21us  post/s=4us␍␊
[KAL] Pcov: <0xcf><0x83>p=3.00,3.00,3.00  <0xcf><0x83>v=0.10,0.10,0.10  <0xcf><0x83><0xce><0xb8>=0.010  <0xcf><0x83>ba=0.0000  <0xcf><0x83>bg=0.000000  <0xcf><0x83>bb=1.00␍␊
[KAL] eskf: pN=+0.00 pE=+0.00 pD=+0.00  vN=+0.00 vE=+0.00 vD=+0.00  bBaro=+0.00  aeroBlind=0  inn=0.00  NIS=0.00␍␊
---␍␊
[CATCHUP] AHEAD: kalTs=0:17223000 > targetTs=0:14412660  diff=2810340us  rewind=0 hiber=0␍␊
[CATCHUP] AHEAD: kalTs=0:17223000 > targetTs=0:14447343  diff=2775657us  rewind=0 hiber=0␍␊
[CATCHUP] AHEAD: kalTs=0:17223000 > targetTs=0:14489763  diff=2733237us  rewind=0 hiber=0␍␊
[CATCHUP] AHEAD: kalTs=0:17223000 > targetTs=0:14539697  diff=2683303us  rewind=0 hiber=0␍␊
[KAL] FSM=BURN   Rail(p=  -1.7 r=  +0.1)  ESKF(p=  +0.0 r=  +0.0 y=  +0.0)  alt=-0.0m vD=+0.0␍␊
[KAL] hlth=0x1E  loop=107us(max 879)  mainLoop=50us(max 1913)  NIS=0.0  hiNIS=0  yields=0␍␊
[KAL] IMU=78008  baro=736  gps=0  imuDrop=482  baroDrop=0  evtDrop=0  imuBuf=3200  baroBuf=12  evtBuf=1  rwd=1  drained=1␍␊
[KAL] ring_hwm=[128,0,0]  gate=OPEN  grnd=OK  hdg=NO␍␊
[KAL] raw: ax=  -0.24 ay=  -0.04 az=  -9.59  gx=+0.002 gy=+0.001 gz=-0.002  |a|=9.59  P=86521Pa T=27.3C␍␊
[KAL] gyroBias: -0.00000 +0.00000 +0.00000 (rad/s)␍␊
[KAL] fifoHdr: 0x78=78192  0xF0=0  other=0  imuFlags=0x24  imuDrvDrop=482␍␊
[KAL] catchUp: budget=2000us  last=19us  events=0  dtClamp=0␍␊
[KAL] timing: drain=1us  imuProc=67us  aiding=11us  tick=28us  output=1us␍␊
[KAL] imuBreak: vimu=22180us  post=21109us  n=1033  vimu/s=21us  post/s=20us␍␊
[KAL] Pcov: <0xcf><0x83>p=3.00,3.00,3.00  <0xcf><0x83>v=0.10,0.10,0.10  <0xcf><0x83><0xce><0xb8>=0.010  <0xcf><0x83>ba=0.0000  <0xcf><0x83>bg=0.000000  <0xcf><0x83>bb=1.00␍␊
[KAL] eskf: pN=+0.00 pE=+0.00 pD=+0.00  vN=+0.00 vE=+0.00 vD=+0.00  bBaro=+0.00  aeroBlind=0  inn=0.00  NIS=0.00␍␊
---␍␊
[CATCHUP] AHEAD: kalTs=0:17223000 > targetTs=0:14591336  diff=2631664us  rewind=0 hiber=0␍␊
[CATCHUP] AHEAD: kalTs=0:17223000 > targetTs=0:14641649  diff=2581351us  rewind=0 hiber=0␍␊
[CATCHUP] AHEAD: kalTs=0:17223000 > targetTs=0:14691245  diff=2531755us  rewind=0 hiber=0␍␊
[CATCHUP] AHEAD: kalTs=0:17223000 > targetTs=0:14740936  diff=2482064us  rewind=0 hiber=0␍␊
[KAL] FSM=BURN   Rail(p=  -1.7 r=  +0.1)  ESKF(p=  +0.0 r=  +0.0 y=  +0.0)  alt=-0.0m vD=+0.0␍␊
[KAL] hlth=0x1E  loop=40us(max 879)  mainLoop=126us(max 1913)  NIS=0.0  hiNIS=0  yields=0␍␊
[KAL] IMU=79285  baro=748  gps=0  imuDrop=1759  baroDrop=0  evtDrop=0  imuBuf=3200  baroBuf=16  evtBuf=1  rwd=1  drained=0␍␊
[KAL] ring_hwm=[128,0,0]  gate=OPEN  grnd=OK  hdg=NO␍␊
[KAL] raw: ax=  -0.32 ay=  -0.03 az=  -9.59  gx=-0.008 gy=-0.003 gz=+0.006  |a|=9.60  P=86521Pa T=27.3C␍␊
[KAL] gyroBias: -0.00000 +0.00000 +0.00000 (rad/s)␍␊
[KAL] fifoHdr: 0x78=79469  0xF0=0  other=0  imuFlags=0x4  imuDrvDrop=1759␍␊
[KAL] catchUp: budget=2000us  last=18us  events=0  dtClamp=0␍␊
[KAL] timing: drain=1us  imuProc=1us  aiding=10us  tick=28us  output=1us␍␊
[KAL] imuBreak: vimu=27345us  post=49461us  n=1277  vimu/s=21us  post/s=38us␍␊
[KAL] Pcov: <0xcf><0x83>p=3.00,3.00,3.00  <0xcf><0x83>v=0.10,0.10,0.10  <0xcf><0x83><0xce><0xb8>=0.010  <0xcf><0x83>ba=0.0000  <0xcf><0x83>bg=0.000000  <0xcf><0x83>bb=1.00␍␊
[KAL] eskf: pN=+0.00 pE=+0.00 pD=+0.00  vN=+0.00 vE=+0.00 vD=+0.00  bBaro=+0.00  aeroBlind=0  inn=0.00  NIS=0.00␍␊
---␍␊
[CATCHUP] AHEAD: kalTs=0:17223000 > targetTs=0:14792594  diff=2430406us  rewind=0 hiber=0␍␊
[CATCHUP] AHEAD: kalTs=0:17223000 > targetTs=0:14842209  diff=2380791us  rewind=0 hiber=0␍␊
[CATCHUP] AHEAD: kalTs=0:17223000 > targetTs=0:14891968  diff=2331032us  rewind=0 hiber=0␍␊
[CATCHUP] AHEAD: kalTs=0:17223000 > targetTs=0:14941669  diff=2281331us  rewind=0 hiber=0␍␊
[KAL] FSM=BURN   Rail(p=  -1.7 r=  +0.1)  ESKF(p=  +0.0 r=  +0.0 y=  +0.0)  alt=-0.0m vD=+0.0␍␊
[KAL] hlth=0x1E  loop=39us(max 879)  mainLoop=126us(max 1913)  NIS=0.0  hiNIS=0  yields=0␍␊
[KAL] IMU=80559  baro=760  gps=0  imuDrop=3033  baroDrop=0  evtDrop=0  imuBuf=3200  baroBuf=20  evtBuf=1  rwd=1  drained=0␍␊
[KAL] ring_hwm=[128,0,0]  gate=OPEN  grnd=OK  hdg=NO␍␊
[KAL] raw: ax=  -0.29 ay=  +0.02 az=  -9.60  gx=-0.001 gy=+0.005 gz=+0.000  |a|=9.61  P=86521Pa T=27.3C␍␊
[KAL] gyroBias: -0.00000 +0.00000 +0.00000 (rad/s)␍␊
[KAL] fifoHdr: 0x78=80743  0xF0=0  other=0  imuFlags=0x4  imuDrvDrop=3033␍␊
[KAL] catchUp: budget=2000us  last=19us  events=0  dtClamp=0␍␊
[KAL] timing: drain=1us  imuProc=0us  aiding=11us  tick=27us  output=1us␍␊
[KAL] imuBreak: vimu=27289us  post=49344us  n=1274  vimu/s=21us  post/s=38us␍␊
[KAL] Pcov: <0xcf><0x83>p=3.00,3.00,3.00  <0xcf><0x83>v=0.10,0.10,0.10  <0xcf><0x83><0xce><0xb8>=0.010  <0xcf><0x83>ba=0.0000  <0xcf><0x83>bg=0.000000  <0xcf><0x83>bb=1.00␍␊
[KAL] eskf: pN=+0.00 pE=+0.00 pD=+0.00  vN=+0.00 vE=+0.00 vD=+0.00  bBaro=+0.00  aeroBlind=0  inn=0.00  NIS=0.00␍␊
---␍␊
[CATCHUP] AHEAD: kalTs=0:17223000 > targetTs=0:14993938  diff=2229062us  rewind=0 hiber=0␍␊
[CATCHUP] AHEAD: kalTs=0:17223000 > targetTs=0:15043599  diff=2179401us  rewind=0 hiber=0␍␊
[CATCHUP] AHEAD: kalTs=0:17223000 > targetTs=0:15093355  diff=2129645us  rewind=0 hiber=0␍␊
[CATCHUP] AHEAD: kalTs=0:17223000 > targetTs=0:15142990  diff=2080010us  rewind=0 hiber=0␍␊
[KAL] FSM=BURN   Rail(p=  -1.7 r=  +0.1)  ESKF(p=  +0.0 r=  +0.0 y=  +0.0)  alt=-0.0m vD=+0.0␍␊
[KAL] hlth=0x1E  loop=108us(max 879)  mainLoop=50us(max 1913)  NIS=0.0  hiNIS=0  yields=0␍␊
[KAL] IMU=81837  baro=772  gps=0  imuDrop=4311  baroDrop=0  evtDrop=0  imuBuf=3200  baroBuf=24  evtBuf=1  rwd=1  drained=1␍␊
[KAL] ring_hwm=[128,0,0]  gate=OPEN  grnd=OK  hdg=NO␍␊
[KAL] raw: ax=  -0.37 ay=  -0.07 az=  -9.62  gx=+0.001 gy=-0.000 gz=+0.002  |a|=9.63  P=86521Pa T=27.3C␍␊
[KAL] gyroBias: -0.00000 +0.00000 +0.00000 (rad/s)␍␊
[KAL] fifoHdr: 0x78=82021  0xF0=0  other=0  imuFlags=0x4  imuDrvDrop=4311␍␊
[KAL] catchUp: budget=2000us  last=19us  events=0  dtClamp=0␍␊
[KAL] timing: drain=1us  imuProc=68us  aiding=11us  tick=28us  output=1us␍␊
[KAL] imuBreak: vimu=27402us  post=49502us  n=1278  vimu/s=21us  post/s=38us␍␊
[KAL] Pcov: <0xcf><0x83>p=3.00,3.00,3.00  <0xcf><0x83>v=0.10,0.10,0.10  <0xcf><0x83><0xce><0xb8>=0.010  <0xcf><0x83>ba=0.0000  <0xcf><0x83>bg=0.000000  <0xcf><0x83>bb=1.00␍␊
[KAL] eskf: pN=+0.00 pE=+0.00 pD=+0.00  vN=+0.00 vE=+0.00 vD=+0.00  bBaro=+0.00  aeroBlind=0  inn=0.00  NIS=0.00␍␊
---␍␊
[CATCHUP] AHEAD: kalTs=0:17223000 > targetTs=0:15195023  diff=2027977us  rewind=0 hiber=0␍␊
[CATCHUP] AHEAD: kalTs=0:17223000 > targetTs=0:15244646  diff=1978354us  rewind=0 hiber=0␍␊
[CATCHUP] AHEAD: kalTs=0:17223000 > targetTs=0:15294389  diff=1928611us  rewind=0 hiber=0␍␊
[CATCHUP] AHEAD: kalTs=0:17223000 > targetTs=0:15344038  diff=1878962us  rewind=0 hiber=0␍␊
[KAL] FSM=BURN   Rail(p=  -1.7 r=  +0.1)  ESKF(p=  +0.0 r=  +0.0 y=  +0.0)  alt=-0.0m vD=+0.0␍␊
[KAL] hlth=0x1E  loop=39us(max 879)  mainLoop=128us(max 1913)  NIS=0.0  hiNIS=0  yields=0␍␊
[KAL] IMU=83113  baro=784  gps=0  imuDrop=5587  baroDrop=0  evtDrop=0  imuBuf=3200  baroBuf=28  evtBuf=1  rwd=1  drained=0␍␊
[KAL] ring_hwm=[128,0,0]  gate=OPEN  grnd=OK  hdg=NO␍␊
[KAL] raw: ax=  -0.24 ay=  -0.04 az=  -9.45  gx=-0.002 gy=-0.000 gz=-0.001  |a|=9.45  P=86521Pa T=27.3C␍␊
[KAL] gyroBias: -0.00000 +0.00000 +0.00000 (rad/s)␍␊
[KAL] fifoHdr: 0x78=83297  0xF0=0  other=0  imuFlags=0x4  imuDrvDrop=5587␍␊
[KAL] catchUp: budget=2000us  last=18us  events=0  dtClamp=0␍␊
[KAL] timing: drain=1us  imuProc=0us  aiding=11us  tick=27us  output=1us␍␊
[KAL] imuBreak: vimu=27335us  post=49425us  n=1276  vimu/s=21us  post/s=38us␍␊
[KAL] Pcov: <0xcf><0x83>p=3.00,3.00,3.00  <0xcf><0x83>v=0.10,0.10,0.10  <0xcf><0x83><0xce><0xb8>=0.010  <0xcf><0x83>ba=0.0000  <0xcf><0x83>bg=0.000000  <0xcf><0x83>bb=1.00␍␊
[KAL] eskf: pN=+0.00 pE=+0.00 pD=+0.00  vN=+0.00 vE=+0.00 vD=+0.00  bBaro=+0.00  aeroBlind=0  inn=0.00  NIS=0.00␍␊
---␍␊
[CATCHUP] AHEAD: kalTs=0:17223000 > targetTs=0:15395673  diff=1827327us  rewind=0 hiber=0␍␊
[CATCHUP] AHEAD: kalTs=0:17223000 > targetTs=0:15445488  diff=1777512us  rewind=0 hiber=0␍␊
[CATCHUP] AHEAD: kalTs=0:17223000 > targetTs=0:15495128  diff=1727872us  rewind=0 hiber=0␍␊
[CATCHUP] AHEAD: kalTs=0:17223000 > targetTs=0:15544751  diff=1678249us  rewind=0 hiber=0␍␊
[KAL] FSM=BURN   Rail(p=  -1.7 r=  +0.1)  ESKF(p=  +0.0 r=  +0.0 y=  +0.0)  alt=-0.0m vD=+0.0␍␊
[KAL] hlth=0x1E  loop=107us(max 879)  mainLoop=50us(max 1913)  NIS=0.0  hiNIS=0  yields=0␍␊
[KAL] IMU=84387  baro=797  gps=0  imuDrop=6861  baroDrop=0  evtDrop=0  imuBuf=3200  baroBuf=32  evtBuf=1  rwd=1  drained=1␍␊
[KAL] ring_hwm=[128,0,0]  gate=OPEN  grnd=OK  hdg=NO␍␊
[KAL] raw: ax=  -0.33 ay=  -0.08 az=  -9.89  gx=-0.001 gy=+0.028 gz=-0.004  |a|=9.89  P=86521Pa T=27.3C␍␊
[KAL] gyroBias: -0.00000 +0.00000 +0.00000 (rad/s)␍␊
[KAL] fifoHdr: 0x78=84571  0xF0=0  other=0  imuFlags=0x4  imuDrvDrop=6861␍␊
[KAL] catchUp: budget=2000us  last=18us  events=0  dtClamp=0␍␊
[KAL] timing: drain=1us  imuProc=67us  aiding=11us  tick=28us  output=1us␍␊
[KAL] imuBreak: vimu=27315us  post=49350us  n=1274  vimu/s=21us  post/s=38us␍␊
[KAL] Pcov: <0xcf><0x83>p=3.00,3.00,3.00  <0xcf><0x83>v=0.10,0.10,0.10  <0xcf><0x83><0xce><0xb8>=0.010  <0xcf><0x83>ba=0.0000  <0xcf><0x83>bg=0.000000  <0xcf><0x83>bb=1.00␍␊
[KAL] eskf: pN=+0.00 pE=+0.00 pD=+0.00  vN=+0.00 vE=+0.00 vD=+0.00  bBaro=+0.00  aeroBlind=0  inn=0.00  NIS=0.00␍␊
---␍␊
[CATCHUP] AHEAD: kalTs=0:17223000 > targetTs=0:15596309  diff=1626691us  rewind=0 hiber=0␍␊
[CATCHUP] AHEAD: kalTs=0:17223000 > targetTs=0:15645923  diff=1577077us  rewind=0 hiber=0␍␊
[CATCHUP] AHEAD: kalTs=0:17223000 > targetTs=0:15696518  diff=1526482us  rewind=0 hiber=0␍␊
[CATCHUP] AHEAD: kalTs=0:17223000 > targetTs=0:15746128  diff=1476872us  rewind=0 hiber=0␍␊
[KAL] FSM=BURN   Rail(p=  -1.7 r=  +0.1)  ESKF(p=  +0.0 r=  +0.0 y=  +0.0)  alt=-0.0m vD=+0.0␍␊
[KAL] hlth=0x1E  loop=107us(max 879)  mainLoop=51us(max 1913)  NIS=0.0  hiNIS=0  yields=0␍␊
[KAL] IMU=85665  baro=809  gps=0  imuDrop=8139  baroDrop=0  evtDrop=0  imuBuf=3200  baroBuf=36  evtBuf=1  rwd=1  drained=1␍␊
[KAL] ring_hwm=[128,0,0]  gate=OPEN  grnd=OK  hdg=NO␍␊
[KAL] raw: ax=  -0.31 ay=  -0.11 az=  -9.76  gx=+0.006 gy=+0.002 gz=+0.002  |a|=9.76  P=86521Pa T=27.3C␍␊
[KAL] gyroBias: -0.00000 +0.00000 +0.00000 (rad/s)␍␊
[KAL] fifoHdr: 0x78=85849  0xF0=0  other=0  imuFlags=0x24  imuDrvDrop=8139␍␊
[KAL] catchUp: budget=2000us  last=18us  events=0  dtClamp=0␍␊
[KAL] timing: drain=1us  imuProc=67us  aiding=11us  tick=28us  output=1us␍␊
[KAL] imuBreak: vimu=27370us  post=49519us  n=1278  vimu/s=21us  post/s=38us␍␊
[KAL] Pcov: <0xcf><0x83>p=3.00,3.00,3.00  <0xcf><0x83>v=0.10,0.10,0.10  <0xcf><0x83><0xce><0xb8>=0.010  <0xcf><0x83>ba=0.0000  <0xcf><0x83>bg=0.000000  <0xcf><0x83>bb=1.00␍␊
[KAL] eskf: pN=+0.00 pE=+0.00 pD=+0.00  vN=+0.00 vE=+0.00 vD=+0.00  bBaro=+0.00  aeroBlind=0  inn=0.00  NIS=0.00␍␊
---␍␊
[CATCHUP] AHEAD: kalTs=0:17223000 > targetTs=0:15797650  diff=1425350us  rewind=0 hiber=0␍␊
[CATCHUP] AHEAD: kalTs=0:17223000 > targetTs=0:15847264  diff=1375736us  rewind=0 hiber=0␍␊
[CATCHUP] AHEAD: kalTs=0:17223000 > targetTs=0:15897958  diff=1325042us  rewind=0 hiber=0␍␊
[CATCHUP] AHEAD: kalTs=0:17223000 > targetTs=0:15948748  diff=1274252us  rewind=0 hiber=0␍␊
[KAL] FSM=BURN   Rail(p=  -1.7 r=  +0.1)  ESKF(p=  +0.0 r=  +0.0 y=  +0.0)  alt=-0.0m vD=+0.0␍␊
[KAL] hlth=0x1E  loop=40us(max 879)  mainLoop=128us(max 1913)  NIS=0.0  hiNIS=0  yields=0␍␊
[KAL] IMU=86951  baro=821  gps=0  imuDrop=9425  baroDrop=0  evtDrop=0  imuBuf=3200  baroBuf=40  evtBuf=1  rwd=1  drained=0␍␊
[KAL] ring_hwm=[128,0,0]  gate=OPEN  grnd=OK  hdg=NO␍␊
[KAL] raw: ax=  -0.35 ay=  -0.01 az=  -9.49  gx=+0.007 gy=-0.012 gz=-0.008  |a|=9.50  P=95881Pa T=28.5C␍␊
[KAL] gyroBias: -0.00000 +0.00000 +0.00000 (rad/s)␍␊
[KAL] fifoHdr: 0x78=87135  0xF0=0  other=0  imuFlags=0x4  imuDrvDrop=9425␍␊
[KAL] catchUp: budget=2000us  last=18us  events=0  dtClamp=0␍␊
[KAL] timing: drain=1us  imuProc=1us  aiding=10us  tick=27us  output=1us␍␊
[KAL] imuBreak: vimu=27583us  post=49781us  n=1286  vimu/s=21us  post/s=38us␍␊
[KAL] Pcov: <0xcf><0x83>p=3.00,3.00,3.00  <0xcf><0x83>v=0.10,0.10,0.10  <0xcf><0x83><0xce><0xb8>=0.010  <0xcf><0x83>ba=0.0000  <0xcf><0x83>bg=0.000000  <0xcf><0x83>bb=1.00␍␊
[KAL] eskf: pN=+0.00 pE=+0.00 pD=+0.00  vN=+0.00 vE=+0.00 vD=+0.00  bBaro=+0.00  aeroBlind=0  inn=0.00  NIS=0.00␍␊
---␍␊
[CATCHUP] AHEAD: kalTs=0:17223000 > targetTs=0:16000290  diff=1222710us  rewind=0 hiber=0␍␊
[CATCHUP] AHEAD: kalTs=0:17223000 > targetTs=0:16050025  diff=1172975us  rewind=0 hiber=0␍␊
[CATCHUP] AHEAD: kalTs=0:17223000 > targetTs=0:16099693  diff=1123307us  rewind=0 hiber=0␍␊
[CATCHUP] AHEAD: kalTs=0:17223000 > targetTs=0:16149304  diff=1073696us  rewind=0 hiber=0␍␊
[KAL] FSM=BURN   Rail(p=  -1.7 r=  +0.1)  ESKF(p=  +0.0 r=  +0.0 y=  +0.0)  alt=-0.0m vD=+0.0␍␊
[KAL] hlth=0x1E  loop=107us(max 879)  mainLoop=50us(max 1913)  NIS=0.0  hiNIS=0  yields=0␍␊
[KAL] IMU=88224  baro=833  gps=0  imuDrop=10698  baroDrop=0  evtDrop=0  imuBuf=3200  baroBuf=44  evtBuf=1  rwd=1  drained=1␍␊
[KAL] ring_hwm=[128,0,0]  gate=OPEN  grnd=OK  hdg=NO␍␊
[KAL] raw: ax=  -0.27 ay=  -0.08 az=  -9.59  gx=-0.002 gy=-0.008 gz=-0.000  |a|=9.59  P=86849Pa T=28.9C␍␊
[KAL] gyroBias: -0.00000 +0.00000 +0.00000 (rad/s)␍␊
[KAL] fifoHdr: 0x78=88408  0xF0=0  other=0  imuFlags=0x4  imuDrvDrop=10698␍␊
[KAL] catchUp: budget=2000us  last=18us  events=0  dtClamp=0␍␊
[KAL] timing: drain=1us  imuProc=67us  aiding=11us  tick=28us  output=1us␍␊
[KAL] imuBreak: vimu=27270us  post=49279us  n=1273  vimu/s=21us  post/s=38us␍␊
[KAL] Pcov: <0xcf><0x83>p=3.00,3.00,3.00  <0xcf><0x83>v=0.10,0.10,0.10  <0xcf><0x83><0xce><0xb8>=0.010  <0xcf><0x83>ba=0.0000  <0xcf><0x83>bg=0.000000  <0xcf><0x83>bb=1.00␍␊
[KAL] eskf: pN=+0.00 pE=+0.00 pD=+0.00  vN=+0.00 vE=+0.00 vD=+0.00  bBaro=+0.00  aeroBlind=0  inn=0.00  NIS=0.00␍␊
---␍␊
[CATCHUP] AHEAD: kalTs=0:17223000 > targetTs=0:16200700  diff=1022300us  rewind=0 hiber=0␍␊
[CATCHUP] AHEAD: kalTs=0:17223000 > targetTs=0:16251405  diff=971595us  rewind=0 hiber=0␍␊
[CATCHUP] AHEAD: kalTs=0:17223000 > targetTs=0:16301028  diff=921972us  rewind=0 hiber=0␍␊
[CATCHUP] AHEAD: kalTs=0:17223000 > targetTs=0:16350669  diff=872331us  rewind=0 hiber=0␍␊
[KAL] FSM=BURN   Rail(p=  -1.7 r=  +0.1)  ESKF(p=  +0.0 r=  +0.0 y=  +0.0)  alt=-0.0m vD=+0.0␍␊
[KAL] hlth=0x1E  loop=107us(max 879)  mainLoop=50us(max 1913)  NIS=0.0  hiNIS=0  yields=0␍␊
[KAL] IMU=89502  baro=845  gps=0  imuDrop=11976  baroDrop=0  evtDrop=0  imuBuf=3200  baroBuf=48  evtBuf=1  rwd=1  drained=1␍␊
[KAL] ring_hwm=[128,0,0]  gate=OPEN  grnd=OK  hdg=NO␍␊
[KAL] raw: ax=  -0.21 ay=  +0.04 az=  -9.63  gx=-0.004 gy=+0.003 gz=-0.005  |a|=9.63  P=86849Pa T=28.9C␍␊
[KAL] gyroBias: -0.00000 +0.00000 +0.00000 (rad/s)␍␊
[KAL] fifoHdr: 0x78=89686  0xF0=0  other=0  imuFlags=0x4  imuDrvDrop=11976␍␊
[KAL] catchUp: budget=2000us  last=18us  events=0  dtClamp=0␍␊
[KAL] timing: drain=1us  imuProc=67us  aiding=11us  tick=28us  output=1us␍␊
[KAL] imuBreak: vimu=27406us  post=49503us  n=1278  vimu/s=21us  post/s=38us␍␊
[KAL] Pcov: <0xcf><0x83>p=3.00,3.00,3.00  <0xcf><0x83>v=0.10,0.10,0.10  <0xcf><0x83><0xce><0xb8>=0.010  <0xcf><0x83>ba=0.0000  <0xcf><0x83>bg=0.000000  <0xcf><0x83>bb=1.00␍␊
[KAL] eskf: pN=+0.00 pE=+0.00 pD=+0.00  vN=+0.00 vE=+0.00 vD=+0.00  bBaro=+0.00  aeroBlind=0  inn=0.00  NIS=0.00␍␊
---␍␊
[CATCHUP] AHEAD: kalTs=0:17223000 > targetTs=0:16402496  diff=820504us  rewind=0 hiber=0␍␊
[CATCHUP] AHEAD: kalTs=0:17223000 > targetTs=0:16452123  diff=770877us  rewind=0 hiber=0␍␊
[CATCHUP] AHEAD: kalTs=0:17223000 > targetTs=0:16501753  diff=721247us  rewind=0 hiber=0␍␊
[CATCHUP] AHEAD: kalTs=0:17223000 > targetTs=0:16551542  diff=671458us  rewind=0 hiber=0␍␊
[KAL] FSM=BURN   Rail(p=  -1.7 r=  +0.1)  ESKF(p=  +0.0 r=  +0.0 y=  +0.0)  alt=-0.0m vD=+0.0␍␊
[KAL] hlth=0x1E  loop=107us(max 879)  mainLoop=50us(max 1913)  NIS=0.0  hiNIS=0  yields=0␍␊
[KAL] IMU=90777  baro=857  gps=0  imuDrop=13251  baroDrop=2  evtDrop=0  imuBuf=3200  baroBuf=50  evtBuf=1  rwd=1  drained=1␍␊
[KAL] ring_hwm=[128,0,0]  gate=OPEN  grnd=OK  hdg=NO␍␊
[KAL] raw: ax=  -0.22 ay=  -0.08 az=  -9.57  gx=+0.003 gy=-0.003 gz=-0.005  |a|=9.57  P=86849Pa T=28.9C␍␊
[KAL] gyroBias: -0.00000 +0.00000 +0.00000 (rad/s)␍␊
[KAL] fifoHdr: 0x78=90961  0xF0=0  other=0  imuFlags=0x4  imuDrvDrop=13251␍␊
[KAL] catchUp: budget=2000us  last=18us  events=0  dtClamp=0␍␊
[KAL] timing: drain=1us  imuProc=67us  aiding=11us  tick=28us  output=1us␍␊
[KAL] imuBreak: vimu=27341us  post=49387us  n=1275  vimu/s=21us  post/s=38us␍␊
[KAL] Pcov: <0xcf><0x83>p=3.00,3.00,3.00  <0xcf><0x83>v=0.10,0.10,0.10  <0xcf><0x83><0xce><0xb8>=0.010  <0xcf><0x83>ba=0.0000  <0xcf><0x83>bg=0.000000  <0xcf><0x83>bb=1.00␍␊
[KAL] eskf: pN=+0.00 pE=+0.00 pD=+0.00  vN=+0.00 vE=+0.00 vD=+0.00  bBaro=+0.00  aeroBlind=0  inn=0.00  NIS=0.00␍␊
---␍␊
[CATCHUP] AHEAD: kalTs=0:17223000 > targetTs=0:16602918  diff=620082us  rewind=0 hiber=0␍␊
[CATCHUP] AHEAD: kalTs=0:17223000 > targetTs=0:16652547  diff=570453us  rewind=0 hiber=0␍␊
[CATCHUP] AHEAD: kalTs=0:17223000 > targetTs=0:16702172  diff=520828us  rewind=0 hiber=0␍␊
[CATCHUP] AHEAD: kalTs=0:17223000 > targetTs=0:16751910  diff=471090us  rewind=0 hiber=0␍␊
[KAL] FSM=BURN   Rail(p=  -1.7 r=  +0.1)  ESKF(p=  +0.0 r=  +0.0 y=  +0.0)  alt=-0.0m vD=+0.0␍␊
[KAL] hlth=0x1E  loop=106us(max 879)  mainLoop=127us(max 1913)  NIS=0.0  hiNIS=0  yields=0␍␊
[KAL] IMU=92049  baro=869  gps=0  imuDrop=14523  baroDrop=6  evtDrop=0  imuBuf=3200  baroBuf=50  evtBuf=1  rwd=1  drained=1␍␊
[KAL] ring_hwm=[128,0,0]  gate=OPEN  grnd=OK  hdg=NO␍␊
[KAL] raw: ax=  -0.28 ay=  -0.00 az=  -9.60  gx=-0.004 gy=-0.007 gz=+0.009  |a|=9.61  P=86849Pa T=28.9C␍␊
[KAL] gyroBias: -0.00000 +0.00000 +0.00000 (rad/s)␍␊
[KAL] fifoHdr: 0x78=92233  0xF0=0  other=0  imuFlags=0x24  imuDrvDrop=14523␍␊
[KAL] catchUp: budget=2000us  last=19us  events=0  dtClamp=0␍␊
[KAL] timing: drain=1us  imuProc=67us  aiding=11us  tick=27us  output=1us␍␊
[KAL] imuBreak: vimu=27273us  post=49250us  n=1272  vimu/s=21us  post/s=38us␍␊
[KAL] Pcov: <0xcf><0x83>p=3.00,3.00,3.00  <0xcf><0x83>v=0.10,0.10,0.10  <0xcf><0x83><0xce><0xb8>=0.010  <0xcf><0x83>ba=0.0000  <0xcf><0x83>bg=0.000000  <0xcf><0x83>bb=1.00␍␊
[KAL] eskf: pN=+0.00 pE=+0.00 pD=+0.00  vN=+0.00 vE=+0.00 vD=+0.00  bBaro=+0.00  aeroBlind=0  inn=0.00  NIS=0.00␍␊
---␍␊
[CATCHUP] AHEAD: kalTs=0:17223000 > targetTs=0:16803306  diff=419694us  rewind=0 hiber=0␍␊
[CATCHUP] AHEAD: kalTs=0:17223000 > targetTs=0:16852917  diff=370083us  rewind=0 hiber=0␍␊
[CATCHUP] AHEAD: kalTs=0:17223000 > targetTs=0:16902872  diff=320128us  rewind=0 hiber=0␍␊
[CATCHUP] AHEAD: kalTs=0:17223000 > targetTs=0:16952510  diff=270490us  rewind=0 hiber=0␍␊
[KAL] FSM=BURN   Rail(p=  -1.7 r=  +0.1)  ESKF(p=  +0.0 r=  +0.0 y=  +0.0)  alt=-0.0m vD=+0.0␍␊
[KAL] hlth=0x1E  loop=39us(max 879)  mainLoop=128us(max 1913)  NIS=0.0  hiNIS=0  yields=0␍␊
[KAL] IMU=93322  baro=881  gps=0  imuDrop=15796  baroDrop=10  evtDrop=0  imuBuf=3200  baroBuf=50  evtBuf=1  rwd=1  drained=0␍␊
[KAL] ring_hwm=[128,0,0]  gate=OPEN  grnd=OK  hdg=NO␍␊
[KAL] raw: ax=  -0.25 ay=  -0.01 az=  -9.57  gx=-0.001 gy=-0.011 gz=+0.008  |a|=9.57  P=95895Pa T=29.0C␍␊
[KAL] gyroBias: -0.00000 +0.00000 +0.00000 (rad/s)␍␊
[KAL] fifoHdr: 0x78=93506  0xF0=0  other=0  imuFlags=0x4  imuDrvDrop=15796␍␊
[KAL] catchUp: budget=2000us  last=19us  events=0  dtClamp=0␍␊
[KAL] timing: drain=1us  imuProc=0us  aiding=11us  tick=27us  output=1us␍␊
[KAL] imuBreak: vimu=27306us  post=49288us  n=1273  vimu/s=21us  post/s=38us␍␊
[KAL] Pcov: <0xcf><0x83>p=3.00,3.00,3.00  <0xcf><0x83>v=0.10,0.10,0.10  <0xcf><0x83><0xce><0xb8>=0.010  <0xcf><0x83>ba=0.0000  <0xcf><0x83>bg=0.000000  <0xcf><0x83>bb=1.00␍␊
[KAL] eskf: pN=+0.00 pE=+0.00 pD=+0.00  vN=+0.00 vE=+0.00 vD=+0.00  bBaro=+0.00  aeroBlind=0  inn=0.00  NIS=0.00␍␊
---␍␊
[CATCHUP] AHEAD: kalTs=0:17223000 > targetTs=0:17004165  diff=218835us  rewind=0 hiber=0␍␊
[CATCHUP] AHEAD: kalTs=0:17223000 > targetTs=0:17053768  diff=169232us  rewind=0 hiber=0␍␊
[CATCHUP] AHEAD: kalTs=0:17223000 > targetTs=0:17103515  diff=119485us  rewind=0 hiber=0␍␊
[CATCHUP] AHEAD: kalTs=0:17223000 > targetTs=0:17153055  diff=69945us  rewind=0 hiber=0␍␊
[KAL] FSM=BURN   Rail(p=  -1.7 r=  +0.1)  ESKF(p=  +0.0 r=  +0.0 y=  +0.0)  alt=-0.0m vD=+0.0␍␊
[KAL] hlth=0x1E  loop=40us(max 879)  mainLoop=127us(max 1913)  NIS=0.0  hiNIS=0  yields=0␍␊
[KAL] IMU=94595  baro=893  gps=0  imuDrop=17069  baroDrop=14  evtDrop=0  imuBuf=3200  baroBuf=50  evtBuf=1  rwd=1  drained=0␍␊
[KAL] ring_hwm=[128,0,0]  gate=OPEN  grnd=OK  hdg=NO␍␊
[KAL] raw: ax=  -0.23 ay=  -0.04 az=  -9.56  gx=+0.003 gy=-0.001 gz=+0.002  |a|=9.57  P=86849Pa T=28.9C␍␊
[KAL] gyroBias: -0.00000 +0.00000 +0.00000 (rad/s)␍␊
[KAL] fifoHdr: 0x78=94779  0xF0=0  other=0  imuFlags=0x4  imuDrvDrop=17069␍␊
[KAL] catchUp: budget=2000us  last=18us  events=0  dtClamp=0␍␊
[KAL] timing: drain=1us  imuProc=1us  aiding=11us  tick=26us  output=1us␍␊
[KAL] imuBreak: vimu=27290us  post=49302us  n=1273  vimu/s=21us  post/s=38us␍␊
[KAL] Pcov: <0xcf><0x83>p=3.00,3.00,3.00  <0xcf><0x83>v=0.10,0.10,0.10  <0xcf><0x83><0xce><0xb8>=0.010  <0xcf><0x83>ba=0.0000  <0xcf><0x83>bg=0.000000  <0xcf><0x83>bb=1.00␍␊
[KAL] eskf: pN=+0.00 pE=+0.00 pD=+0.00  vN=+0.00 vE=+0.00 vD=+0.00  bBaro=+0.00  aeroBlind=0  inn=0.00  NIS=0.00␍␊
---␍␊
[CATCHUP] AHEAD: kalTs=0:17223000 > targetTs=0:17204670  diff=18330us  rewind=0 hiber=0␍␊
[CATCHUP] future: earliest=0:17586546 target=0:17585323 kalTs=0:17584135 imuRdIdx=3023 imuCnt=3200␍␊
[CATCHUP] future: earliest=0:17643430 target=0:17643109 kalTs=0:17641003 imuRdIdx=2987 imuCnt=3200␍␊
[KAL] FSM=BURN   Rail(p=  -1.7 r=  +0.1)  ESKF(p=  -1.6 r=  +0.2 y=  -0.0)  alt=-0.3m vD=+0.1␍␊
[KAL] hlth=0x1E  loop=24us(max 2437)  mainLoop=95us(max 2630)  NIS=0.0  hiNIS=0  yields=130␍␊
[KAL] IMU=97911  baro=923  gps=0  imuDrop=17514  baroDrop=73  evtDrop=0  imuBuf=3200  baroBuf=5  evtBuf=1  rwd=1  drained=0␍␊
[KAL] ring_hwm=[128,0,0]  gate=OPEN  grnd=OK  hdg=NO␍␊
[KAL] raw: ax=  -0.34 ay=  +0.03 az=  -9.67  gx=+0.002 gy=-0.001 gz=+0.001  |a|=9.68  P=86849Pa T=28.9C␍␊
[KAL] gyroBias: -0.00000 +0.00000 +0.00000 (rad/s)␍␊
[KAL] fifoHdr: 0x78=98095  0xF0=0  other=0  imuFlags=0x4  imuDrvDrop=17514␍␊
[KAL] catchUp: budget=2000us  last=1us  events=0  dtClamp=0␍␊
[KAL] timing: drain=1us  imuProc=1us  aiding=10us  tick=12us  output=1us␍␊
[KAL] imuBreak: vimu=63031us  post=26289us  n=3316  vimu/s=19us  post/s=7us␍␊
[KAL] Pcov: <0xcf><0x83>p=2.20,2.20,0.74  <0xcf><0x83>v=0.92,0.92,0.23  <0xcf><0x83><0xce><0xb8>=0.025  <0xcf><0x83>ba=0.0000  <0xcf><0x83>bg=0.001000  <0xcf><0x83>bb=0.10␍␊
[KAL] eskf: pN=-0.09 pE=+0.12 pD=+0.25  vN=-0.04 vE=+0.05 vD=+0.09  bBaro=+1312.42  aeroBlind=0  inn=0.00  NIS=0.00␍␊
---␍␊
[CATCHUP] future: earliest=0:17704887 target=0:17704351 kalTs=0:17702545 imuRdIdx=2964 imuCnt=3200␍␊
[CATCHUP] future: earliest=0:17779001 target=0:17776636 kalTs=0:17776421 imuRdIdx=3082 imuCnt=3200␍␊
[CATCHUP] future: earliest=0:17836836 target=0:17835218 kalTs=0:17834414 imuRdIdx=3053 imuCnt=3200␍␊
[CATCHUP] future: earliest=0:17894017 target=0:17892291 kalTs=0:17891607 imuRdIdx=3012 imuCnt=3200␍␊
[KAL] FSM=BURN   Rail(p=  -1.7 r=  +0.1)  ESKF(p=  -1.6 r=  +0.2 y=  -0.1)  alt=-0.4m vD=+0.1␍␊
[KAL] hlth=0x1E  loop=25us(max 2437)  mainLoop=95us(max 2630)  NIS=0.0  hiNIS=0  yields=150␍␊
[KAL] IMU=99385  baro=938  gps=0  imuDrop=17514  baroDrop=78  evtDrop=0  imuBuf=3200  baroBuf=10  evtBuf=1  rwd=1  drained=0␍␊
[KAL] ring_hwm=[128,0,0]  gate=OPEN  grnd=OK  hdg=NO␍␊
[KAL] raw: ax=  -0.25 ay=  -0.06 az=  -9.65  gx=+0.003 gy=+0.003 gz=-0.009  |a|=9.65  P=86849Pa T=28.9C␍␊
[KAL] gyroBias: -0.00000 +0.00000 +0.00000 (rad/s)␍␊
[KAL] fifoHdr: 0x78=99569  0xF0=0  other=1  imuFlags=0x14  imuDrvDrop=17514␍␊
[KAL] catchUp: budget=2000us  last=1us  events=0  dtClamp=0␍␊
[KAL] timing: drain=1us  imuProc=1us  aiding=11us  tick=11us  output=1us␍␊
[KAL] imuBreak: vimu=30265us  post=5893us  n=1474  vimu/s=20us  post/s=3us␍␊
[KAL] Pcov: <0xcf><0x83>p=3.60,3.60,1.03  <0xcf><0x83>v=1.23,1.23,0.26  <0xcf><0x83><0xce><0xb8>=0.028  <0xcf><0x83>ba=0.0000  <0xcf><0x83>bg=0.001000  <0xcf><0x83>bb=0.10␍␊
[KAL] eskf: pN=-0.16 pE=+0.20 pD=+0.38  vN=-0.07 vE=+0.07 vD=+0.11  bBaro=+1312.42  aeroBlind=0  inn=0.00  NIS=0.00␍␊
---␍␊
[CATCHUP] future: earliest=0:17951959 target=0:17950790 kalTs=0:17949455 imuRdIdx=2971 imuCnt=3200␍␊
[CATCHUP] future: earliest=0:18025883 target=0:18025380 kalTs=0:18023550 imuRdIdx=3110 imuCnt=3200␍␊
[CATCHUP] future: earliest=0:18083012 target=0:18081962 kalTs=0:18080382 imuRdIdx=3071 imuCnt=3200␍␊
[KAL] baroFuse: meas=+1293.51m  eskfAlt=+1311.87m  inn=-18.36m  pD=+0.54  bBaro=+1312.42␍␊
[CATCHUP] future: earliest=0:18140779 target=0:18139639 kalTs=0:18138468 imuRdIdx=3037 imuCnt=3200␍␊
[KAL] FSM=BURN   Rail(p=  -1.7 r=  +0.1)  ESKF(p=  -1.6 r=  +0.2 y=  -0.1)  alt=-6.3m vD=+1.2␍␊
[KAL] hlth=0x1E  loop=58us(max 2437)  mainLoop=181us(max 2630)  NIS=57.8  hiNIS=0  yields=175␍␊
[KAL] IMU=100932  baro=953  gps=0  imuDrop=17514  baroDrop=83  evtDrop=0  imuBuf=3200  baroBuf=15  evtBuf=1  rwd=1  drained=1␍␊
[KAL] ring_hwm=[128,0,0]  gate=OPEN  grnd=OK  hdg=NO␍␊
[KAL] raw: ax=  -0.34 ay=  -0.01 az=  -9.58  gx=+0.001 gy=+0.001 gz=-0.004  |a|=9.59  P=95901Pa T=29.1C␍␊
[KAL] gyroBias: -0.00000 +0.00000 +0.00000 (rad/s)␍␊
[KAL] fifoHdr: 0x78=101116  0xF0=0  other=2  imuFlags=0x14  imuDrvDrop=17514␍␊
[KAL] catchUp: budget=2000us  last=1us  events=0  dtClamp=0␍␊
[KAL] timing: drain=2us  imuProc=32us  aiding=11us  tick=13us  output=1us␍␊
[KAL] imuBreak: vimu=31469us  post=6073us  n=1547  vimu/s=20us  post/s=3us␍␊
[KAL] Pcov: <0xcf><0x83>p=5.51,5.51,1.13  <0xcf><0x83>v=1.58,1.58,0.25  <0xcf><0x83><0xce><0xb8>=0.030  <0xcf><0x83>ba=0.0000  <0xcf><0x83>bg=0.001000  <0xcf><0x83>bb=0.10␍␊
[KAL] eskf: pN=-0.37 pE=+0.40 pD=+6.33  vN=-0.12 vE=+0.12 vD=+1.17  bBaro=+1312.38  aeroBlind=0  inn=0.00  NIS=57.81␍␊
---␍␊
[KAL] baroFuse: meas=+1281.40m  eskfAlt=+1305.79m  inn=-24.39m  pD=+6.59  bBaro=+1312.38␍␊
[CATCHUP] future: earliest=0:18198278 target=0:18197583 kalTs=0:18195842 imuRdIdx=2989 imuCnt=3200␍␊
[KAL] baroFuse: meas=+1281.40m  eskfAlt=+1299.47m  inn=-18.08m  pD=+12.88  bBaro=+1312.35␍␊
[CATCHUP] exhausted: kalTs=0:18246027 targetTs=0:18246664 imuRdIdx=3200 imuCnt=3200 imuHead=2331␍␊
[CATCHUP] exhausted: kalTs=0:18282294 targetTs=0:18283323 imuRdIdx=3200 imuCnt=3200 imuHead=2564␍␊
[KAL] baroFuse: meas=+1281.40m  eskfAlt=+1299.47m  inn=-18.08m  pD=+12.88  bBaro=+1312.35␍␊
[KAL] FSM=BURN   Rail(p=  -1.7 r=  +0.1)  ESKF(p=  -1.5 r=  +0.3 y=  -0.1)  alt=-12.9m vD=+2.3␍␊
[KAL] hlth=0x17  loop=59us(max 2437)  mainLoop=51us(max 2630)  NIS=110.4  hiNIS=10  yields=180␍␊
[KAL] IMU=101991  baro=962  gps=0  imuDrop=17514  baroDrop=83  evtDrop=0  imuBuf=3200  baroBuf=18  evtBuf=1  rwd=1  drained=1␍␊
[KAL] ring_hwm=[128,0,0]  gate=OPEN  grnd=OK  hdg=NO␍␊
[KAL] raw: ax=  -0.23 ay=  +0.03 az=  -9.57  gx=+0.001 gy=+0.003 gz=+0.001  |a|=9.58  P=86849Pa T=28.9C␍␊
[KAL] gyroBias: -0.00000 +0.00000 +0.00000 (rad/s)␍␊
[KAL] fifoHdr: 0x78=102175  0xF0=0  other=2  imuFlags=0x34  imuDrvDrop=17514␍␊
[KAL] catchUp: budget=2000us  last=3us  events=1  dtClamp=0␍␊
[KAL] timing: drain=1us  imuProc=33us  aiding=11us  tick=13us  output=2us␍␊
[KAL] imuBreak: vimu=22599us  post=4604us  n=1059  vimu/s=21us  post/s=4us␍␊
[KAL] Pcov: <0xcf><0x83>p=5.90,5.90,1.02  <0xcf><0x83>v=1.64,1.64,0.23  <0xcf><0x83><0xce><0xb8>=0.031  <0xcf><0x83>ba=0.0000  <0xcf><0x83>bg=0.001000  <0xcf><0x83>bb=0.10␍␊
[KAL] eskf: pN=-0.50 pE=+0.53 pD=+12.88  vN=-0.16 vE=+0.16 vD=+2.29  bBaro=+1312.35  aeroBlind=0  inn=0.00  NIS=110.38␍␊
---␍␊
[CATCHUP] exhausted: kalTs=0:18324670 targetTs=0:18325503 imuRdIdx=3200 imuCnt=3200 imuHead=2832␍␊
[KAL] baroFuse: meas=+1281.40m  eskfAlt=+1299.47m  inn=-18.08m  pD=+12.88  bBaro=+1312.35␍␊
[CATCHUP] exhausted: kalTs=0:18361546 targetTs=0:18362429 imuRdIdx=3200 imuCnt=3200 imuHead=3066␍␊
[KAL] baroFuse: meas=+1281.40m  eskfAlt=+1299.47m  inn=-18.08m  pD=+12.88  bBaro=+1312.35␍␊
[CATCHUP] exhausted: kalTs=0:18398529 targetTs=0:18399257 imuRdIdx=3200 imuCnt=3200 imuHead=100␍␊
[CATCHUP] exhausted: kalTs=0:18435235 targetTs=0:18435871 imuRdIdx=3200 imuCnt=3200 imuHead=332␍␊
[KAL] baroFuse: meas=+1281.40m  eskfAlt=+1299.47m  inn=-18.08m  pD=+12.88  bBaro=+1312.35␍␊
[KAL] FSM=BURN   Rail(p=  -1.7 r=  +0.1)  ESKF(p=  -1.5 r=  +0.3 y=  -0.1)  alt=-12.9m vD=+2.3␍␊
[KAL] hlth=0x17  loop=59us(max 2437)  mainLoop=52us(max 2630)  NIS=110.4  hiNIS=10  yields=180␍␊
[KAL] IMU=102933  baro=971  gps=0  imuDrop=17514  baroDrop=83  evtDrop=0  imuBuf=3200  baroBuf=21  evtBuf=1  rwd=1  drained=1␍␊
[KAL] ring_hwm=[128,0,0]  gate=OPEN  grnd=OK  hdg=NO␍␊
[KAL] raw: ax=  -0.31 ay=  -0.04 az=  -9.62  gx=-0.007 gy=-0.002 gz=+0.000  |a|=9.62  P=86849Pa T=28.9C␍␊
[KAL] gyroBias: -0.00000 +0.00000 +0.00000 (rad/s)␍␊
[KAL] fifoHdr: 0x78=103117  0xF0=0  other=2  imuFlags=0x14  imuDrvDrop=17514␍␊
[KAL] catchUp: budget=2000us  last=3us  events=1  dtClamp=0␍␊
[KAL] timing: drain=1us  imuProc=33us  aiding=11us  tick=13us  output=1us␍␊
[KAL] imuBreak: vimu=20508us  post=4292us  n=942  vimu/s=21us  post/s=4us␍␊
[KAL] Pcov: <0xcf><0x83>p=5.90,5.90,1.02  <0xcf><0x83>v=1.64,1.64,0.23  <0xcf><0x83><0xce><0xb8>=0.031  <0xcf><0x83>ba=0.0000  <0xcf><0x83>bg=0.001000  <0xcf><0x83>bb=0.10␍␊
[KAL] eskf: pN=-0.50 pE=+0.53 pD=+12.88  vN=-0.16 vE=+0.16 vD=+2.29  bBaro=+1312.35  aeroBlind=0  inn=0.00  NIS=110.38␍␊
---␍␊
[CATCHUP] exhausted: kalTs=0:18480641 targetTs=0:18481170 imuRdIdx=3200 imuCnt=3200 imuHead=620␍␊
[KAL] baroFuse: meas=+1281.40m  eskfAlt=+1299.47m  inn=-18.08m  pD=+12.88  bBaro=+1312.35␍␊
[CATCHUP] exhausted: kalTs=0:18517181 targetTs=0:18518209 imuRdIdx=3200 imuCnt=3200 imuHead=855␍␊
[KAL] baroFuse: meas=+1281.40m  eskfAlt=+1299.47m  inn=-18.08m  pD=+12.88  bBaro=+1312.35␍␊
[CATCHUP] exhausted: kalTs=0:18554021 targetTs=0:18555050 imuRdIdx=3200 imuCnt=3200 imuHead=1089␍␊
[KAL] baroFuse: meas=+1281.40m  eskfAlt=+1299.47m  inn=-18.08m  pD=+12.88  bBaro=+1312.35␍␊
[CATCHUP] exhausted: kalTs=0:18591392 targetTs=0:18591987 imuRdIdx=3200 imuCnt=3200 imuHead=1323␍␊
[KAL] FSM=BURN   Rail(p=  -1.7 r=  +0.1)  ESKF(p=  -1.5 r=  +0.3 y=  -0.1)  alt=-12.9m vD=+2.3␍␊
[KAL] hlth=0x17  loop=22us(max 2437)  mainLoop=52us(max 2630)  NIS=110.4  hiNIS=10  yields=180␍␊
[KAL] IMU=103877  baro=980  gps=0  imuDrop=17514  baroDrop=83  evtDrop=0  imuBuf=3200  baroBuf=24  evtBuf=1  rwd=1  drained=0␍␊
[KAL] ring_hwm=[128,0,0]  gate=OPEN  grnd=OK  hdg=NO␍␊
[KAL] raw: ax=  -0.32 ay=  +0.03 az=  -9.62  gx=+0.008 gy=+0.002 gz=-0.003  |a|=9.63  P=86849Pa T=28.9C␍␊
[KAL] gyroBias: -0.00000 +0.00000 +0.00000 (rad/s)␍␊
[KAL] fifoHdr: 0x78=104061  0xF0=0  other=2  imuFlags=0x14  imuDrvDrop=17514␍␊
[KAL] catchUp: budget=2000us  last=1us  events=0  dtClamp=0␍␊
[KAL] timing: drain=1us  imuProc=0us  aiding=11us  tick=10us  output=1us␍␊
[KAL] imuBreak: vimu=20574us  post=4256us  n=944  vimu/s=21us  post/s=4us␍␊
[KAL] Pcov: <0xcf><0x83>p=5.90,5.90,1.02  <0xcf><0x83>v=1.64,1.64,0.23  <0xcf><0x83><0xce><0xb8>=0.031  <0xcf><0x83>ba=0.0000  <0xcf><0x83>bg=0.001000  <0xcf><0x83>bb=0.10␍␊
[KAL] eskf: pN=-0.50 pE=+0.53 pD=+12.88  vN=-0.16 vE=+0.16 vD=+2.29  bBaro=+1312.35  aeroBlind=0  inn=0.00  NIS=110.38␍␊
---␍␊
[CATCHUP] exhausted: kalTs=0:18636931 targetTs=0:18637759 imuRdIdx=3200 imuCnt=3200 imuHead=1614␍␊
[KAL] baroFuse: meas=+1281.40m  eskfAlt=+1299.47m  inn=-18.08m  pD=+12.88  bBaro=+1312.35␍␊
[CATCHUP] exhausted: kalTs=0:18673453 targetTs=0:18674536 imuRdIdx=3200 imuCnt=3200 imuHead=1847␍␊
[KAL] baroFuse: meas=+1281.40m  eskfAlt=+1299.47m  inn=-18.08m  pD=+12.88  bBaro=+1312.35␍␊
[CATCHUP] exhausted: kalTs=0:18711274 targetTs=0:18712209 imuRdIdx=3200 imuCnt=3200 imuHead=2086␍␊
[KAL] baroFuse: meas=+1281.40m  eskfAlt=+1299.47m  inn=-18.08m  pD=+12.88  bBaro=+1312.35␍␊
[CATCHUP] exhausted: kalTs=0:18748477 targetTs=0:18749067 imuRdIdx=3200 imuCnt=3200 imuHead=2320␍␊
[KAL] FSM=BURN   Rail(p=  -1.7 r=  +0.1)  ESKF(p=  -1.5 r=  +0.3 y=  -0.1)  alt=-12.9m vD=+2.3␍␊
[KAL] hlth=0x17  loop=23us(max 2437)  mainLoop=96us(max 2630)  NIS=110.4  hiNIS=10  yields=180␍␊
[KAL] IMU=104824  baro=989  gps=0  imuDrop=17514  baroDrop=83  evtDrop=0  imuBuf=3200  baroBuf=27  evtBuf=1  rwd=1  drained=0␍␊
[KAL] ring_hwm=[128,0,0]  gate=OPEN  grnd=OK  hdg=NO␍␊
[KAL] raw: ax=  -0.27 ay=  -0.08 az=  -9.65  gx=+0.001 gy=-0.004 gz=+0.002  |a|=9.65  P=86849Pa T=28.9C␍␊
[KAL] gyroBias: -0.00000 +0.00000 +0.00000 (rad/s)␍␊
[KAL] fifoHdr: 0x78=105008  0xF0=0  other=3  imuFlags=0x14  imuDrvDrop=17514␍␊
[KAL] catchUp: budget=2000us  last=0us  events=0  dtClamp=0␍␊
[KAL] timing: drain=1us  imuProc=0us  aiding=11us  tick=10us  output=1us␍␊
[KAL] imuBreak: vimu=20613us  post=4318us  n=947  vimu/s=21us  post/s=4us␍␊
[KAL] Pcov: <0xcf><0x83>p=5.90,5.90,1.02  <0xcf><0x83>v=1.64,1.64,0.23  <0xcf><0x83><0xce><0xb8>=0.031  <0xcf><0x83>ba=0.0000  <0xcf><0x83>bg=0.001000  <0xcf><0x83>bb=0.10␍␊
[KAL] eskf: pN=-0.50 pE=+0.53 pD=+12.88  vN=-0.16 vE=+0.16 vD=+2.29  bBaro=+1312.35  aeroBlind=0  inn=0.00  NIS=110.38␍␊
---␍␊
[CATCHUP] future: earliest=0:18771996 target=0:18771200 kalTs=0:18770697 imuRdIdx=3165 imuCnt=3200␍␊
[KAL] baroFuse: meas=+1281.40m  eskfAlt=+1299.47m  inn=-18.08m  pD=+12.88  bBaro=+1312.35␍␊
[CATCHUP] exhausted: kalTs=0:18792403 targetTs=0:18793432 imuRdIdx=3200 imuCnt=3200 imuHead=2602␍␊
[CATCHUP] exhausted: kalTs=0:18828964 targetTs=0:18830052 imuRdIdx=3200 imuCnt=3200 imuHead=2834␍␊
[KAL] baroFuse: meas=+1281.40m  eskfAlt=+1299.47m  inn=-18.08m  pD=+12.88  bBaro=+1312.35␍␊
[CATCHUP] exhausted: kalTs=0:18866296 targetTs=0:18867176 imuRdIdx=3200 imuCnt=3200 imuHead=3070␍␊
[KAL] baroFuse: meas=+1281.40m  eskfAlt=+1299.47m  inn=-18.08m  pD=+12.88  bBaro=+1312.35␍␊
[CATCHUP] exhausted: kalTs=0:18903483 targetTs=0:18904013 imuRdIdx=3200 imuCnt=3200 imuHead=104␍␊
[KAL] FSM=BURN   Rail(p=  -1.7 r=  +0.1)  ESKF(p=  -1.5 r=  +0.3 y=  -0.1)  alt=-12.9m vD=+2.3␍␊
[KAL] hlth=0x17  loop=59us(max 2437)  mainLoop=52us(max 2630)  NIS=110.4  hiNIS=10  yields=180␍␊
[KAL] IMU=105768  baro=998  gps=0  imuDrop=17514  baroDrop=83  evtDrop=0  imuBuf=3200  baroBuf=30  evtBuf=1  rwd=1  drained=1␍␊
[KAL] ring_hwm=[128,0,0]  gate=OPEN  grnd=OK  hdg=NO␍␊
[KAL] raw: ax=  -0.37 ay=  +0.03 az=  -9.60  gx=+0.004 gy=-0.000 gz=-0.005  |a|=9.60  P=86849Pa T=28.9C␍␊
[KAL] gyroBias: -0.00000 +0.00000 +0.00000 (rad/s)␍␊
[KAL] fifoHdr: 0x78=105952  0xF0=0  other=3  imuFlags=0x14  imuDrvDrop=17514␍␊
[KAL] catchUp: budget=2000us  last=3us  events=1  dtClamp=0␍␊
[KAL] timing: drain=1us  imuProc=33us  aiding=11us  tick=13us  output=1us␍␊
[KAL] imuBreak: vimu=20547us  post=4306us  n=944  vimu/s=21us  post/s=4us␍␊
[KAL] Pcov: <0xcf><0x83>p=5.90,5.90,1.02  <0xcf><0x83>v=1.64,1.64,0.23  <0xcf><0x83><0xce><0xb8>=0.031  <0xcf><0x83>ba=0.0000  <0xcf><0x83>bg=0.001000  <0xcf><0x83>bb=0.10␍␊
[KAL] eskf: pN=-0.50 pE=+0.53 pD=+12.88  vN=-0.16 vE=+0.16 vD=+2.29  bBaro=+1312.35  aeroBlind=0  inn=0.00  NIS=110.38␍␊
---␍␊
[KAL] baroFuse: meas=+1281.40m  eskfAlt=+1299.47m  inn=-18.08m  pD=+12.88  bBaro=+1312.35␍␊
[CATCHUP] exhausted: kalTs=0:18948560 targetTs=0:18949644 imuRdIdx=3200 imuCnt=3200 imuHead=393␍␊
[CATCHUP] exhausted: kalTs=0:18985268 targetTs=0:18986296 imuRdIdx=3200 imuCnt=3200 imuHead=626␍␊
[KAL] baroFuse: meas=+1281.40m  eskfAlt=+1299.47m  inn=-18.08m  pD=+12.88  bBaro=+1312.35␍␊
[CATCHUP] exhausted: kalTs=0:19022259 targetTs=0:19023194 imuRdIdx=3200 imuCnt=3200 imuHead=860␍␊
[KAL] baroFuse: meas=+1281.40m  eskfAlt=+1299.47m  inn=-18.08m  pD=+12.88  bBaro=+1312.35␍␊
[CATCHUP] exhausted: kalTs=0:19059000 targetTs=0:19060030 imuRdIdx=3200 imuCnt=3200 imuHead=1094␍␊
[KAL] FSM=BURN   Rail(p=  -1.7 r=  +0.1)  ESKF(p=  -1.5 r=  +0.3 y=  -0.1)  alt=-12.9m vD=+2.3␍␊
[KAL] hlth=0x17  loop=63us(max 2437)  mainLoop=52us(max 2630)  NIS=110.4  hiNIS=10  yields=180␍␊
[KAL] IMU=106710  baro=1007  gps=0  imuDrop=17514  baroDrop=83  evtDrop=0  imuBuf=3200  baroBuf=33  evtBuf=1  rwd=1  drained=1␍␊
[KAL] ring_hwm=[128,0,0]  gate=OPEN  grnd=OK  hdg=NO␍␊
[KAL] raw: ax=  -0.30 ay=  +0.01 az=  -9.59  gx=+0.006 gy=+0.001 gz=+0.003  |a|=9.59  P=95890Pa T=29.2C␍␊
[KAL] gyroBias: -0.00000 +0.00000 +0.00000 (rad/s)␍␊
[KAL] fifoHdr: 0x78=106894  0xF0=0  other=4  imuFlags=0x14  imuDrvDrop=17514␍␊
[KAL] catchUp: budget=2000us  last=2us  events=1  dtClamp=0␍␊
[KAL] timing: drain=1us  imuProc=38us  aiding=11us  tick=13us  output=1us␍␊
[KAL] imuBreak: vimu=20487us  post=4307us  n=942  vimu/s=21us  post/s=4us␍␊
[KAL] Pcov: <0xcf><0x83>p=5.90,5.90,1.02  <0xcf><0x83>v=1.64,1.64,0.23  <0xcf><0x83><0xce><0xb8>=0.031  <0xcf><0x83>ba=0.0000  <0xcf><0x83>bg=0.001000  <0xcf><0x83>bb=0.10␍␊
[KAL] eskf: pN=-0.50 pE=+0.53 pD=+12.88  vN=-0.16 vE=+0.16 vD=+2.29  bBaro=+1312.35  aeroBlind=0  inn=0.00  NIS=110.38␍␊
---␍␊
[KAL] baroFuse: meas=+1281.40m  eskfAlt=+1299.47m  inn=-18.08m  pD=+12.88  bBaro=+1312.35␍␊
[CATCHUP] exhausted: kalTs=0:19103118 targetTs=0:19104147 imuRdIdx=3200 imuCnt=3200 imuHead=1374␍␊
[CATCHUP] exhausted: kalTs=0:19139976 targetTs=0:19140760 imuRdIdx=3200 imuCnt=3200 imuHead=1606␍␊
[KAL] baroFuse: meas=+1281.40m  eskfAlt=+1299.47m  inn=-18.08m  pD=+12.88  bBaro=+1312.35␍␊
[CATCHUP] exhausted: kalTs=0:19176675 targetTs=0:19177610 imuRdIdx=3200 imuCnt=3200 imuHead=1840␍␊
[KAL] baroFuse: meas=+1281.40m  eskfAlt=+1299.47m  inn=-18.08m  pD=+12.88  bBaro=+1312.35␍␊
[KAL] FSM=BURN   Rail(p=  -1.7 r=  +0.1)  ESKF(p=  -1.5 r=  +0.3 y=  -0.1)  alt=-12.9m vD=+2.3␍␊
[KAL] hlth=0x17  loop=23us(max 2437)  mainLoop=96us(max 2630)  NIS=110.4  hiNIS=10  yields=180␍␊
[KAL] IMU=107652  baro=1016  gps=0  imuDrop=17514  baroDrop=83  evtDrop=0  imuBuf=3200  baroBuf=36  evtBuf=1  rwd=1  drained=0␍␊
[KAL] ring_hwm=[128,0,0]  gate=OPEN  grnd=OK  hdg=NO␍␊
[KAL] raw: ax=  -0.30 ay=  +0.00 az=  -9.59  gx=-0.007 gy=+0.003 gz=+0.009  |a|=9.59  P=86849Pa T=28.9C␍␊
[KAL] gyroBias: -0.00000 +0.00000 +0.00000 (rad/s)␍␊
[KAL] fifoHdr: 0x78=107836  0xF0=0  other=4  imuFlags=0x14  imuDrvDrop=17514␍␊
[KAL] catchUp: budget=2000us  last=1us  events=0  dtClamp=0␍␊
[KAL] timing: drain=1us  imuProc=1us  aiding=10us  tick=11us  output=1us␍␊
[KAL] imuBreak: vimu=20523us  post=4259us  n=942  vimu/s=21us  post/s=4us␍␊
[KAL] Pcov: <0xcf><0x83>p=5.90,5.90,1.02  <0xcf><0x83>v=1.64,1.64,0.23  <0xcf><0x83><0xce><0xb8>=0.031  <0xcf><0x83>ba=0.0000  <0xcf><0x83>bg=0.001000  <0xcf><0x83>bb=0.10␍␊
[KAL] eskf: pN=-0.50 pE=+0.53 pD=+12.88  vN=-0.16 vE=+0.16 vD=+2.29  bBaro=+1312.35  aeroBlind=0  inn=0.00  NIS=110.38␍␊
---␍␊
[CATCHUP] exhausted: kalTs=0:19221755 targetTs=0:19222633 imuRdIdx=3200 imuCnt=3200 imuHead=2126␍␊
[KAL] baroFuse: meas=+1281.40m  eskfAlt=+1299.47m  inn=-18.08m  pD=+12.88  bBaro=+1312.35␍␊
[CATCHUP] exhausted: kalTs=0:19258479 targetTs=0:19259508 imuRdIdx=3200 imuCnt=3200 imuHead=2360␍␊
[KAL] baroFuse: meas=+1281.40m  eskfAlt=+1299.47m  inn=-18.08m  pD=+12.88  bBaro=+1312.35␍␊
[CATCHUP] exhausted: kalTs=0:19295965 targetTs=0:19296751 imuRdIdx=3200 imuCnt=3200 imuHead=2596␍␊
[CATCHUP] exhausted: kalTs=0:19332830 targetTs=0:19333410 imuRdIdx=3200 imuCnt=3200 imuHead=2829␍␊
[KAL] baroFuse: meas=+1281.40m  eskfAlt=+1299.47m  inn=-18.08m  pD=+12.88  bBaro=+1312.35␍␊
[KAL] FSM=BURN   Rail(p=  -1.7 r=  +0.1)  ESKF(p=  -1.5 r=  +0.3 y=  -0.1)  alt=-12.9m vD=+2.3␍␊
[KAL] hlth=0x17  loop=22us(max 2437)  mainLoop=96us(max 2630)  NIS=110.4  hiNIS=10  yields=180␍␊
[KAL] IMU=108599  baro=1025  gps=0  imuDrop=17514  baroDrop=83  evtDrop=0  imuBuf=3200  baroBuf=39  evtBuf=1  rwd=1  drained=0␍␊
[KAL] ring_hwm=[128,0,0]  gate=OPEN  grnd=OK  hdg=NO␍␊
[KAL] raw: ax=  -0.33 ay=  -0.03 az=  -9.55  gx=-0.008 gy=-0.003 gz=+0.011  |a|=9.56  P=86849Pa T=28.9C␍␊
[KAL] gyroBias: -0.00000 +0.00000 +0.00000 (rad/s)␍␊
[KAL] fifoHdr: 0x78=108783  0xF0=0  other=4  imuFlags=0x14  imuDrvDrop=17514␍␊
[KAL] catchUp: budget=2000us  last=1us  events=0  dtClamp=0␍␊
[KAL] timing: drain=1us  imuProc=0us  aiding=11us  tick=10us  output=1us␍␊
[KAL] imuBreak: vimu=20631us  post=4276us  n=947  vimu/s=21us  post/s=4us␍␊
[KAL] Pcov: <0xcf><0x83>p=5.90,5.90,1.02  <0xcf><0x83>v=1.64,1.64,0.23  <0xcf><0x83><0xce><0xb8>=0.031  <0xcf><0x83>ba=0.0000  <0xcf><0x83>bg=0.001000  <0xcf><0x83>bb=0.10␍␊
[KAL] eskf: pN=-0.50 pE=+0.53 pD=+12.88  vN=-0.16 vE=+0.16 vD=+2.29  bBaro=+1312.35  aeroBlind=0  inn=0.00  NIS=110.38␍␊
---␍␊
[CATCHUP] exhausted: kalTs=0:19381346 targetTs=0:19382077 imuRdIdx=3200 imuCnt=3200 imuHead=3138␍␊
[KAL] baroFuse: meas=+1281.40m  eskfAlt=+1299.47m  inn=-18.08m  pD=+12.88  bBaro=+1312.35␍␊
[CATCHUP] exhausted: kalTs=0:19417760 targetTs=0:19418845 imuRdIdx=3200 imuCnt=3200 imuHead=171␍␊
[KAL] baroFuse: meas=+1281.40m  eskfAlt=+1299.47m  inn=-18.08m  pD=+12.88  bBaro=+1312.35␍␊
[CATCHUP] exhausted: kalTs=0:19455125 targetTs=0:19456008 imuRdIdx=3200 imuCnt=3200 imuHead=407␍␊
[CATCHUP] exhausted: kalTs=0:19492179 targetTs=0:19492796 imuRdIdx=3200 imuCnt=3200 imuHead=640␍␊
[KAL] baroFuse: meas=+1281.40m  eskfAlt=+1299.47m  inn=-18.08m  pD=+12.88  bBaro=+1312.35␍␊
[KAL] FSM=BURN   Rail(p=  -1.7 r=  +0.1)  ESKF(p=  -1.5 r=  +0.3 y=  -0.1)  alt=-12.9m vD=+2.3␍␊
[KAL] hlth=0x17  loop=23us(max 2437)  mainLoop=96us(max 2630)  NIS=110.4  hiNIS=10  yields=180␍␊
[KAL] IMU=109547  baro=1034  gps=0  imuDrop=17514  baroDrop=83  evtDrop=0  imuBuf=3200  baroBuf=42  evtBuf=1  rwd=1  drained=0␍␊
[KAL] ring_hwm=[128,0,0]  gate=OPEN  grnd=OK  hdg=NO␍␊
[KAL] raw: ax=  -0.33 ay=  +0.05 az=  -9.63  gx=+0.005 gy=-0.002 gz=+0.001  |a|=9.63  P=86849Pa T=28.9C␍␊
[KAL] gyroBias: -0.00000 +0.00000 +0.00000 (rad/s)␍␊
[KAL] fifoHdr: 0x78=109731  0xF0=0  other=4  imuFlags=0x14  imuDrvDrop=17514␍␊
[KAL] catchUp: budget=2000us  last=0us  events=0  dtClamp=0␍␊
[KAL] timing: drain=1us  imuProc=1us  aiding=10us  tick=10us  output=1us␍␊
[KAL] imuBreak: vimu=20632us  post=4305us  n=948  vimu/s=21us  post/s=4us␍␊
[KAL] Pcov: <0xcf><0x83>p=5.90,5.90,1.02  <0xcf><0x83>v=1.64,1.64,0.23  <0xcf><0x83><0xce><0xb8>=0.031  <0xcf><0x83>ba=0.0000  <0xcf><0x83>bg=0.001000  <0xcf><0x83>bb=0.10␍␊
[KAL] eskf: pN=-0.50 pE=+0.53 pD=+12.88  vN=-0.16 vE=+0.16 vD=+2.29  bBaro=+1312.35  aeroBlind=0  inn=0.00  NIS=110.38␍␊
---␍␊
[CATCHUP] future: earliest=0:19516199 target=0:19515474 kalTs=0:19514598 imuRdIdx=3164 imuCnt=3200␍␊
[CATCHUP] exhausted: kalTs=0:19540209 targetTs=0:19540738 imuRdIdx=3200 imuCnt=3200 imuHead=945␍␊
[KAL] baroFuse: meas=+1281.40m  eskfAlt=+1299.47m  inn=-18.08m  pD=+12.88  bBaro=+1312.35␍␊
[CATCHUP] exhausted: kalTs=0:19576749 targetTs=0:19577683 imuRdIdx=3200 imuCnt=3200 imuHead=1179␍␊
[KAL] baroFuse: meas=+1281.40m  eskfAlt=+1299.47m  inn=-18.08m  pD=+12.88  bBaro=+1312.35␍␊
[CATCHUP] exhausted: kalTs=0:19613936 targetTs=0:19614667 imuRdIdx=3200 imuCnt=3200 imuHead=1414␍␊
[KAL] baroFuse: meas=+1281.40m  eskfAlt=+1299.47m  inn=-18.08m  pD=+12.88  bBaro=+1312.35␍␊
[CATCHUP] exhausted: kalTs=0:19650816 targetTs=0:19651699 imuRdIdx=3200 imuCnt=3200 imuHead=1649␍␊
[KAL] FSM=BURN   Rail(p=  -1.7 r=  +0.1)  ESKF(p=  -1.5 r=  +0.3 y=  -0.1)  alt=-12.9m vD=+2.3␍␊
[KAL] hlth=0x17  loop=59us(max 2437)  mainLoop=53us(max 2630)  NIS=110.4  hiNIS=10  yields=180␍␊
[KAL] IMU=110493  baro=1043  gps=0  imuDrop=17514  baroDrop=83  evtDrop=0  imuBuf=3200  baroBuf=45  evtBuf=1  rwd=1  drained=1␍␊
[KAL] ring_hwm=[128,0,0]  gate=OPEN  grnd=OK  hdg=NO␍␊
[KAL] raw: ax=  -0.32 ay=  -0.03 az=  -9.60  gx=+0.005 gy=+0.001 gz=-0.005  |a|=9.60  P=95893Pa T=29.3C␍␊
[KAL] gyroBias: -0.00000 +0.00000 +0.00000 (rad/s)␍␊
[KAL] fifoHdr: 0x78=110677  0xF0=0  other=4  imuFlags=0x34  imuDrvDrop=17514␍␊
[KAL] catchUp: budget=2000us  last=3us  events=1  dtClamp=0␍␊
[KAL] timing: drain=1us  imuProc=33us  aiding=11us  tick=14us  output=1us␍␊
[KAL] imuBreak: vimu=20559us  post=4332us  n=946  vimu/s=21us  post/s=4us␍␊
[KAL] Pcov: <0xcf><0x83>p=5.90,5.90,1.02  <0xcf><0x83>v=1.64,1.64,0.23  <0xcf><0x83><0xce><0xb8>=0.031  <0xcf><0x83>ba=0.0000  <0xcf><0x83>bg=0.001000  <0xcf><0x83>bb=0.10␍␊
[KAL] eskf: pN=-0.50 pE=+0.53 pD=+12.88  vN=-0.16 vE=+0.16 vD=+2.29  bBaro=+1312.35  aeroBlind=0  inn=0.00  NIS=110.38␍␊
---␍␊
[KAL] baroFuse: meas=+1281.40m  eskfAlt=+1299.47m  inn=-18.08m  pD=+12.88  bBaro=+1312.35␍␊
[CATCHUP] exhausted: kalTs=0:19695431 targetTs=0:19696321 imuRdIdx=3200 imuCnt=3200 imuHead=1932␍␊
[CATCHUP] exhausted: kalTs=0:19732152 targetTs=0:19733244 imuRdIdx=3200 imuCnt=3200 imuHead=2166␍␊
[KAL] baroFuse: meas=+1281.40m  eskfAlt=+1299.47m  inn=-18.08m  pD=+12.88  bBaro=+1312.35␍␊
[CATCHUP] exhausted: kalTs=0:19769945 targetTs=0:19770831 imuRdIdx=3200 imuCnt=3200 imuHead=2405␍␊
[KAL] baroFuse: meas=+1281.40m  eskfAlt=+1299.47m  inn=-18.08m  pD=+12.88  bBaro=+1312.35␍␊
[CATCHUP] exhausted: kalTs=0:19807593 targetTs=0:19808237 imuRdIdx=3200 imuCnt=3200 imuHead=2642␍␊
[KAL] FSM=BURN   Rail(p=  -1.7 r=  +0.1)  ESKF(p=  -1.5 r=  +0.3 y=  -0.1)  alt=-12.9m vD=+2.3␍␊
[KAL] hlth=0x17  loop=62us(max 2437)  mainLoop=99us(max 2630)  NIS=110.4  hiNIS=10  yields=180␍␊
[KAL] IMU=111450  baro=1052  gps=0  imuDrop=17514  baroDrop=83  evtDrop=0  imuBuf=3200  baroBuf=48  evtBuf=1  rwd=1  drained=1␍␊
[KAL] ring_hwm=[128,0,0]  gate=OPEN  grnd=OK  hdg=NO␍␊
[KAL] raw: ax=  -0.28 ay=  +0.05 az=  -9.73  gx=-0.002 gy=-0.001 gz=+0.001  |a|=9.73  P=86849Pa T=28.9C␍␊
[KAL] gyroBias: -0.00000 +0.00000 +0.00000 (rad/s)␍␊
[KAL] fifoHdr: 0x78=111634  0xF0=0  other=4  imuFlags=0x14  imuDrvDrop=17514␍␊
[KAL] catchUp: budget=2000us  last=3us  events=1  dtClamp=0␍␊
[KAL] timing: drain=2us  imuProc=36us  aiding=10us  tick=14us  output=1us␍␊
[KAL] imuBreak: vimu=20842us  post=4370us  n=957  vimu/s=21us  post/s=4us␍␊
[KAL] Pcov: <0xcf><0x83>p=5.90,5.90,1.02  <0xcf><0x83>v=1.64,1.64,0.23  <0xcf><0x83><0xce><0xb8>=0.031  <0xcf><0x83>ba=0.0000  <0xcf><0x83>bg=0.001000  <0xcf><0x83>bb=0.10␍␊
[KAL] eskf: pN=-0.50 pE=+0.53 pD=+12.88  vN=-0.16 vE=+0.16 vD=+2.29  bBaro=+1312.35  aeroBlind=0  inn=0.00  NIS=110.38␍␊
---␍␊
[KAL] baroFuse: meas=+1281.40m  eskfAlt=+1299.47m  inn=-18.08m  pD=+12.88  bBaro=+1312.35␍␊
[CATCHUP] exhausted: kalTs=0:19854102 targetTs=0:19855141 imuRdIdx=3200 imuCnt=3200 imuHead=2940␍␊
[CATCHUP] exhausted: kalTs=0:19891279 targetTs=0:19892112 imuRdIdx=3200 imuCnt=3200 imuHead=3175␍␊
[KAL] baroFuse: meas=+1281.40m  eskfAlt=+1299.47m  inn=-18.08m  pD=+12.88  bBaro=+1312.35␍␊
[CATCHUP] exhausted: kalTs=0:19928460 targetTs=0:19929202 imuRdIdx=3200 imuCnt=3200 imuHead=210␍␊
[KAL] baroFuse: meas=+1281.40m  eskfAlt=+1299.47m  inn=-18.08m  pD=+12.88  bBaro=+1312.35␍␊
[KAL] FSM=BURN   Rail(p=  -1.7 r=  +0.1)  ESKF(p=  -1.5 r=  +0.3 y=  -0.1)  alt=-12.9m vD=+2.3␍␊
[KAL] hlth=0x17  loop=23us(max 2437)  mainLoop=52us(max 2630)  NIS=110.4  hiNIS=10  yields=180␍␊
[KAL] IMU=112407  baro=1061  gps=0  imuDrop=17514  baroDrop=83  evtDrop=0  imuBuf=3200  baroBuf=50  evtBuf=1  rwd=1  drained=0␍␊
[KAL] ring_hwm=[128,0,0]  gate=OPEN  grnd=OK  hdg=NO␍␊
[KAL] raw: ax=  -0.36 ay=  +0.04 az=  -9.66  gx=+0.012 gy=-0.004 gz=-0.003  |a|=9.66  P=86849Pa T=28.9C␍␊
[KAL] gyroBias: -0.00000 +0.00000 +0.00000 (rad/s)␍␊
[KAL] fifoHdr: 0x78=112591  0xF0=0  other=4  imuFlags=0x14  imuDrvDrop=17514␍␊
[KAL] catchUp: budget=2000us  last=1us  events=0  dtClamp=0␍␊
[KAL] timing: drain=1us  imuProc=1us  aiding=10us  tick=11us  output=1us␍␊
[KAL] imuBreak: vimu=20844us  post=4346us  n=957  vimu/s=21us  post/s=4us␍␊
[KAL] Pcov: <0xcf><0x83>p=5.90,5.90,1.02  <0xcf><0x83>v=1.64,1.64,0.23  <0xcf><0x83><0xce><0xb8>=0.031  <0xcf><0x83>ba=0.0000  <0xcf><0x83>bg=0.001000  <0xcf><0x83>bb=0.10␍␊
[KAL] eskf: pN=-0.50 pE=+0.53 pD=+12.88  vN=-0.16 vE=+0.16 vD=+2.29  bBaro=+1312.35  aeroBlind=0  inn=0.00  NIS=110.38␍␊
---␍␊
[CATCHUP] exhausted: kalTs=0:19977746 targetTs=0:19978329 imuRdIdx=3200 imuCnt=3200 imuHead=522␍␊
[KAL] baroFuse: meas=+1281.40m  eskfAlt=+1299.47m  inn=-18.08m  pD=+12.88  bBaro=+1312.35␍␊
[CATCHUP] exhausted: kalTs=0:20015076 targetTs=0:20015864 imuRdIdx=3200 imuCnt=3200 imuHead=760␍␊
[KAL] baroFuse: meas=+1281.40m  eskfAlt=+1299.47m  inn=-18.08m  pD=+12.88  bBaro=+1312.35␍␊
[CATCHUP] exhausted: kalTs=0:20051972 targetTs=0:20053062 imuRdIdx=3200 imuCnt=3200 imuHead=996␍␊
[CATCHUP] exhausted: kalTs=0:20089441 targetTs=0:20090024 imuRdIdx=3200 imuCnt=3200 imuHead=1231␍␊
[KAL] baroFuse: meas=+1281.40m  eskfAlt=+1299.47m  inn=-18.08m  pD=+12.88  bBaro=+1312.35␍␊
[KAL] FSM=BURN   Rail(p=  -1.7 r=  +0.1)  ESKF(p=  -1.5 r=  +0.3 y=  -0.1)  alt=-12.9m vD=+2.3␍␊
[KAL] hlth=0x17  loop=60us(max 2437)  mainLoop=52us(max 2630)  NIS=110.4  hiNIS=10  yields=180␍␊
[KAL] IMU=113361  baro=1070  gps=0  imuDrop=17514  baroDrop=83  evtDrop=0  imuBuf=3200  baroBuf=50  evtBuf=1  rwd=1  drained=1␍␊
[KAL] ring_hwm=[128,0,0]  gate=OPEN  grnd=OK  hdg=NO␍␊
[KAL] raw: ax=  -0.27 ay=  -0.04 az=  -9.72  gx=-0.003 gy=+0.003 gz=-0.000  |a|=9.72  P=86849Pa T=28.9C␍␊
[KAL] gyroBias: -0.00000 +0.00000 +0.00000 (rad/s)␍␊
[KAL] fifoHdr: 0x78=113545  0xF0=0  other=4  imuFlags=0x34  imuDrvDrop=17514␍␊
[KAL] catchUp: budget=2000us  last=2us  events=1  dtClamp=0␍␊
[KAL] timing: drain=1us  imuProc=34us  aiding=11us  tick=13us  output=1us␍␊
[KAL] imuBreak: vimu=20793us  post=4282us  n=954  vimu/s=21us  post/s=4us␍␊
[KAL] Pcov: <0xcf><0x83>p=5.90,5.90,1.02  <0xcf><0x83>v=1.64,1.64,0.23  <0xcf><0x83><0xce><0xb8>=0.031  <0xcf><0x83>ba=0.0000  <0xcf><0x83>bg=0.001000  <0xcf><0x83>bb=0.10␍␊
[KAL] eskf: pN=-0.50 pE=+0.53 pD=+12.88  vN=-0.16 vE=+0.16 vD=+2.29  bBaro=+1312.35  aeroBlind=0  inn=0.00  NIS=110.38␍␊
---␍␊
[CATCHUP] exhausted: kalTs=0:20133262 targetTs=0:20134352 imuRdIdx=3200 imuCnt=3200 imuHead=1512␍␊
[KAL] baroFuse: meas=+1281.40m  eskfAlt=+1299.47m  inn=-18.08m  pD=+12.88  bBaro=+1312.35␍␊
[CATCHUP] exhausted: kalTs=0:20170572 targetTs=0:20171613 imuRdIdx=3200 imuCnt=3200 imuHead=1749␍␊
[KAL] baroFuse: meas=+1281.40m  eskfAlt=+1299.47m  inn=-18.08m  pD=+12.88  bBaro=+1312.35␍␊
[CATCHUP] exhausted: kalTs=0:20208250 targetTs=0:20209189 imuRdIdx=3200 imuCnt=3200 imuHead=1987␍␊
[KAL] baroFuse: meas=+1281.40m  eskfAlt=+1299.47m  inn=-18.08m  pD=+12.88  bBaro=+1312.35␍␊
[CATCHUP] exhausted: kalTs=0:20245400 targetTs=0:20246342 imuRdIdx=3200 imuCnt=3200 imuHead=2223␍␊
[KAL] FSM=BURN   Rail(p=  -1.7 r=  +0.1)  ESKF(p=  -1.5 r=  +0.3 y=  -0.1)  alt=-12.9m vD=+2.3␍␊
[KAL] hlth=0x17  loop=58us(max 2437)  mainLoop=53us(max 2630)  NIS=110.4  hiNIS=10  yields=180␍␊
[KAL] IMU=114315  baro=1079  gps=0  imuDrop=17514  baroDrop=83  evtDrop=0  imuBuf=3200  baroBuf=50  evtBuf=1  rwd=1  drained=1␍␊
[KAL] ring_hwm=[128,0,0]  gate=OPEN  grnd=OK  hdg=NO␍␊
[KAL] raw: ax=  -0.25 ay=  -0.05 az=  -9.58  gx=+0.002 gy=+0.008 gz=+0.006  |a|=9.58  P=86849Pa T=28.9C␍␊
[KAL] gyroBias: -0.00000 +0.00000 +0.00000 (rad/s)␍␊
[KAL] fifoHdr: 0x78=114499  0xF0=0  other=4  imuFlags=0x14  imuDrvDrop=17514␍␊
[KAL] catchUp: budget=2000us  last=2us  events=1  dtClamp=0␍␊
[KAL] timing: drain=1us  imuProc=33us  aiding=11us  tick=13us  output=1us␍␊
[KAL] imuBreak: vimu=20765us  post=4338us  n=954  vimu/s=21us  post/s=4us␍␊
[KAL] Pcov: <0xcf><0x83>p=5.90,5.90,1.02  <0xcf><0x83>v=1.64,1.64,0.23  <0xcf><0x83><0xce><0xb8>=0.031  <0xcf><0x83>ba=0.0000  <0xcf><0x83>bg=0.001000  <0xcf><0x83>bb=0.10␍␊
[KAL] eskf: pN=-0.50 pE=+0.53 pD=+12.88  vN=-0.16 vE=+0.16 vD=+2.29  bBaro=+1312.35  aeroBlind=0  inn=0.00  NIS=110.38␍␊
---␍␊
[CATCHUP] future: earliest=0:20265505 target=0:20264698 kalTs=0:20263994 imuRdIdx=3175 imuCnt=3200␍␊
[CATCHUP] exhausted: kalTs=0:20291412 targetTs=0:20292056 imuRdIdx=3200 imuCnt=3200 imuHead=2513␍␊
[KAL] baroFuse: meas=+1281.40m  eskfAlt=+1299.47m  inn=-18.08m  pD=+12.88  bBaro=+1312.35␍␊
[CATCHUP] exhausted: kalTs=0:20328897 targetTs=0:20329537 imuRdIdx=3200 imuCnt=3200 imuHead=2751␍␊
[KAL] baroFuse: meas=+1281.40m  eskfAlt=+1299.47m  inn=-18.08m  pD=+12.88  bBaro=+1312.35␍␊
[CATCHUP] exhausted: kalTs=0:20365775 targetTs=0:20366658 imuRdIdx=3200 imuCnt=3200 imuHead=2987␍␊
[KAL] baroFuse: meas=+1281.40m  eskfAlt=+1299.47m  inn=-18.08m  pD=+12.88  bBaro=+1312.35␍␊
[CATCHUP] exhausted: kalTs=0:20403146 targetTs=0:20403828 imuRdIdx=3200 imuCnt=3200 imuHead=23␍␊
[KAL] FSM=BURN   Rail(p=  -1.7 r=  +0.1)  ESKF(p=  -1.5 r=  +0.3 y=  -0.1)  alt=-12.9m vD=+2.3␍␊
[KAL] hlth=0x17  loop=23us(max 2437)  mainLoop=97us(max 2630)  NIS=110.4  hiNIS=10  yields=180␍␊
[KAL] IMU=115268  baro=1088  gps=0  imuDrop=17514  baroDrop=83  evtDrop=0  imuBuf=3200  baroBuf=50  evtBuf=1  rwd=1  drained=0␍␊
[KAL] ring_hwm=[128,0,0]  gate=OPEN  grnd=OK  hdg=NO␍␊
[KAL] raw: ax=  -0.35 ay=  -0.04 az=  -9.62  gx=+0.007 gy=+0.003 gz=-0.007  |a|=9.63  P=86849Pa T=28.9C␍␊
[KAL] gyroBias: -0.00000 +0.00000 +0.00000 (rad/s)␍␊
[KAL] fifoHdr: 0x78=115452  0xF0=0  other=4  imuFlags=0x14  imuDrvDrop=17514␍␊
[KAL] catchUp: budget=2000us  last=0us  events=0  dtClamp=0␍␊
[KAL] timing: drain=1us  imuProc=0us  aiding=11us  tick=10us  output=1us␍␊
[KAL] imuBreak: vimu=20753us  post=4340us  n=953  vimu/s=21us  post/s=4us␍␊
[KAL] Pcov: <0xcf><0x83>p=5.90,5.90,1.02  <0xcf><0x83>v=1.64,1.64,0.23  <0xcf><0x83><0xce><0xb8>=0.031  <0xcf><0x83>ba=0.0000  <0xcf><0x83>bg=0.001000  <0xcf><0x83>bb=0.10␍␊
[KAL] eskf: pN=-0.50 pE=+0.53 pD=+12.88  vN=-0.16 vE=+0.16 vD=+2.29  bBaro=+1312.35  aeroBlind=0  inn=0.00  NIS=110.38␍␊
---␍␊
[KAL] baroFuse: meas=+1281.40m  eskfAlt=+1299.47m  inn=-18.08m  pD=+12.88  bBaro=+1312.35␍␊
[CATCHUP] exhausted: kalTs=0:20447701 targetTs=0:20448286 imuRdIdx=3200 imuCnt=3200 imuHead=305␍␊
[CATCHUP] exhausted: kalTs=0:20484284 targetTs=0:20485269 imuRdIdx=3200 imuCnt=3200 imuHead=540␍␊
[KAL] baroFuse: meas=+1281.40m  eskfAlt=+1299.47m  inn=-18.08m  pD=+12.88  bBaro=+1312.35␍␊
[CATCHUP] exhausted: kalTs=0:20521769 targetTs=0:20522358 imuRdIdx=3200 imuCnt=3200 imuHead=775␍␊
[KAL] baroFuse: meas=+1281.40m  eskfAlt=+1299.47m  inn=-18.08m  pD=+12.88  bBaro=+1312.35␍␊
[CATCHUP] exhausted: kalTs=0:20558915 targetTs=0:20559499 imuRdIdx=3200 imuCnt=3200 imuHead=1011␍␊
[KAL] FSM=BURN   Rail(p=  -1.7 r=  +0.1)  ESKF(p=  -1.5 r=  +0.3 y=  -0.1)  alt=-12.9m vD=+2.3␍␊
[KAL] hlth=0x17  loop=61us(max 2437)  mainLoop=54us(max 2630)  NIS=110.4  hiNIS=10  yields=180␍␊
[KAL] IMU=116218  baro=1097  gps=0  imuDrop=17514  baroDrop=83  evtDrop=0  imuBuf=3200  baroBuf=50  evtBuf=1  rwd=1  drained=1␍␊
[KAL] ring_hwm=[128,0,0]  gate=OPEN  grnd=OK  hdg=NO␍␊
[KAL] raw: ax=  -0.27 ay=  +0.01 az=  -9.71  gx=+0.002 gy=-0.001 gz=+0.003  |a|=9.71  P=86849Pa T=28.9C␍␊
[KAL] gyroBias: -0.00000 +0.00000 +0.00000 (rad/s)␍␊
[KAL] fifoHdr: 0x78=116402  0xF0=0  other=4  imuFlags=0x14  imuDrvDrop=17514␍␊
[KAL] catchUp: budget=2000us  last=3us  events=1  dtClamp=0␍␊
[KAL] timing: drain=1us  imuProc=35us  aiding=11us  tick=13us  output=2us␍␊
[KAL] imuBreak: vimu=20704us  post=4306us  n=950  vimu/s=21us  post/s=4us␍␊
[KAL] Pcov: <0xcf><0x83>p=5.90,5.90,1.02  <0xcf><0x83>v=1.64,1.64,0.23  <0xcf><0x83><0xce><0xb8>=0.031  <0xcf><0x83>ba=0.0000  <0xcf><0x83>bg=0.001000  <0xcf><0x83>bb=0.10␍␊
[KAL] eskf: pN=-0.50 pE=+0.53 pD=+12.88  vN=-0.16 vE=+0.16 vD=+2.29  bBaro=+1312.35  aeroBlind=0  inn=0.00  NIS=110.38␍␊
---␍␊
[KAL] baroFuse: meas=+1281.40m  eskfAlt=+1299.47m  inn=-18.08m  pD=+12.88  bBaro=+1312.35␍␊
[CATCHUP] exhausted: kalTs=0:20605071 targetTs=0:20606012 imuRdIdx=3200 imuCnt=3200 imuHead=1306␍␊
[CATCHUP] exhausted: kalTs=0:20642286 targetTs=0:20642968 imuRdIdx=3200 imuCnt=3200 imuHead=1541␍␊
[KAL] baroFuse: meas=+1281.40m  eskfAlt=+1299.47m  inn=-18.08m  pD=+12.88  bBaro=+1312.35␍␊
[CATCHUP] exhausted: kalTs=0:20679636 targetTs=0:20680225 imuRdIdx=3200 imuCnt=3200 imuHead=1777␍␊
[KAL] baroFuse: meas=+1281.40m  eskfAlt=+1299.47m  inn=-18.08m  pD=+12.88  bBaro=+1312.35␍␊
[KAL] FSM=BURN   Rail(p=  -1.7 r=  +0.1)  ESKF(p=  -1.5 r=  +0.3 y=  -0.1)  alt=-12.9m vD=+2.3␍␊
[KAL] hlth=0x17  loop=56us(max 2437)  mainLoop=49us(max 2630)  NIS=110.4  hiNIS=10  yields=180␍␊
[KAL] IMU=117164  baro=1106  gps=0  imuDrop=17514  baroDrop=83  evtDrop=0  imuBuf=3200  baroBuf=50  evtBuf=1  rwd=1  drained=1␍␊
[KAL] ring_hwm=[128,0,0]  gate=OPEN  grnd=OK  hdg=NO␍␊
[KAL] raw: ax=  -0.34 ay=  -0.02 az=  -9.61  gx=+0.001 gy=+0.001 gz=+0.008  |a|=9.62  P=86849Pa T=28.9C␍␊
[KAL] gyroBias: -0.00000 +0.00000 +0.00000 (rad/s)␍␊
[KAL] fifoHdr: 0x78=117348  0xF0=0  other=4  imuFlags=0x14  imuDrvDrop=17514␍␊
[KAL] catchUp: budget=2000us  last=3us  events=1  dtClamp=0␍␊
[KAL] timing: drain=1us  imuProc=33us  aiding=10us  tick=12us  output=1us␍␊
[KAL] imuBreak: vimu=20590us  post=4279us  n=946  vimu/s=21us  post/s=4us␍␊
[KAL] Pcov: <0xcf><0x83>p=5.90,5.90,1.02  <0xcf><0x83>v=1.64,1.64,0.23  <0xcf><0x83><0xce><0xb8>=0.031  <0xcf><0x83>ba=0.0000  <0xcf><0x83>bg=0.001000  <0xcf><0x83>bb=0.10␍␊
[KAL] eskf: pN=-0.50 pE=+0.53 pD=+12.88  vN=-0.16 vE=+0.16 vD=+2.29  bBaro=+1312.35  aeroBlind=0  inn=0.00  NIS=110.38␍␊
---␍␊
[CATCHUP] exhausted: kalTs=0:20725292 targetTs=0:20725862 imuRdIdx=3200 imuCnt=3200 imuHead=2067␍␊
[KAL] baroFuse: meas=+1281.40m  eskfAlt=+1299.47m  inn=-18.08m  pD=+12.88  bBaro=+1312.35␍␊
[CATCHUP] exhausted: kalTs=0:20760614 targetTs=0:20761179 imuRdIdx=3200 imuCnt=3200 imuHead=2291␍␊
[KAL] baroFuse: meas=+1281.40m  eskfAlt=+1299.47m  inn=-18.08m  pD=+12.88  bBaro=+1312.35␍␊
[CATCHUP] exhausted: kalTs=0:20795905 targetTs=0:20796622 imuRdIdx=3200 imuCnt=3200 imuHead=2516␍␊
[CATCHUP] exhausted: kalTs=0:20830560 targetTs=0:20831661 imuRdIdx=3200 imuCnt=3200 imuHead=2738␍␊
[KAL] baroFuse: meas=+1281.40m  eskfAlt=+1299.47m  inn=-18.08m  pD=+12.88  bBaro=+1312.35␍␊
[KAL] FSM=BURN   Rail(p=  -1.7 r=  +0.1)  ESKF(p=  -1.5 r=  +0.3 y=  -0.1)  alt=-12.9m vD=+2.3␍␊
[KAL] hlth=0x17  loop=21us(max 2437)  mainLoop=94us(max 2630)  NIS=110.4  hiNIS=10  yields=180␍␊
[KAL] IMU=118069  baro=1115  gps=0  imuDrop=17514  baroDrop=83  evtDrop=0  imuBuf=3200  baroBuf=50  evtBuf=1  rwd=1  drained=0␍␊
[KAL] ring_hwm=[128,0,0]  gate=OPEN  grnd=OK  hdg=NO␍␊
[KAL] raw: ax=  -0.28 ay=  -0.10 az=  -9.66  gx=+0.006 gy=+0.005 gz=+0.002  |a|=9.67  P=86849Pa T=28.9C␍␊
[KAL] gyroBias: -0.00000 +0.00000 +0.00000 (rad/s)␍␊
[KAL] fifoHdr: 0x78=118253  0xF0=0  other=4  imuFlags=0x14  imuDrvDrop=17514␍␊
[KAL] catchUp: budget=2000us  last=0us  events=0  dtClamp=0␍␊
[KAL] timing: drain=1us  imuProc=0us  aiding=11us  tick=9us  output=1us␍␊
[KAL] imuBreak: vimu=19607us  post=4105us  n=905  vimu/s=21us  post/s=4us␍␊
[KAL] Pcov: <0xcf><0x83>p=5.90,5.90,1.02  <0xcf><0x83>v=1.64,1.64,0.23  <0xcf><0x83><0xce><0xb8>=0.031  <0xcf><0x83>ba=0.0000  <0xcf><0x83>bg=0.001000  <0xcf><0x83>bb=0.10␍␊
[KAL] eskf: pN=-0.50 pE=+0.53 pD=+12.88  vN=-0.16 vE=+0.16 vD=+2.29  bBaro=+1312.35  aeroBlind=0  inn=0.00  NIS=110.38␍␊
---␍␊
[CATCHUP] exhausted: kalTs=0:20875150 targetTs=0:20876059 imuRdIdx=3200 imuCnt=3200 imuHead=3020␍␊
[KAL] baroFuse: meas=+1281.40m  eskfAlt=+1299.47m  inn=-18.08m  pD=+12.88  bBaro=+1312.35␍␊
[CATCHUP] exhausted: kalTs=0:20910270 targetTs=0:20911319 imuRdIdx=3200 imuCnt=3200 imuHead=44␍␊
[KAL] baroFuse: meas=+1281.40m  eskfAlt=+1299.47m  inn=-18.08m  pD=+12.88  bBaro=+1312.35␍␊
[CATCHUP] exhausted: kalTs=0:20945569 targetTs=0:20946622 imuRdIdx=3200 imuCnt=3200 imuHead=268␍␊
[CATCHUP] exhausted: kalTs=0:20980845 targetTs=0:20981749 imuRdIdx=3200 imuCnt=3200 imuHead=491␍␊
[KAL] FSM=BURN   Rail(p=  -1.7 r=  +0.1)  ESKF(p=  -1.5 r=  +0.3 y=  -0.1)  alt=-12.9m vD=+2.3␍␊
[KAL] hlth=0x17  loop=57us(max 2437)  mainLoop=50us(max 2630)  NIS=110.4  hiNIS=10  yields=180␍␊
[KAL] IMU=118972  baro=1121  gps=0  imuDrop=17514  baroDrop=83  evtDrop=0  imuBuf=3200  baroBuf=50  evtBuf=1  rwd=1  drained=1␍␊
[KAL] ring_hwm=[128,0,0]  gate=OPEN  grnd=OK  hdg=NO␍␊
[KAL] raw: ax=  -0.30 ay=  +0.03 az=  -9.52  gx=+0.004 gy=+0.002 gz=-0.006  |a|=9.53  P=86849Pa T=28.9C␍␊
[KAL] gyroBias: -0.00000 +0.00000 +0.00000 (rad/s)␍␊
[KAL] fifoHdr: 0x78=119156  0xF0=0  other=5  imuFlags=0x14  imuDrvDrop=17514␍␊
[KAL] catchUp: budget=2000us  last=2us  events=1  dtClamp=0␍␊
[KAL] timing: drain=1us  imuProc=33us  aiding=11us  tick=11us  output=1us␍␊
[KAL] imuBreak: vimu=19579us  post=4043us  n=903  vimu/s=21us  post/s=4us␍␊
[KAL] Pcov: <0xcf><0x83>p=5.90,5.90,1.02  <0xcf><0x83>v=1.64,1.64,0.23  <0xcf><0x83><0xce><0xb8>=0.031  <0xcf><0x83>ba=0.0000  <0xcf><0x83>bg=0.001000  <0xcf><0x83>bb=0.10␍␊
[KAL] eskf: pN=-0.50 pE=+0.53 pD=+12.88  vN=-0.16 vE=+0.16 vD=+2.29  bBaro=+1312.35  aeroBlind=0  inn=0.00  NIS=110.38␍␊
---␍␊
[KAL] baroFuse: meas=+1281.40m  eskfAlt=+1299.47m  inn=-18.08m  pD=+12.88  bBaro=+1312.35␍␊
[CATCHUP] future: earliest=0:20998718 target=0:20997635 kalTs=0:20997366 imuRdIdx=3180 imuCnt=3200␍␊
[CATCHUP] exhausted: kalTs=0:21024005 targetTs=0:21024717 imuRdIdx=3200 imuCnt=3200 imuHead=764␍␊
[KAL] baroFuse: meas=+1281.40m  eskfAlt=+1299.47m  inn=-18.08m  pD=+12.88  bBaro=+1312.35␍␊
[CATCHUP] exhausted: kalTs=0:21059153 targetTs=0:21059967 imuRdIdx=3200 imuCnt=3200 imuHead=987␍␊
[CATCHUP] exhausted: kalTs=0:21094280 targetTs=0:21095080 imuRdIdx=3200 imuCnt=3200 imuHead=1210␍␊
[KAL] baroFuse: meas=+1281.40m  eskfAlt=+1299.47m  inn=-18.08m  pD=+12.88  bBaro=+1312.35␍␊
[CATCHUP] exhausted: kalTs=0:21129446 targetTs=0:21130355 imuRdIdx=3200 imuCnt=3200 imuHead=1434␍␊
[KAL] FSM=BURN   Rail(p=  -1.7 r=  +0.1)  ESKF(p=  -1.5 r=  +0.3 y=  -0.1)  alt=-12.9m vD=+2.3␍␊
[KAL] hlth=0x17  loop=56us(max 2437)  mainLoop=50us(max 2630)  NIS=110.4  hiNIS=10  yields=180␍␊
[KAL] IMU=119877  baro=1130  gps=0  imuDrop=17514  baroDrop=83  evtDrop=0  imuBuf=3200  baroBuf=50  evtBuf=1  rwd=1  drained=1␍␊
[KAL] ring_hwm=[128,0,0]  gate=OPEN  grnd=OK  hdg=NO␍␊
[KAL] raw: ax=  -0.27 ay=  +0.01 az=  -9.58  gx=+0.001 gy=+0.002 gz=-0.002  |a|=9.58  P=86849Pa T=28.9C␍␊
[KAL] gyroBias: -0.00000 +0.00000 +0.00000 (rad/s)␍␊
[KAL] fifoHdr: 0x78=120061  0xF0=0  other=5  imuFlags=0x14  imuDrvDrop=17514␍␊
[KAL] catchUp: budget=2000us  last=3us  events=1  dtClamp=0␍␊
[KAL] timing: drain=1us  imuProc=33us  aiding=11us  tick=11us  output=1us␍␊
[KAL] imuBreak: vimu=19658us  post=4059us  n=905  vimu/s=21us  post/s=4us␍␊
[KAL] Pcov: <0xcf><0x83>p=5.90,5.90,1.02  <0xcf><0x83>v=1.64,1.64,0.23  <0xcf><0x83><0xce><0xb8>=0.031  <0xcf><0x83>ba=0.0000  <0xcf><0x83>bg=0.001000  <0xcf><0x83>bb=0.10␍␊
[KAL] eskf: pN=-0.50 pE=+0.53 pD=+12.88  vN=-0.16 vE=+0.16 vD=+2.29  bBaro=+1312.35  aeroBlind=0  inn=0.00  NIS=110.38␍␊
---␍␊
[KAL] baroFuse: meas=+1281.40m  eskfAlt=+1299.47m  inn=-18.08m  pD=+12.88  bBaro=+1312.35␍␊
[CATCHUP] exhausted: kalTs=0:21173722 targetTs=0:21174434 imuRdIdx=3200 imuCnt=3200 imuHead=1714␍␊
[KAL] baroFuse: meas=+1281.40m  eskfAlt=+1299.47m  inn=-18.08m  pD=+12.88  bBaro=+1312.35␍␊
[CATCHUP] exhausted: kalTs=0:21208853 targetTs=0:21209766 imuRdIdx=3200 imuCnt=3200 imuHead=1938␍␊
[CATCHUP] exhausted: kalTs=0:21243968 targetTs=0:21244874 imuRdIdx=3200 imuCnt=3200 imuHead=2161␍␊
[KAL] baroFuse: meas=+1281.40m  eskfAlt=+1299.47m  inn=-18.08m  pD=+12.88  bBaro=+1312.35␍␊
[KAL] FSM=BURN   Rail(p=  -1.7 r=  +0.1)  ESKF(p=  -1.5 r=  +0.3 y=  -0.1)  alt=-12.9m vD=+2.3␍␊
[KAL] hlth=0x17  loop=21us(max 2437)  mainLoop=94us(max 2630)  NIS=110.4  hiNIS=10  yields=180␍␊
[KAL] IMU=120781  baro=1139  gps=0  imuDrop=17514  baroDrop=83  evtDrop=0  imuBuf=3200  baroBuf=50  evtBuf=1  rwd=1  drained=0␍␊
[KAL] ring_hwm=[128,0,0]  gate=OPEN  grnd=OK  hdg=NO␍␊
[KAL] raw: ax=  -0.22 ay=  -0.03 az=  -9.68  gx=+0.000 gy=+0.005 gz=+0.005  |a|=9.69  P=86849Pa T=28.9C␍␊
[KAL] gyroBias: -0.00000 +0.00000 +0.00000 (rad/s)␍␊
[KAL] fifoHdr: 0x78=120965  0xF0=0  other=5  imuFlags=0x14  imuDrvDrop=17514␍␊
[KAL] catchUp: budget=2000us  last=1us  events=0  dtClamp=0␍␊
[KAL] timing: drain=1us  imuProc=1us  aiding=10us  tick=9us  output=0us␍␊
[KAL] imuBreak: vimu=19608us  post=4092us  n=904  vimu/s=21us  post/s=4us␍␊
[KAL] Pcov: <0xcf><0x83>p=5.90,5.90,1.02  <0xcf><0x83>v=1.64,1.64,0.23  <0xcf><0x83><0xce><0xb8>=0.031  <0xcf><0x83>ba=0.0000  <0xcf><0x83>bg=0.001000  <0xcf><0x83>bb=0.10␍␊
[KAL] eskf: pN=-0.50 pE=+0.53 pD=+12.88  vN=-0.16 vE=+0.16 vD=+2.29  bBaro=+1312.35  aeroBlind=0  inn=0.00  NIS=110.38␍␊
---␍␊
[CATCHUP] exhausted: kalTs=0:21288436 targetTs=0:21288953 imuRdIdx=3200 imuCnt=3200 imuHead=2441␍␊
[KAL] baroFuse: meas=+1281.40m  eskfAlt=+1299.47m  inn=-18.08m  pD=+12.88  bBaro=+1312.35␍␊
[CATCHUP] exhausted: kalTs=0:21323551 targetTs=0:21324316 imuRdIdx=3200 imuCnt=3200 imuHead=2665␍␊
[KAL] baroFuse: meas=+1375.00m  eskfAlt=+1299.47m  inn=+75.53m  pD=+12.88  bBaro=+1312.35␍␊
[CATCHUP] exhausted: kalTs=0:21358854 targetTs=0:21359618 imuRdIdx=3200 imuCnt=3200 imuHead=2889␍␊
[CATCHUP] exhausted: kalTs=0:21394164 targetTs=0:21394680 imuRdIdx=3200 imuCnt=3200 imuHead=3112␍␊
[KAL] baroFuse: meas=+1281.40m  eskfAlt=+1299.47m  inn=-18.08m  pD=+12.88  bBaro=+1312.35␍␊
[KAL] FSM=BURN   Rail(p=  -1.7 r=  +0.1)  ESKF(p=  -1.5 r=  +0.3 y=  -0.1)  alt=-12.9m vD=+2.3␍␊
[KAL] hlth=0x17  loop=21us(max 2437)  mainLoop=93us(max 2630)  NIS=110.4  hiNIS=10  yields=180␍␊
[KAL] IMU=121685  baro=1148  gps=0  imuDrop=17514  baroDrop=83  evtDrop=0  imuBuf=3200  baroBuf=50  evtBuf=1  rwd=1  drained=0␍␊
[KAL] ring_hwm=[128,0,0]  gate=OPEN  grnd=OK  hdg=NO␍␊
[KAL] raw: ax=  -0.27 ay=  -0.01 az=  -9.55  gx=+0.004 gy=+0.002 gz=-0.004  |a|=9.56  P=95897Pa T=29.4C␍␊
[KAL] gyroBias: -0.00000 +0.00000 +0.00000 (rad/s)␍␊
[KAL] fifoHdr: 0x78=121869  0xF0=0  other=5  imuFlags=0x14  imuDrvDrop=17514␍␊
[KAL] catchUp: budget=2000us  last=0us  events=0  dtClamp=0␍␊
[KAL] timing: drain=1us  imuProc=0us  aiding=11us  tick=8us  output=1us␍␊
[KAL] imuBreak: vimu=19619us  post=4082us  n=904  vimu/s=21us  post/s=4us␍␊
[KAL] Pcov: <0xcf><0x83>p=5.90,5.90,1.02  <0xcf><0x83>v=1.64,1.64,0.23  <0xcf><0x83><0xce><0xb8>=0.031  <0xcf><0x83>ba=0.0000  <0xcf><0x83>bg=0.001000  <0xcf><0x83>bb=0.10␍␊
[KAL] eskf: pN=-0.50 pE=+0.53 pD=+12.88  vN=-0.16 vE=+0.16 vD=+2.29  bBaro=+1312.35  aeroBlind=0  inn=0.00  NIS=110.38␍␊
---␍␊
[CATCHUP] exhausted: kalTs=0:21439696 targetTs=0:21440604 imuRdIdx=3200 imuCnt=3200 imuHead=203␍␊
[KAL] baroFuse: meas=+1281.40m  eskfAlt=+1299.47m  inn=-18.08m  pD=+12.88  bBaro=+1312.35␍␊
[CATCHUP] exhausted: kalTs=0:21474959 targetTs=0:21475864 imuRdIdx=3200 imuCnt=3200 imuHead=427␍␊
[KAL] baroFuse: meas=+1281.40m  eskfAlt=+1299.47m  inn=-18.08m  pD=+12.88  bBaro=+1312.35␍␊
[CATCHUP] exhausted: kalTs=0:21510136 targetTs=0:21511190 imuRdIdx=3200 imuCnt=3200 imuHead=651␍␊
[CATCHUP] exhausted: kalTs=0:21545406 targetTs=0:21546383 imuRdIdx=3200 imuCnt=3200 imuHead=874␍␊
[KAL] baroFuse: meas=+1281.40m  eskfAlt=+1299.47m  inn=-18.08m  pD=+12.88  bBaro=+1312.35␍␊
[KAL] FSM=BURN   Rail(p=  -1.7 r=  +0.1)  ESKF(p=  -1.5 r=  +0.3 y=  -0.1)  alt=-12.9m vD=+2.3␍␊
[KAL] hlth=0x17  loop=21us(max 2437)  mainLoop=94us(max 2630)  NIS=110.4  hiNIS=10  yields=180␍␊
[KAL] IMU=122589  baro=1157  gps=0  imuDrop=17514  baroDrop=83  evtDrop=0  imuBuf=3200  baroBuf=50  evtBuf=1  rwd=1  drained=0␍␊
[KAL] ring_hwm=[128,0,0]  gate=OPEN  grnd=OK  hdg=NO␍␊
[KAL] raw: ax=  -0.27 ay=  -0.03 az=  -9.53  gx=+0.000 gy=-0.004 gz=+0.010  |a|=9.53  P=86849Pa T=28.9C␍␊
[KAL] gyroBias: -0.00000 +0.00000 +0.00000 (rad/s)␍␊
[KAL] fifoHdr: 0x78=122773  0xF0=0  other=5  imuFlags=0x14  imuDrvDrop=17514␍␊
[KAL] catchUp: budget=2000us  last=1us  events=0  dtClamp=0␍␊
[KAL] timing: drain=1us  imuProc=1us  aiding=10us  tick=9us  output=1us␍␊
[KAL] imuBreak: vimu=19617us  post=4071us  n=904  vimu/s=21us  post/s=4us␍␊
[KAL] Pcov: <0xcf><0x83>p=5.90,5.90,1.02  <0xcf><0x83>v=1.64,1.64,0.23  <0xcf><0x83><0xce><0xb8>=0.031  <0xcf><0x83>ba=0.0000  <0xcf><0x83>bg=0.001000  <0xcf><0x83>bb=0.10␍␊
[KAL] eskf: pN=-0.50 pE=+0.53 pD=+12.88  vN=-0.16 vE=+0.16 vD=+2.29  bBaro=+1312.35  aeroBlind=0  inn=0.00  NIS=110.38␍␊
---␍␊
[CATCHUP] future: earliest=0:21572534 target=0:21572188 kalTs=0:21570951 imuRdIdx=3153 imuCnt=3200␍␊
[CATCHUP] exhausted: kalTs=0:21591392 targetTs=0:21592349 imuRdIdx=3200 imuCnt=3200 imuHead=1166␍␊
[KAL] baroFuse: meas=+1281.40m  eskfAlt=+1299.47m  inn=-18.08m  pD=+12.88  bBaro=+1312.35␍␊
[CATCHUP] exhausted: kalTs=0:21627185 targetTs=0:21627701 imuRdIdx=3200 imuCnt=3200 imuHead=1391␍␊
[KAL] baroFuse: meas=+1281.40m  eskfAlt=+1299.47m  inn=-18.08m  pD=+12.88  bBaro=+1312.35␍␊
[CATCHUP] exhausted: kalTs=0:21662305 targetTs=0:21663310 imuRdIdx=3200 imuCnt=3200 imuHead=1617␍␊
[KAL] baroFuse: meas=+1281.40m  eskfAlt=+1299.47m  inn=-18.08m  pD=+12.88  bBaro=+1312.35␍␊
[CATCHUP] exhausted: kalTs=0:21698078 targetTs=0:21698814 imuRdIdx=3200 imuCnt=3200 imuHead=1842␍␊
[KAL] FSM=BURN   Rail(p=  -1.7 r=  +0.1)  ESKF(p=  -1.5 r=  +0.3 y=  -0.1)  alt=-12.9m vD=+2.3␍␊
[KAL] hlth=0x17  loop=56us(max 2437)  mainLoop=50us(max 2630)  NIS=110.4  hiNIS=10  yields=180␍␊
[KAL] IMU=123497  baro=1166  gps=0  imuDrop=17514  baroDrop=83  evtDrop=0  imuBuf=3200  baroBuf=50  evtBuf=1  rwd=1  drained=1␍␊
[KAL] ring_hwm=[128,0,0]  gate=OPEN  grnd=OK  hdg=NO␍␊
[KAL] raw: ax=  -0.28 ay=  -0.05 az=  -9.59  gx=-0.003 gy=+0.004 gz=+0.005  |a|=9.59  P=86849Pa T=28.9C␍␊
[KAL] gyroBias: -0.00000 +0.00000 +0.00000 (rad/s)␍␊
[KAL] fifoHdr: 0x78=123681  0xF0=0  other=5  imuFlags=0x14  imuDrvDrop=17514␍␊
[KAL] catchUp: budget=2000us  last=2us  events=1  dtClamp=0␍␊
[KAL] timing: drain=1us  imuProc=33us  aiding=11us  tick=11us  output=1us␍␊
[KAL] imuBreak: vimu=19686us  post=4126us  n=908  vimu/s=21us  post/s=4us␍␊
[KAL] Pcov: <0xcf><0x83>p=5.90,5.90,1.02  <0xcf><0x83>v=1.64,1.64,0.23  <0xcf><0x83><0xce><0xb8>=0.031  <0xcf><0x83>ba=0.0000  <0xcf><0x83>bg=0.001000  <0xcf><0x83>bb=0.10␍␊
[KAL] eskf: pN=-0.50 pE=+0.53 pD=+12.88  vN=-0.16 vE=+0.16 vD=+2.29  bBaro=+1312.35  aeroBlind=0  inn=0.00  NIS=110.38␍␊
---␍␊
[CATCHUP] exhausted: kalTs=0:21741559 targetTs=0:21742076 imuRdIdx=3200 imuCnt=3200 imuHead=2117␍␊
[KAL] baroFuse: meas=+1281.40m  eskfAlt=+1299.47m  inn=-18.08m  pD=+12.88  bBaro=+1312.35␍␊
[CATCHUP] exhausted: kalTs=0:21777311 targetTs=0:21777929 imuRdIdx=3200 imuCnt=3200 imuHead=2344␍␊
[KAL] baroFuse: meas=+1281.40m  eskfAlt=+1299.47m  inn=-18.08m  pD=+12.88  bBaro=+1312.35␍␊
[CATCHUP] exhausted: kalTs=0:21812441 targetTs=0:21813296 imuRdIdx=3200 imuCnt=3200 imuHead=2569␍␊
[KAL] baroFuse: meas=+1281.40m  eskfAlt=+1299.47m  inn=-18.08m  pD=+12.88  bBaro=+1312.35␍␊
[CATCHUP] exhausted: kalTs=0:21847721 targetTs=0:21848742 imuRdIdx=3200 imuCnt=3200 imuHead=2794␍␊
[KAL] FSM=BURN   Rail(p=  -1.7 r=  +0.1)  ESKF(p=  -1.5 r=  +0.3 y=  -0.1)  alt=-12.9m vD=+2.3␍␊
[KAL] hlth=0x17  loop=56us(max 2437)  mainLoop=51us(max 2630)  NIS=110.4  hiNIS=10  yields=180␍␊
[KAL] IMU=124406  baro=1175  gps=0  imuDrop=17514  baroDrop=83  evtDrop=0  imuBuf=3200  baroBuf=50  evtBuf=1  rwd=1  drained=1␍␊
[KAL] ring_hwm=[128,0,0]  gate=OPEN  grnd=OK  hdg=NO␍␊
[KAL] raw: ax=  -0.32 ay=  -0.05 az=  -9.57  gx=-0.006 gy=+0.006 gz=+0.010  |a|=9.58  P=86849Pa T=28.9C␍␊
[KAL] gyroBias: -0.00000 +0.00000 +0.00000 (rad/s)␍␊
[KAL] fifoHdr: 0x78=124590  0xF0=0  other=5  imuFlags=0x34  imuDrvDrop=17514␍␊
[KAL] catchUp: budget=2000us  last=2us  events=1  dtClamp=0␍␊
[KAL] timing: drain=1us  imuProc=33us  aiding=11us  tick=11us  output=1us␍␊
[KAL] imuBreak: vimu=19723us  post=4094us  n=909  vimu/s=21us  post/s=4us␍␊
[KAL] Pcov: <0xcf><0x83>p=5.90,5.90,1.02  <0xcf><0x83>v=1.64,1.64,0.23  <0xcf><0x83><0xce><0xb8>=0.031  <0xcf><0x83>ba=0.0000  <0xcf><0x83>bg=0.001000  <0xcf><0x83>bb=0.10␍␊
[KAL] eskf: pN=-0.50 pE=+0.53 pD=+12.88  vN=-0.16 vE=+0.16 vD=+2.29  bBaro=+1312.35  aeroBlind=0  inn=0.00  NIS=110.38␍␊
---␍␊
[CATCHUP] exhausted: kalTs=0:21890399 targetTs=0:21891164 imuRdIdx=3200 imuCnt=3200 imuHead=3063␍␊
[KAL] baroFuse: meas=+1281.40m  eskfAlt=+1299.47m  inn=-18.08m  pD=+12.88  bBaro=+1312.35␍␊
[CATCHUP] exhausted: kalTs=0:21925545 targetTs=0:21926504 imuRdIdx=3200 imuCnt=3200 imuHead=87␍␊
[KAL] baroFuse: meas=+1281.40m  eskfAlt=+1299.47m  inn=-18.08m  pD=+12.88  bBaro=+1312.35␍␊
[CATCHUP] exhausted: kalTs=0:21960847 targetTs=0:21961902 imuRdIdx=3200 imuCnt=3200 imuHead=312␍␊
[KAL] FSM=BURN   Rail(p=  -1.7 r=  +0.1)  ESKF(p=  -1.5 r=  +0.3 y=  -0.1)  alt=-12.9m vD=+2.3␍␊
[KAL] hlth=0x17  loop=21us(max 2437)  mainLoop=94us(max 2630)  NIS=110.4  hiNIS=10  yields=180␍␊
[KAL] IMU=125309  baro=1181  gps=0  imuDrop=17514  baroDrop=83  evtDrop=0  imuBuf=3200  baroBuf=50  evtBuf=1  rwd=1  drained=0␍␊
[KAL] ring_hwm=[128,0,0]  gate=OPEN  grnd=OK  hdg=NO␍␊
[KAL] raw: ax=  -0.30 ay=  -0.03 az=  -9.62  gx=+0.009 gy=-0.000 gz=+0.002  |a|=9.63  P=86849Pa T=28.9C␍␊
[KAL] gyroBias: -0.00000 +0.00000 +0.00000 (rad/s)␍␊
[KAL] fifoHdr: 0x78=125493  0xF0=0  other=5  imuFlags=0x14  imuDrvDrop=17514␍␊
[KAL] catchUp: budget=2000us  last=1us  events=0  dtClamp=0␍␊
[KAL] timing: drain=1us  imuProc=0us  aiding=11us  tick=8us  output=1us␍␊
[KAL] imuBreak: vimu=19563us  post=4090us  n=903  vimu/s=21us  post/s=4us␍␊
[KAL] Pcov: <0xcf><0x83>p=5.90,5.90,1.02  <0xcf><0x83>v=1.64,1.64,0.23  <0xcf><0x83><0xce><0xb8>=0.031  <0xcf><0x83>ba=0.0000  <0xcf><0x83>bg=0.001000  <0xcf><0x83>bb=0.10␍␊
[KAL] eskf: pN=-0.50 pE=+0.53 pD=+12.88  vN=-0.16 vE=+0.16 vD=+2.29  bBaro=+1312.35  aeroBlind=0  inn=0.00  NIS=110.38␍␊
---␍␊
[KAL] baroFuse: meas=+1281.40m  eskfAlt=+1299.47m  inn=-18.08m  pD=+12.88  bBaro=+1312.35␍␊
[CATCHUP] exhausted: kalTs=0:22006381 targetTs=0:22007434 imuRdIdx=3200 imuCnt=3200 imuHead=601␍␊
[CATCHUP] exhausted: kalTs=0:22041650 targetTs=0:22042506 imuRdIdx=3200 imuCnt=3200 imuHead=824␍␊
[KAL] baroFuse: meas=+1281.40m  eskfAlt=+1299.47m  inn=-18.08m  pD=+12.88  bBaro=+1312.35␍␊
[CATCHUP] exhausted: kalTs=0:22076925 targetTs=0:22077832 imuRdIdx=3200 imuCnt=3200 imuHead=1048␍␊
[KAL] baroFuse: meas=+1281.40m  eskfAlt=+1299.47m  inn=-18.08m  pD=+12.88  bBaro=+1312.35␍␊
[CATCHUP] exhausted: kalTs=0:22112068 targetTs=0:22113121 imuRdIdx=3200 imuCnt=3200 imuHead=1272␍␊
[KAL] FSM=BURN   Rail(p=  -1.7 r=  +0.1)  ESKF(p=  -1.5 r=  +0.3 y=  -0.1)  alt=-12.9m vD=+2.3␍␊
[KAL] hlth=0x17  loop=56us(max 2437)  mainLoop=49us(max 2630)  NIS=110.4  hiNIS=10  yields=180␍␊
[KAL] IMU=126214  baro=1190  gps=0  imuDrop=17514  baroDrop=83  evtDrop=0  imuBuf=3200  baroBuf=50  evtBuf=1  rwd=1  drained=1␍␊
[KAL] ring_hwm=[128,0,0]  gate=OPEN  grnd=OK  hdg=NO␍␊
[KAL] raw: ax=  -0.30 ay=  +0.12 az=  -9.53  gx=-0.007 gy=-0.001 gz=-0.002  |a|=9.54  P=95898Pa T=29.5C␍␊
[KAL] gyroBias: -0.00000 +0.00000 +0.00000 (rad/s)␍␊
[KAL] fifoHdr: 0x78=126398  0xF0=0  other=5  imuFlags=0x14  imuDrvDrop=17514␍␊
[KAL] catchUp: budget=2000us  last=3us  events=1  dtClamp=0␍␊
[KAL] timing: drain=1us  imuProc=33us  aiding=11us  tick=11us  output=1us␍␊
[KAL] imuBreak: vimu=19624us  post=4085us  n=905  vimu/s=21us  post/s=4us␍␊
[KAL] Pcov: <0xcf><0x83>p=5.90,5.90,1.02  <0xcf><0x83>v=1.64,1.64,0.23  <0xcf><0x83><0xce><0xb8>=0.031  <0xcf><0x83>ba=0.0000  <0xcf><0x83>bg=0.001000  <0xcf><0x83>bb=0.10␍␊
[KAL] eskf: pN=-0.50 pE=+0.53 pD=+12.88  vN=-0.16 vE=+0.16 vD=+2.29  bBaro=+1312.35  aeroBlind=0  inn=0.00  NIS=110.38␍␊
---␍␊
[KAL] baroFuse: meas=+1281.40m  eskfAlt=+1299.47m  inn=-18.08m  pD=+12.88  bBaro=+1312.35␍␊
[CATCHUP] exhausted: kalTs=0:22156953 targetTs=0:22157918 imuRdIdx=3200 imuCnt=3200 imuHead=1556␍␊
[CATCHUP] exhausted: kalTs=0:22192261 targetTs=0:22193024 imuRdIdx=3200 imuCnt=3200 imuHead=1779␍␊
[KAL] baroFuse: meas=+1281.40m  eskfAlt=+1299.47m  inn=-18.08m  pD=+12.88  bBaro=+1312.35␍␊
[CATCHUP] exhausted: kalTs=0:22227361 targetTs=0:22228322 imuRdIdx=3200 imuCnt=3200 imuHead=2003␍␊
[KAL] baroFuse: meas=+1281.40m  eskfAlt=+1299.47m  inn=-18.08m  pD=+12.88  bBaro=+1312.35␍␊
[CATCHUP] exhausted: kalTs=0:22262964 targetTs=0:22263583 imuRdIdx=3200 imuCnt=3200 imuHead=2227␍␊
[KAL] FSM=BURN   Rail(p=  -1.7 r=  +0.1)  ESKF(p=  -1.5 r=  +0.3 y=  -0.1)  alt=-12.9m vD=+2.3␍␊
[KAL] hlth=0x17  loop=21us(max 2437)  mainLoop=94us(max 2630)  NIS=110.4  hiNIS=10  yields=180␍␊
[KAL] IMU=127117  baro=1199  gps=0  imuDrop=17514  baroDrop=83  evtDrop=0  imuBuf=3200  baroBuf=50  evtBuf=1  rwd=1  drained=0␍␊
[KAL] ring_hwm=[128,0,0]  gate=OPEN  grnd=OK  hdg=NO␍␊
[KAL] raw: ax=  -0.23 ay=  +0.04 az=  -9.60  gx=+0.005 gy=+0.007 gz=+0.003  |a|=9.61  P=86849Pa T=28.9C␍␊
[KAL] gyroBias: -0.00000 +0.00000 +0.00000 (rad/s)␍␊
[KAL] fifoHdr: 0x78=127301  0xF0=0  other=5  imuFlags=0x14  imuDrvDrop=17514␍␊
[KAL] catchUp: budget=2000us  last=0us  events=0  dtClamp=0␍␊
[KAL] timing: drain=1us  imuProc=1us  aiding=10us  tick=9us  output=1us␍␊
[KAL] imuBreak: vimu=19572us  post=4072us  n=903  vimu/s=21us  post/s=4us␍␊
[KAL] Pcov: <0xcf><0x83>p=5.90,5.90,1.02  <0xcf><0x83>v=1.64,1.64,0.23  <0xcf><0x83><0xce><0xb8>=0.031  <0xcf><0x83>ba=0.0000  <0xcf><0x83>bg=0.001000  <0xcf><0x83>bb=0.10␍␊
[KAL] eskf: pN=-0.50 pE=+0.53 pD=+12.88  vN=-0.16 vE=+0.16 vD=+2.29  bBaro=+1312.35  aeroBlind=0  inn=0.00  NIS=110.38␍␊
---␍␊
[CATCHUP] future: earliest=0:22283146 target=0:22281877 kalTs=0:22281410 imuRdIdx=3174 imuCnt=3200␍␊
[KAL] baroFuse: meas=+1281.40m  eskfAlt=+1299.47m  inn=-18.08m  pD=+12.88  bBaro=+1312.35␍␊
[CATCHUP] exhausted: kalTs=0:22309948 targetTs=0:22310567 imuRdIdx=3200 imuCnt=3200 imuHead=2525␍␊
[CATCHUP] exhausted: kalTs=0:22344579 targetTs=0:22345671 imuRdIdx=3200 imuCnt=3200 imuHead=2748␍␊
[KAL] baroFuse: meas=+1281.40m  eskfAlt=+1299.47m  inn=-18.08m  pD=+12.88  bBaro=+1312.35␍␊
[CATCHUP] exhausted: kalTs=0:22381482 targetTs=0:22382100 imuRdIdx=3200 imuCnt=3200 imuHead=2979␍␊
[KAL] baroFuse: meas=+1281.40m  eskfAlt=+1299.47m  inn=-18.08m  pD=+12.88  bBaro=+1312.35␍␊
[CATCHUP] exhausted: kalTs=0:22416624 targetTs=0:22417387 imuRdIdx=3200 imuCnt=3200 imuHead=3␍␊
[KAL] FSM=BURN   Rail(p=  -1.7 r=  +0.1)  ESKF(p=  -1.5 r=  +0.3 y=  -0.1)  alt=-12.9m vD=+2.3␍␊
[KAL] hlth=0x17  loop=21us(max 2437)  mainLoop=95us(max 2630)  NIS=110.4  hiNIS=10  yields=180␍␊
[KAL] IMU=128028  baro=1208  gps=0  imuDrop=17514  baroDrop=83  evtDrop=0  imuBuf=3200  baroBuf=50  evtBuf=1  rwd=1  drained=0␍␊
[KAL] ring_hwm=[128,0,0]  gate=OPEN  grnd=OK  hdg=NO␍␊
[KAL] raw: ax=  -0.29 ay=  +0.05 az=  -9.31  gx=+0.002 gy=+0.014 gz=+0.003  |a|=9.31  P=95900Pa T=29.5C␍␊
[KAL] gyroBias: -0.00000 +0.00000 +0.00000 (rad/s)␍␊
[KAL] fifoHdr: 0x78=128212  0xF0=0  other=5  imuFlags=0x14  imuDrvDrop=17514␍␊
[KAL] catchUp: budget=2000us  last=0us  events=0  dtClamp=0␍␊
[KAL] timing: drain=1us  imuProc=1us  aiding=10us  tick=9us  output=0us␍␊
[KAL] imuBreak: vimu=19744us  post=4125us  n=911  vimu/s=21us  post/s=4us␍␊
[KAL] Pcov: <0xcf><0x83>p=5.90,5.90,1.02  <0xcf><0x83>v=1.64,1.64,0.23  <0xcf><0x83><0xce><0xb8>=0.031  <0xcf><0x83>ba=0.0000  <0xcf><0x83>bg=0.001000  <0xcf><0x83>bb=0.10␍␊
[KAL] eskf: pN=-0.50 pE=+0.53 pD=+12.88  vN=-0.16 vE=+0.16 vD=+2.29  bBaro=+1312.35  aeroBlind=0  inn=0.00  NIS=110.38␍␊
---␍␊
[KAL] baroFuse: meas=+1281.40m  eskfAlt=+1299.47m  inn=-18.08m  pD=+12.88  bBaro=+1312.35␍␊
[CATCHUP] exhausted: kalTs=0:22463711 targetTs=0:22464761 imuRdIdx=3200 imuCnt=3200 imuHead=304␍␊
[KAL] baroFuse: meas=+1281.40m  eskfAlt=+1299.47m  inn=-18.08m  pD=+12.88  bBaro=+1312.35␍␊
[CATCHUP] exhausted: kalTs=0:22499321 targetTs=0:22500244 imuRdIdx=3200 imuCnt=3200 imuHead=529␍␊
[CATCHUP] exhausted: kalTs=0:22534605 targetTs=0:22535372 imuRdIdx=3200 imuCnt=3200 imuHead=752␍␊
[KAL] baroFuse: meas=+1281.40m  eskfAlt=+1299.47m  inn=-18.08m  pD=+12.88  bBaro=+1312.35␍␊
[KAL] FSM=BURN   Rail(p=  -1.7 r=  +0.1)  ESKF(p=  -1.5 r=  +0.3 y=  -0.1)  alt=-12.9m vD=+2.3␍␊
[KAL] hlth=0x17  loop=21us(max 2437)  mainLoop=94us(max 2630)  NIS=110.4  hiNIS=10  yields=180␍␊
[KAL] IMU=128934  baro=1217  gps=0  imuDrop=17514  baroDrop=83  evtDrop=0  imuBuf=3200  baroBuf=50  evtBuf=1  rwd=1  drained=0␍␊
[KAL] ring_hwm=[128,0,0]  gate=OPEN  grnd=OK  hdg=NO␍␊
[KAL] raw: ax=  -0.28 ay=  +0.09 az=  -9.56  gx=+0.001 gy=+0.000 gz=+0.001  |a|=9.56  P=86849Pa T=28.9C␍␊
[KAL] gyroBias: -0.00000 +0.00000 +0.00000 (rad/s)␍␊
[KAL] fifoHdr: 0x78=129118  0xF0=0  other=5  imuFlags=0x14  imuDrvDrop=17514␍␊
[KAL] catchUp: budget=2000us  last=1us  events=0  dtClamp=0␍␊
[KAL] timing: drain=1us  imuProc=1us  aiding=10us  tick=9us  output=1us␍␊
[KAL] imuBreak: vimu=19664us  post=4070us  n=906  vimu/s=21us  post/s=4us␍␊
[KAL] Pcov: <0xcf><0x83>p=5.90,5.90,1.02  <0xcf><0x83>v=1.64,1.64,0.23  <0xcf><0x83><0xce><0xb8>=0.031  <0xcf><0x83>ba=0.0000  <0xcf><0x83>bg=0.001000  <0xcf><0x83>bb=0.10␍␊
[KAL] eskf: pN=-0.50 pE=+0.53 pD=+12.88  vN=-0.16 vE=+0.16 vD=+2.29  bBaro=+1312.35  aeroBlind=0  inn=0.00  NIS=110.38␍␊
---␍␊
[CATCHUP] exhausted: kalTs=0:22579819 targetTs=0:22580439 imuRdIdx=3200 imuCnt=3200 imuHead=1038␍␊
[KAL] baroFuse: meas=+1281.40m  eskfAlt=+1299.47m  inn=-18.08m  pD=+12.88  bBaro=+1312.35␍␊
[CATCHUP] exhausted: kalTs=0:22614973 targetTs=0:22615880 imuRdIdx=3200 imuCnt=3200 imuHead=1263␍␊
[KAL] baroFuse: meas=+1281.40m  eskfAlt=+1299.47m  inn=-18.08m  pD=+12.88  bBaro=+1312.35␍␊
[CATCHUP] exhausted: kalTs=0:22650254 targetTs=0:22651164 imuRdIdx=3200 imuCnt=3200 imuHead=1487␍␊
[CATCHUP] exhausted: kalTs=0:22685532 targetTs=0:22686243 imuRdIdx=3200 imuCnt=3200 imuHead=1710␍␊
[KAL] baroFuse: meas=+1281.40m  eskfAlt=+1299.47m  inn=-18.08m  pD=+12.88  bBaro=+1312.35␍␊
[KAL] FSM=BURN   Rail(p=  -1.7 r=  +0.1)  ESKF(p=  -1.5 r=  +0.3 y=  -0.1)  alt=-12.9m vD=+2.3␍␊
[KAL] hlth=0x17  loop=56us(max 2437)  mainLoop=51us(max 2630)  NIS=110.4  hiNIS=10  yields=180␍␊
[KAL] IMU=129839  baro=1226  gps=0  imuDrop=17514  baroDrop=83  evtDrop=0  imuBuf=3200  baroBuf=50  evtBuf=1  rwd=1  drained=1␍␊
[KAL] ring_hwm=[128,0,0]  gate=OPEN  grnd=OK  hdg=NO␍␊
[KAL] raw: ax=  -0.28 ay=  -0.06 az=  -9.57  gx=-0.003 gy=-0.000 gz=+0.005  |a|=9.58  P=86849Pa T=28.9C␍␊
[KAL] gyroBias: -0.00000 +0.00000 +0.00000 (rad/s)␍␊
[KAL] fifoHdr: 0x78=130023  0xF0=0  other=5  imuFlags=0x14  imuDrvDrop=17514␍␊
[KAL] catchUp: budget=2000us  last=2us  events=1  dtClamp=0␍␊
[KAL] timing: drain=1us  imuProc=33us  aiding=11us  tick=11us  output=1us␍␊
[KAL] imuBreak: vimu=19629us  post=4085us  n=905  vimu/s=21us  post/s=4us␍␊
[KAL] Pcov: <0xcf><0x83>p=5.90,5.90,1.02  <0xcf><0x83>v=1.64,1.64,0.23  <0xcf><0x83><0xce><0xb8>=0.031  <0xcf><0x83>ba=0.0000  <0xcf><0x83>bg=0.001000  <0xcf><0x83>bb=0.10␍␊
[KAL] eskf: pN=-0.50 pE=+0.53 pD=+12.88  vN=-0.16 vE=+0.16 vD=+2.29  bBaro=+1312.35  aeroBlind=0  inn=0.00  NIS=110.38␍␊
---␍␊
[CATCHUP] exhausted: kalTs=0:22727933 targetTs=0:22728967 imuRdIdx=3200 imuCnt=3200 imuHead=1981␍␊
[KAL] baroFuse: meas=+1281.40m  eskfAlt=+1299.47m  inn=-18.08m  pD=+12.88  bBaro=+1312.35␍␊
[CATCHUP] exhausted: kalTs=0:22763683 targetTs=0:22764248 imuRdIdx=3200 imuCnt=3200 imuHead=2205␍␊
[CATCHUP] exhausted: kalTs=0:22798985 targetTs=0:22799587 imuRdIdx=3200 imuCnt=3200 imuHead=2429␍␊
[KAL] baroFuse: meas=+1281.40m  eskfAlt=+1299.47m  inn=-18.08m  pD=+12.88  bBaro=+1312.35␍␊
[CATCHUP] exhausted: kalTs=0:22833964 targetTs=0:22835018 imuRdIdx=3200 imuCnt=3200 imuHead=2654␍␊
[KAL] FSM=BURN   Rail(p=  -1.7 r=  +0.1)  ESKF(p=  -1.5 r=  +0.3 y=  -0.1)  alt=-12.9m vD=+2.3␍␊
[KAL] hlth=0x17  loop=57us(max 2437)  mainLoop=49us(max 2630)  NIS=110.4  hiNIS=10  yields=180␍␊
[KAL] IMU=130743  baro=1232  gps=0  imuDrop=17514  baroDrop=83  evtDrop=0  imuBuf=3200  baroBuf=50  evtBuf=1  rwd=1  drained=1␍␊
[KAL] ring_hwm=[128,0,0]  gate=OPEN  grnd=OK  hdg=NO␍␊
[KAL] raw: ax=  -0.30 ay=  -0.06 az=  -9.60  gx=-0.002 gy=+0.006 gz=-0.003  |a|=9.60  P=86849Pa T=28.9C␍␊
[KAL] gyroBias: -0.00000 +0.00000 +0.00000 (rad/s)␍␊
[KAL] fifoHdr: 0x78=130927  0xF0=0  other=5  imuFlags=0x14  imuDrvDrop=17514␍␊
[KAL] catchUp: budget=2000us  last=3us  events=1  dtClamp=0␍␊
[KAL] timing: drain=1us  imuProc=34us  aiding=11us  tick=11us  output=1us␍␊
[KAL] imuBreak: vimu=19617us  post=4076us  n=904  vimu/s=21us  post/s=4us␍␊
[KAL] Pcov: <0xcf><0x83>p=5.90,5.90,1.02  <0xcf><0x83>v=1.64,1.64,0.23  <0xcf><0x83><0xce><0xb8>=0.031  <0xcf><0x83>ba=0.0000  <0xcf><0x83>bg=0.001000  <0xcf><0x83>bb=0.10␍␊
[KAL] eskf: pN=-0.50 pE=+0.53 pD=+12.88  vN=-0.16 vE=+0.16 vD=+2.29  bBaro=+1312.35  aeroBlind=0  inn=0.00  NIS=110.38␍␊
---␍␊
[KAL] baroFuse: meas=+1281.40m  eskfAlt=+1299.47m  inn=-18.08m  pD=+12.88  bBaro=+1312.35␍␊
[CATCHUP] future: earliest=0:22854226 target=0:22853066 kalTs=0:22852939 imuRdIdx=3175 imuCnt=3200␍␊
[CATCHUP] exhausted: kalTs=0:22877125 targetTs=0:22877642 imuRdIdx=3200 imuCnt=3200 imuHead=2925␍␊
[KAL] baroFuse: meas=+1281.40m  eskfAlt=+1299.47m  inn=-18.08m  pD=+12.88  bBaro=+1312.35␍␊
[CATCHUP] exhausted: kalTs=0:22912370 targetTs=0:22912990 imuRdIdx=3200 imuCnt=3200 imuHead=3149␍␊
[CATCHUP] exhausted: kalTs=0:22947024 targetTs=0:22948074 imuRdIdx=3200 imuCnt=3200 imuHead=172␍␊
[KAL] baroFuse: meas=+1281.40m  eskfAlt=+1299.47m  inn=-18.08m  pD=+12.88  bBaro=+1312.35␍␊
[CATCHUP] exhausted: kalTs=0:22982784 targetTs=0:22983351 imuRdIdx=3200 imuCnt=3200 imuHead=396␍␊
[KAL] FSM=BURN   Rail(p=  -1.7 r=  +0.1)  ESKF(p=  -1.5 r=  +0.3 y=  -0.1)  alt=-12.9m vD=+2.3␍␊
[KAL] hlth=0x17  loop=21us(max 2437)  mainLoop=94us(max 2630)  NIS=110.4  hiNIS=10  yields=180␍␊
[KAL] IMU=131646  baro=1241  gps=0  imuDrop=17514  baroDrop=83  evtDrop=0  imuBuf=3200  baroBuf=50  evtBuf=1  rwd=1  drained=0␍␊
[KAL] ring_hwm=[128,0,0]  gate=OPEN  grnd=OK  hdg=NO␍␊
[KAL] raw: ax=  -0.27 ay=  -0.10 az=  -9.67  gx=+0.000 gy=+0.008 gz=+0.006  |a|=9.67  P=95893Pa T=29.6C␍␊
[KAL] gyroBias: -0.00000 +0.00000 +0.00000 (rad/s)␍␊
[KAL] fifoHdr: 0x78=131830  0xF0=0  other=5  imuFlags=0x14  imuDrvDrop=17514␍␊
[KAL] catchUp: budget=2000us  last=1us  events=0  dtClamp=0␍␊
[KAL] timing: drain=1us  imuProc=1us  aiding=11us  tick=8us  output=1us␍␊
[KAL] imuBreak: vimu=19613us  post=4077us  n=903  vimu/s=21us  post/s=4us␍␊
[KAL] Pcov: <0xcf><0x83>p=5.90,5.90,1.02  <0xcf><0x83>v=1.64,1.64,0.23  <0xcf><0x83><0xce><0xb8>=0.031  <0xcf><0x83>ba=0.0000  <0xcf><0x83>bg=0.001000  <0xcf><0x83>bb=0.10␍␊
[KAL] eskf: pN=-0.50 pE=+0.53 pD=+12.88  vN=-0.16 vE=+0.16 vD=+2.29  bBaro=+1312.35  aeroBlind=0  inn=0.00  NIS=110.38␍␊
---␍␊
[KAL] baroFuse: meas=+1281.40m  eskfAlt=+1299.47m  inn=-18.08m  pD=+12.88  bBaro=+1312.35␍␊
[CATCHUP] exhausted: kalTs=0:23026614 targetTs=0:23027668 imuRdIdx=3200 imuCnt=3200 imuHead=677␍␊
[KAL] baroFuse: meas=+1281.40m  eskfAlt=+1299.47m  inn=-18.08m  pD=+12.88  bBaro=+1312.35␍␊
[CATCHUP] exhausted: kalTs=0:23061893 targetTs=0:23062948 imuRdIdx=3200 imuCnt=3200 imuHead=901␍␊
[CATCHUP] exhausted: kalTs=0:23097154 targetTs=0:23098062 imuRdIdx=3200 imuCnt=3200 imuHead=1124␍␊
[KAL] baroFuse: meas=+1281.40m  eskfAlt=+1299.47m  inn=-18.08m  pD=+12.88  bBaro=+1312.35␍␊
[KAL] FSM=BURN   Rail(p=  -1.7 r=  +0.1)  ESKF(p=  -1.5 r=  +0.3 y=  -0.1)  alt=-12.9m vD=+2.3␍␊
[KAL] hlth=0x17  loop=56us(max 2437)  mainLoop=48us(max 2630)  NIS=110.4  hiNIS=10  yields=180␍␊
[KAL] IMU=132549  baro=1250  gps=0  imuDrop=17514  baroDrop=83  evtDrop=0  imuBuf=3200  baroBuf=50  evtBuf=1  rwd=1  drained=1␍␊
[KAL] ring_hwm=[128,0,0]  gate=OPEN  grnd=OK  hdg=NO␍␊
[KAL] raw: ax=  -0.41 ay=  -0.08 az=  -9.64  gx=+0.007 gy=+0.007 gz=-0.005  |a|=9.65  P=86849Pa T=28.9C␍␊
[KAL] gyroBias: -0.00000 +0.00000 +0.00000 (rad/s)␍␊
[KAL] fifoHdr: 0x78=132733  0xF0=0  other=5  imuFlags=0x34  imuDrvDrop=17514␍␊
[KAL] catchUp: budget=2000us  last=2us  events=1  dtClamp=0␍␊
[KAL] timing: drain=1us  imuProc=33us  aiding=11us  tick=11us  output=1us␍␊
[KAL] imuBreak: vimu=19592us  post=4083us  n=903  vimu/s=21us  post/s=4us␍␊
[KAL] Pcov: <0xcf><0x83>p=5.90,5.90,1.02  <0xcf><0x83>v=1.64,1.64,0.23  <0xcf><0x83><0xce><0xb8>=0.031  <0xcf><0x83>ba=0.0000  <0xcf><0x83>bg=0.001000  <0xcf><0x83>bb=0.10␍␊
[KAL] eskf: pN=-0.50 pE=+0.53 pD=+12.88  vN=-0.16 vE=+0.16 vD=+2.29  bBaro=+1312.35  aeroBlind=0  inn=0.00  NIS=110.38␍␊
---␍␊
[CATCHUP] exhausted: kalTs=0:23139081 targetTs=0:23139793 imuRdIdx=3200 imuCnt=3200 imuHead=1389␍␊
[KAL] baroFuse: meas=+1281.40m  eskfAlt=+1299.47m  inn=-18.08m  pD=+12.88  bBaro=+1312.35␍␊
[CATCHUP] exhausted: kalTs=0:23174170 targetTs=0:23175273 imuRdIdx=3200 imuCnt=3200 imuHead=1614␍␊
[KAL] baroFuse: meas=+1281.40m  eskfAlt=+1299.47m  inn=-18.08m  pD=+12.88  bBaro=+1312.35␍␊
[CATCHUP] exhausted: kalTs=0:23209805 targetTs=0:23210567 imuRdIdx=3200 imuCnt=3200 imuHead=1838␍␊
[CATCHUP] exhausted: kalTs=0:23245064 targetTs=0:23245684 imuRdIdx=3200 imuCnt=3200 imuHead=2061␍␊
[KAL] baroFuse: meas=+1281.40m  eskfAlt=+1299.47m  inn=-18.08m  pD=+12.88  bBaro=+1312.35␍␊
[KAL] FSM=BURN   Rail(p=  -1.7 r=  +0.1)  ESKF(p=  -1.5 r=  +0.3 y=  -0.1)  alt=-12.9m vD=+2.3␍␊
[KAL] hlth=0x17  loop=20us(max 2437)  mainLoop=50us(max 2630)  NIS=110.4  hiNIS=10  yields=180␍␊
[KAL] IMU=133453  baro=1259  gps=0  imuDrop=17514  baroDrop=83  evtDrop=0  imuBuf=3200  baroBuf=50  evtBuf=1  rwd=1  drained=0␍␊
[KAL] ring_hwm=[128,0,0]  gate=OPEN  grnd=OK  hdg=NO␍␊
[KAL] raw: ax=  -0.31 ay=  -0.06 az=  -9.59  gx=-0.002 gy=+0.003 gz=+0.001  |a|=9.59  P=86849Pa T=28.9C␍␊
[KAL] gyroBias: -0.00000 +0.00000 +0.00000 (rad/s)␍␊
[KAL] fifoHdr: 0x78=133637  0xF0=0  other=5  imuFlags=0x14  imuDrvDrop=17514␍␊
[KAL] catchUp: budget=2000us  last=1us  events=0  dtClamp=0␍␊
[KAL] timing: drain=1us  imuProc=0us  aiding=11us  tick=8us  output=1us␍␊
[KAL] imuBreak: vimu=19610us  post=4076us  n=904  vimu/s=21us  post/s=4us␍␊
[KAL] Pcov: <0xcf><0x83>p=5.90,5.90,1.02  <0xcf><0x83>v=1.64,1.64,0.23  <0xcf><0x83><0xce><0xb8>=0.031  <0xcf><0x83>ba=0.0000  <0xcf><0x83>bg=0.001000  <0xcf><0x83>bb=0.10␍␊
[KAL] eskf: pN=-0.50 pE=+0.53 pD=+12.88  vN=-0.16 vE=+0.16 vD=+2.29  bBaro=+1312.35  aeroBlind=0  inn=0.00  NIS=110.38␍␊
---␍␊
[CATCHUP] exhausted: kalTs=0:23287937 targetTs=0:23288647 imuRdIdx=3200 imuCnt=3200 imuHead=2334␍␊
[KAL] baroFuse: meas=+1281.40m  eskfAlt=+1299.47m  inn=-18.08m  pD=+12.88  bBaro=+1312.35␍␊
[CATCHUP] exhausted: kalTs=0:23323078 targetTs=0:23323987 imuRdIdx=3200 imuCnt=3200 imuHead=2558␍␊
[KAL] baroFuse: meas=+1281.40m  eskfAlt=+1299.47m  inn=-18.08m  pD=+12.88  bBaro=+1312.35␍␊
[CATCHUP] exhausted: kalTs=0:23358828 targetTs=0:23359448 imuRdIdx=3200 imuCnt=3200 imuHead=2783␍␊
[CATCHUP] exhausted: kalTs=0:23393473 targetTs=0:23394562 imuRdIdx=3200 imuCnt=3200 imuHead=3006␍␊
[KAL] baroFuse: meas=+1281.40m  eskfAlt=+1299.47m  inn=-18.08m  pD=+12.88  bBaro=+1312.35␍␊
[KAL] FSM=BURN   Rail(p=  -1.7 r=  +0.1)  ESKF(p=  -1.5 r=  +0.3 y=  -0.1)  alt=-12.9m vD=+2.3␍␊
[KAL] hlth=0x17  loop=61us(max 2437)  mainLoop=49us(max 2630)  NIS=110.4  hiNIS=10  yields=180␍␊
[KAL] IMU=134358  baro=1268  gps=0  imuDrop=17514  baroDrop=83  evtDrop=0  imuBuf=3200  baroBuf=50  evtBuf=1  rwd=1  drained=1␍␊
[KAL] ring_hwm=[128,0,0]  gate=OPEN  grnd=OK  hdg=NO␍␊
[KAL] raw: ax=  -0.33 ay=  +0.06 az=  -9.56  gx=+0.001 gy=+0.006 gz=-0.001  |a|=9.56  P=86849Pa T=28.9C␍␊
[KAL] gyroBias: -0.00000 +0.00000 +0.00000 (rad/s)␍␊
[KAL] fifoHdr: 0x78=134542  0xF0=0  other=5  imuFlags=0x14  imuDrvDrop=17514␍␊
[KAL] catchUp: budget=2000us  last=3us  events=1  dtClamp=0␍␊
[KAL] timing: drain=1us  imuProc=38us  aiding=11us  tick=11us  output=1us␍␊
[KAL] imuBreak: vimu=19641us  post=4088us  n=905  vimu/s=21us  post/s=4us␍␊
[KAL] Pcov: <0xcf><0x83>p=5.90,5.90,1.02  <0xcf><0x83>v=1.64,1.64,0.23  <0xcf><0x83><0xce><0xb8>=0.031  <0xcf><0x83>ba=0.0000  <0xcf><0x83>bg=0.001000  <0xcf><0x83>bb=0.10␍␊
[KAL] eskf: pN=-0.50 pE=+0.53 pD=+12.88  vN=-0.16 vE=+0.16 vD=+2.29  bBaro=+1312.35  aeroBlind=0  inn=0.00  NIS=110.38␍␊
---␍␊
[CATCHUP] exhausted: kalTs=0:23436661 targetTs=0:23437517 imuRdIdx=3200 imuCnt=3200 imuHead=79␍␊
[KAL] baroFuse: meas=+1281.40m  eskfAlt=+1299.47m  inn=-18.08m  pD=+12.88  bBaro=+1312.35␍␊
[CATCHUP] exhausted: kalTs=0:23471938 targetTs=0:23472848 imuRdIdx=3200 imuCnt=3200 imuHead=303␍␊
[KAL] baroFuse: meas=+1281.40m  eskfAlt=+1299.47m  inn=-18.08m  pD=+12.88  bBaro=+1312.35␍␊
[CATCHUP] exhausted: kalTs=0:23507062 targetTs=0:23508165 imuRdIdx=3200 imuCnt=3200 imuHead=527␍␊
[CATCHUP] exhausted: kalTs=0:23542180 targetTs=0:23543282 imuRdIdx=3200 imuCnt=3200 imuHead=750␍␊
[KAL] baroFuse: meas=+1281.40m  eskfAlt=+1299.47m  inn=-18.08m  pD=+12.88  bBaro=+1312.35␍␊
[KAL] FSM=BURN   Rail(p=  -1.7 r=  +0.1)  ESKF(p=  -1.5 r=  +0.3 y=  -0.1)  alt=-12.9m vD=+2.3␍␊
[KAL] hlth=0x17  loop=21us(max 2437)  mainLoop=50us(max 2630)  NIS=110.4  hiNIS=10  yields=180␍␊
[KAL] IMU=135261  baro=1277  gps=0  imuDrop=17514  baroDrop=83  evtDrop=0  imuBuf=3200  baroBuf=50  evtBuf=1  rwd=1  drained=0␍␊
[KAL] ring_hwm=[128,0,0]  gate=OPEN  grnd=OK  hdg=NO␍␊
[KAL] raw: ax=  -0.21 ay=  +0.00 az=  -9.54  gx=+0.001 gy=-0.006 gz=-0.003  |a|=9.55  P=86849Pa T=28.9C␍␊
[KAL] gyroBias: -0.00000 +0.00000 +0.00000 (rad/s)␍␊
[KAL] fifoHdr: 0x78=135445  0xF0=0  other=5  imuFlags=0x14  imuDrvDrop=17514␍␊
[KAL] catchUp: budget=2000us  last=1us  events=0  dtClamp=0␍␊
[KAL] timing: drain=1us  imuProc=1us  aiding=10us  tick=9us  output=1us␍␊
[KAL] imuBreak: vimu=19590us  post=4076us  n=903  vimu/s=21us  post/s=4us␍␊
[KAL] Pcov: <0xcf><0x83>p=5.90,5.90,1.02  <0xcf><0x83>v=1.64,1.64,0.23  <0xcf><0x83><0xce><0xb8>=0.031  <0xcf><0x83>ba=0.0000  <0xcf><0x83>bg=0.001000  <0xcf><0x83>bb=0.10␍␊
[KAL] eskf: pN=-0.50 pE=+0.53 pD=+12.88  vN=-0.16 vE=+0.16 vD=+2.29  bBaro=+1312.35  aeroBlind=0  inn=0.00  NIS=110.38␍␊
---␍␊
[CATCHUP] exhausted: kalTs=0:23585359 targetTs=0:23586316 imuRdIdx=3200 imuCnt=3200 imuHead=1023␍␊
[KAL] baroFuse: meas=+1281.40m  eskfAlt=+1299.47m  inn=-18.08m  pD=+12.88  bBaro=+1312.35␍␊
[CATCHUP] exhausted: kalTs=0:23621118 targetTs=0:23621737 imuRdIdx=3200 imuCnt=3200 imuHead=1248␍␊
[KAL] baroFuse: meas=+1281.40m  eskfAlt=+1299.47m  inn=-18.08m  pD=+12.88  bBaro=+1312.35␍␊
[CATCHUP] exhausted: kalTs=0:23656254 targetTs=0:23657019 imuRdIdx=3200 imuCnt=3200 imuHead=1472␍␊
[CATCHUP] exhausted: kalTs=0:23691532 targetTs=0:23692098 imuRdIdx=3200 imuCnt=3200 imuHead=1695␍␊
[KAL] baroFuse: meas=+1281.40m  eskfAlt=+1299.47m  inn=-18.08m  pD=+12.88  bBaro=+1312.35␍␊
[KAL] FSM=BURN   Rail(p=  -1.7 r=  +0.1)  ESKF(p=  -1.5 r=  +0.3 y=  -0.1)  alt=-12.9m vD=+2.3␍␊
[KAL] hlth=0x17  loop=21us(max 2437)  mainLoop=94us(max 2630)  NIS=110.4  hiNIS=10  yields=180␍␊
[KAL] IMU=136165  baro=1286  gps=0  imuDrop=17514  baroDrop=83  evtDrop=0  imuBuf=3200  baroBuf=50  evtBuf=1  rwd=1  drained=0␍␊
[KAL] ring_hwm=[128,0,0]  gate=OPEN  grnd=OK  hdg=NO␍␊
[KAL] raw: ax=  -0.36 ay=  -0.07 az=  -9.65  gx=-0.004 gy=+0.001 gz=+0.004  |a|=9.66  P=86849Pa T=28.9C␍␊
[KAL] gyroBias: -0.00000 +0.00000 +0.00000 (rad/s)␍␊
[KAL] fifoHdr: 0x78=136349  0xF0=0  other=5  imuFlags=0x14  imuDrvDrop=17514␍␊
[KAL] catchUp: budget=2000us  last=1us  events=0  dtClamp=0␍␊
[KAL] timing: drain=1us  imuProc=1us  aiding=10us  tick=9us  output=1us␍␊
[KAL] imuBreak: vimu=19632us  post=4081us  n=904  vimu/s=21us  post/s=4us␍␊
[KAL] Pcov: <0xcf><0x83>p=5.90,5.90,1.02  <0xcf><0x83>v=1.64,1.64,0.23  <0xcf><0x83><0xce><0xb8>=0.031  <0xcf><0x83>ba=0.0000  <0xcf><0x83>bg=0.001000  <0xcf><0x83>bb=0.10␍␊
[KAL] eskf: pN=-0.50 pE=+0.53 pD=+12.88  vN=-0.16 vE=+0.16 vD=+2.29  bBaro=+1312.35  aeroBlind=0  inn=0.00  NIS=110.38␍␊
---␍␊
[CATCHUP] future: earliest=0:23704781 target=0:23703823 kalTs=0:23703216 imuRdIdx=3194 imuCnt=3200␍␊
[CATCHUP] exhausted: kalTs=0:23735645 targetTs=0:23736357 imuRdIdx=3200 imuCnt=3200 imuHead=1976␍␊
[KAL] baroFuse: meas=+1281.40m  eskfAlt=+1299.47m  inn=-18.08m  pD=+12.88  bBaro=+1312.35␍␊
[CATCHUP] exhausted: kalTs=0:23770787 targetTs=0:23771644 imuRdIdx=3200 imuCnt=3200 imuHead=2200␍␊
[KAL] baroFuse: meas=+1281.40m  eskfAlt=+1299.47m  inn=-18.08m  pD=+12.88  bBaro=+1312.35␍␊
[CATCHUP] exhausted: kalTs=0:23806066 targetTs=0:23807023 imuRdIdx=3200 imuCnt=3200 imuHead=2424␍␊
[CATCHUP] exhausted: kalTs=0:23841232 targetTs=0:23842142 imuRdIdx=3200 imuCnt=3200 imuHead=2647␍␊
[KAL] FSM=BURN   Rail(p=  -1.7 r=  +0.1)  ESKF(p=  -1.5 r=  +0.3 y=  -0.1)  alt=-12.9m vD=+2.3␍␊
[KAL] hlth=0x17  loop=21us(max 2437)  mainLoop=94us(max 2630)  NIS=110.4  hiNIS=10  yields=180␍␊
[KAL] IMU=137067  baro=1292  gps=0  imuDrop=17514  baroDrop=83  evtDrop=0  imuBuf=3200  baroBuf=50  evtBuf=1  rwd=1  drained=0␍␊
[KAL] ring_hwm=[128,0,0]  gate=OPEN  grnd=OK  hdg=NO␍␊
[KAL] raw: ax=  -0.31 ay=  -0.06 az=  -9.72  gx=+0.010 gy=+0.001 gz=+0.001  |a|=9.73  P=86849Pa T=28.9C␍␊
[KAL] gyroBias: -0.00000 +0.00000 +0.00000 (rad/s)␍␊
[KAL] fifoHdr: 0x78=137251  0xF0=0  other=5  imuFlags=0x14  imuDrvDrop=17514␍␊
[KAL] catchUp: budget=2000us  last=1us  events=0  dtClamp=0␍␊
[KAL] timing: drain=1us  imuProc=1us  aiding=10us  tick=9us  output=1us␍␊
[KAL] imuBreak: vimu=19563us  post=4080us  n=902  vimu/s=21us  post/s=4us␍␊
[KAL] Pcov: <0xcf><0x83>p=5.90,5.90,1.02  <0xcf><0x83>v=1.64,1.64,0.23  <0xcf><0x83><0xce><0xb8>=0.031  <0xcf><0x83>ba=0.0000  <0xcf><0x83>bg=0.001000  <0xcf><0x83>bb=0.10␍␊
[KAL] eskf: pN=-0.50 pE=+0.53 pD=+12.88  vN=-0.16 vE=+0.16 vD=+2.29  bBaro=+1312.35  aeroBlind=0  inn=0.00  NIS=110.38␍␊
---␍␊
[KAL] baroFuse: meas=+1293.05m  eskfAlt=+1299.47m  inn=-6.42m  pD=+12.88  bBaro=+1312.35␍␊
[CATCHUP] exhausted: kalTs=0:23885668 targetTs=0:23886524 imuRdIdx=3200 imuCnt=3200 imuHead=2929␍␊
[KAL] baroFuse: meas=+1281.40m  eskfAlt=+1299.47m  inn=-18.08m  pD=+12.88  bBaro=+1312.35␍␊
[CATCHUP] exhausted: kalTs=0:23920915 targetTs=0:23921877 imuRdIdx=3200 imuCnt=3200 imuHead=3153␍␊
[KAL] baroFuse: meas=+1281.40m  eskfAlt=+1299.47m  inn=-18.08m  pD=+12.88  bBaro=+1312.35␍␊
[CATCHUP] exhausted: kalTs=0:23956665 targetTs=0:23957284 imuRdIdx=3200 imuCnt=3200 imuHead=178␍␊
[KAL] FSM=BURN   Rail(p=  -1.7 r=  +0.1)  ESKF(p=  -1.5 r=  +0.3 y=  -0.1)  alt=-12.9m vD=+2.3␍␊
[KAL] hlth=0x17  loop=21us(max 2437)  mainLoop=94us(max 2630)  NIS=110.4  hiNIS=10  yields=180␍␊
[KAL] IMU=137971  baro=1301  gps=0  imuDrop=17514  baroDrop=83  evtDrop=0  imuBuf=3200  baroBuf=50  evtBuf=1  rwd=1  drained=0␍␊
[KAL] ring_hwm=[128,0,0]  gate=OPEN  grnd=OK  hdg=NO␍␊
[KAL] raw: ax=  -0.25 ay=  -0.03 az=  -9.55  gx=-0.000 gy=-0.002 gz=+0.006  |a|=9.56  P=86849Pa T=28.9C␍␊
[KAL] gyroBias: -0.00000 +0.00000 +0.00000 (rad/s)␍␊
[KAL] fifoHdr: 0x78=138155  0xF0=0  other=5  imuFlags=0x14  imuDrvDrop=17514␍␊
[KAL] catchUp: budget=2000us  last=1us  events=0  dtClamp=0␍␊
[KAL] timing: drain=1us  imuProc=1us  aiding=10us  tick=9us  output=1us␍␊
[KAL] imuBreak: vimu=19600us  post=4077us  n=904  vimu/s=21us  post/s=4us␍␊
[KAL] Pcov: <0xcf><0x83>p=5.90,5.90,1.02  <0xcf><0x83>v=1.64,1.64,0.23  <0xcf><0x83><0xce><0xb8>=0.031  <0xcf><0x83>ba=0.0000  <0xcf><0x83>bg=0.001000  <0xcf><0x83>bb=0.10␍␊
[KAL] eskf: pN=-0.50 pE=+0.53 pD=+12.88  vN=-0.16 vE=+0.16 vD=+2.29  bBaro=+1312.35  aeroBlind=0  inn=0.00  NIS=110.38␍␊
---␍␊
[CATCHUP] exhausted: kalTs=0:24000161 targetTs=0:24000780 imuRdIdx=3200 imuCnt=3200 imuHead=454␍␊
[KAL] baroFuse: meas=+1281.40m  eskfAlt=+1299.47m  inn=-18.08m  pD=+12.88  bBaro=+1312.35␍␊
[CATCHUP] exhausted: kalTs=0:24035431 targetTs=0:24036142 imuRdIdx=3200 imuCnt=3200 imuHead=679␍␊
[KAL] baroFuse: meas=+1281.40m  eskfAlt=+1299.47m  inn=-18.08m  pD=+12.88  bBaro=+1312.35␍␊
[CATCHUP] exhausted: kalTs=0:24070577 targetTs=0:24071432 imuRdIdx=3200 imuCnt=3200 imuHead=903␍␊
[KAL] baroFuse: meas=+1281.40m  eskfAlt=+1299.47m  inn=-18.08m  pD=+12.88  bBaro=+1312.35␍␊
[CATCHUP] exhausted: kalTs=0:24105851 targetTs=0:24106809 imuRdIdx=3200 imuCnt=3200 imuHead=1127␍␊
[KAL] FSM=BURN   Rail(p=  -1.7 r=  +0.1)  ESKF(p=  -1.5 r=  +0.3 y=  -0.1)  alt=-12.9m vD=+2.3␍␊
[KAL] hlth=0x17  loop=21us(max 2437)  mainLoop=93us(max 2630)  NIS=110.4  hiNIS=10  yields=180␍␊
[KAL] IMU=138875  baro=1310  gps=0  imuDrop=17514  baroDrop=83  evtDrop=0  imuBuf=3200  baroBuf=50  evtBuf=1  rwd=1  drained=0␍␊
[KAL] ring_hwm=[128,0,0]  gate=OPEN  grnd=OK  hdg=NO␍␊
[KAL] raw: ax=  -0.31 ay=  -0.03 az=  -9.51  gx=-0.001 gy=+0.006 gz=-0.005  |a|=9.51  P=86849Pa T=28.9C␍␊
[KAL] gyroBias: -0.00000 +0.00000 +0.00000 (rad/s)␍␊
[KAL] fifoHdr: 0x78=139059  0xF0=0  other=5  imuFlags=0x14  imuDrvDrop=17514␍␊
[KAL] catchUp: budget=2000us  last=1us  events=0  dtClamp=0␍␊
[KAL] timing: drain=1us  imuProc=1us  aiding=10us  tick=9us  output=1us␍␊
[KAL] imuBreak: vimu=19639us  post=4064us  n=904  vimu/s=21us  post/s=4us␍␊
[KAL] Pcov: <0xcf><0x83>p=5.90,5.90,1.02  <0xcf><0x83>v=1.64,1.64,0.23  <0xcf><0x83><0xce><0xb8>=0.031  <0xcf><0x83>ba=0.0000  <0xcf><0x83>bg=0.001000  <0xcf><0x83>bb=0.10␍␊
[KAL] eskf: pN=-0.50 pE=+0.53 pD=+12.88  vN=-0.16 vE=+0.16 vD=+2.29  bBaro=+1312.35  aeroBlind=0  inn=0.00  NIS=110.38␍␊
---␍␊
[CATCHUP] exhausted: kalTs=0:24150143 targetTs=0:24151053 imuRdIdx=3200 imuCnt=3200 imuHead=1408␍␊
[KAL] baroFuse: meas=+1281.40m  eskfAlt=+1299.47m  inn=-18.08m  pD=+12.88  bBaro=+1312.35␍␊
[CATCHUP] exhausted: kalTs=0:24185897 targetTs=0:24186661 imuRdIdx=3200 imuCnt=3200 imuHead=1634␍␊
[KAL] baroFuse: meas=+1281.40m  eskfAlt=+1299.47m  inn=-18.08m  pD=+12.88  bBaro=+1312.35␍␊
[CATCHUP] exhausted: kalTs=0:24221159 targetTs=0:24222118 imuRdIdx=3200 imuCnt=3200 imuHead=1859␍␊
[KAL] baroFuse: meas=+1281.40m  eskfAlt=+1299.47m  inn=-18.08m  pD=+12.88  bBaro=+1312.35␍␊
[CATCHUP] exhausted: kalTs=0:24257877 targetTs=0:24258443 imuRdIdx=3200 imuCnt=3200 imuHead=2090␍␊
[KAL] FSM=BURN   Rail(p=  -1.7 r=  +0.1)  ESKF(p=  -1.5 r=  +0.3 y=  -0.1)  alt=-12.9m vD=+2.3␍␊
[KAL] hlth=0x17  loop=21us(max 2437)  mainLoop=94us(max 2630)  NIS=110.4  hiNIS=10  yields=180␍␊
[KAL] IMU=139787  baro=1319  gps=0  imuDrop=17514  baroDrop=83  evtDrop=0  imuBuf=3200  baroBuf=50  evtBuf=1  rwd=1  drained=0␍␊
[KAL] ring_hwm=[128,0,0]  gate=OPEN  grnd=OK  hdg=NO␍␊
[KAL] raw: ax=  -0.27 ay=  -0.03 az=  -9.70  gx=-0.002 gy=+0.005 gz=+0.009  |a|=9.71  P=95880Pa T=29.2C␍␊
[KAL] gyroBias: -0.00000 +0.00000 +0.00000 (rad/s)␍␊
[KAL] fifoHdr: 0x78=139971  0xF0=0  other=5  imuFlags=0x14  imuDrvDrop=17514␍␊
[KAL] catchUp: budget=2000us  last=1us  events=0  dtClamp=0␍␊
[KAL] timing: drain=1us  imuProc=1us  aiding=11us  tick=8us  output=1us␍␊
[KAL] imuBreak: vimu=19792us  post=4106us  n=912  vimu/s=21us  post/s=4us␍␊
[KAL] Pcov: <0xcf><0x83>p=5.90,5.90,1.02  <0xcf><0x83>v=1.64,1.64,0.23  <0xcf><0x83><0xce><0xb8>=0.031  <0xcf><0x83>ba=0.0000  <0xcf><0x83>bg=0.001000  <0xcf><0x83>bb=0.10␍␊
[KAL] eskf: pN=-0.50 pE=+0.53 pD=+12.88  vN=-0.16 vE=+0.16 vD=+2.29  bBaro=+1312.35  aeroBlind=0  inn=0.00  NIS=110.38␍␊
---␍␊
[CATCHUP] future: earliest=0:24279660 target=0:24278940 kalTs=0:24278202 imuRdIdx=3168 imuCnt=3200␍␊
[CATCHUP] exhausted: kalTs=0:24301226 targetTs=0:24301922 imuRdIdx=3200 imuCnt=3200 imuHead=2366␍␊
[KAL] baroFuse: meas=+1281.40m  eskfAlt=+1299.47m  inn=-18.08m  pD=+12.88  bBaro=+1312.35␍␊
[CATCHUP] exhausted: kalTs=0:24336825 targetTs=0:24337733 imuRdIdx=3200 imuCnt=3200 imuHead=2593␍␊
[KAL] baroFuse: meas=+1281.40m  eskfAlt=+1299.47m  inn=-18.08m  pD=+12.88  bBaro=+1312.35␍␊
[CATCHUP] exhausted: kalTs=0:24372595 targetTs=0:24373113 imuRdIdx=3200 imuCnt=3200 imuHead=2818␍␊
[KAL] baroFuse: meas=+1281.40m  eskfAlt=+1299.47m  inn=-18.08m  pD=+12.88  bBaro=+1312.35␍␊
[CATCHUP] exhausted: kalTs=0:24407876 targetTs=0:24408441 imuRdIdx=3200 imuCnt=3200 imuHead=3042␍␊
[KAL] FSM=BURN   Rail(p=  -1.7 r=  +0.1)  ESKF(p=  -1.5 r=  +0.3 y=  -0.1)  alt=-12.9m vD=+2.3␍␊
[KAL] hlth=0x17  loop=22us(max 2437)  mainLoop=99us(max 2630)  NIS=110.4  hiNIS=10  yields=180␍␊
[KAL] IMU=140694  baro=1328  gps=0  imuDrop=17514  baroDrop=83  evtDrop=0  imuBuf=3200  baroBuf=50  evtBuf=1  rwd=1  drained=0␍␊
[KAL] ring_hwm=[128,0,0]  gate=OPEN  grnd=OK  hdg=NO␍␊
[KAL] raw: ax=  -0.31 ay=  -0.04 az=  -9.58  gx=+0.007 gy=+0.017 gz=-0.003  |a|=9.59  P=86849Pa T=28.9C␍␊
[KAL] gyroBias: -0.00000 +0.00000 +0.00000 (rad/s)␍␊
[KAL] fifoHdr: 0x78=140878  0xF0=0  other=5  imuFlags=0x14  imuDrvDrop=17514␍␊
[KAL] catchUp: budget=2000us  last=1us  events=0  dtClamp=0␍␊
[KAL] timing: drain=1us  imuProc=1us  aiding=10us  tick=9us  output=1us␍␊
[KAL] imuBreak: vimu=19659us  post=4133us  n=907  vimu/s=21us  post/s=4us␍␊
[KAL] Pcov: <0xcf><0x83>p=5.90,5.90,1.02  <0xcf><0x83>v=1.64,1.64,0.23  <0xcf><0x83><0xce><0xb8>=0.031  <0xcf><0x83>ba=0.0000  <0xcf><0x83>bg=0.001000  <0xcf><0x83>bb=0.10␍␊
[KAL] eskf: pN=-0.50 pE=+0.53 pD=+12.88  vN=-0.16 vE=+0.16 vD=+2.29  bBaro=+1312.35  aeroBlind=0  inn=0.00  NIS=110.38␍␊
---␍␊
[CATCHUP] exhausted: kalTs=0:24449769 targetTs=0:24450677 imuRdIdx=3200 imuCnt=3200 imuHead=110␍␊
[KAL] baroFuse: meas=+1281.40m  eskfAlt=+1299.47m  inn=-18.08m  pD=+12.88  bBaro=+1312.35␍␊
[CATCHUP] exhausted: kalTs=0:24485042 targetTs=0:24485946 imuRdIdx=3200 imuCnt=3200 imuHead=334␍␊
[KAL] baroFuse: meas=+1281.40m  eskfAlt=+1299.47m  inn=-18.08m  pD=+12.88  bBaro=+1312.35␍␊
[CATCHUP] exhausted: kalTs=0:24520682 targetTs=0:24521591 imuRdIdx=3200 imuCnt=3200 imuHead=560␍␊
[KAL] baroFuse: meas=+1281.40m  eskfAlt=+1299.47m  inn=-18.08m  pD=+12.88  bBaro=+1312.35␍␊
[CATCHUP] exhausted: kalTs=0:24556413 targetTs=0:24556984 imuRdIdx=3200 imuCnt=3200 imuHead=785␍␊
[KAL] FSM=BURN   Rail(p=  -1.7 r=  +0.1)  ESKF(p=  -1.5 r=  +0.3 y=  -0.1)  alt=-12.9m vD=+2.3␍␊
[KAL] hlth=0x17  loop=20us(max 2437)  mainLoop=94us(max 2630)  NIS=110.4  hiNIS=10  yields=180␍␊
[KAL] IMU=141599  baro=1337  gps=0  imuDrop=17514  baroDrop=83  evtDrop=0  imuBuf=3200  baroBuf=50  evtBuf=1  rwd=1  drained=0␍␊
[KAL] ring_hwm=[128,0,0]  gate=OPEN  grnd=OK  hdg=NO␍␊
[KAL] raw: ax=  -0.31 ay=  -0.03 az=  -9.68  gx=-0.006 gy=+0.007 gz=+0.005  |a|=9.68  P=86849Pa T=28.9C␍␊
[KAL] gyroBias: -0.00000 +0.00000 +0.00000 (rad/s)␍␊
[KAL] fifoHdr: 0x78=141783  0xF0=0  other=5  imuFlags=0x14  imuDrvDrop=17514␍␊
[KAL] catchUp: budget=2000us  last=1us  events=0  dtClamp=0␍␊
[KAL] timing: drain=1us  imuProc=0us  aiding=10us  tick=9us  output=1us␍␊
[KAL] imuBreak: vimu=19602us  post=4097us  n=905  vimu/s=21us  post/s=4us␍␊
[KAL] Pcov: <0xcf><0x83>p=5.90,5.90,1.02  <0xcf><0x83>v=1.64,1.64,0.23  <0xcf><0x83><0xce><0xb8>=0.031  <0xcf><0x83>ba=0.0000  <0xcf><0x83>bg=0.001000  <0xcf><0x83>bb=0.10␍␊
[KAL] eskf: pN=-0.50 pE=+0.53 pD=+12.88  vN=-0.16 vE=+0.16 vD=+2.29  bBaro=+1312.35  aeroBlind=0  inn=0.00  NIS=110.38␍␊
---␍␊
[CATCHUP] exhausted: kalTs=0:24600084 targetTs=0:24600941 imuRdIdx=3200 imuCnt=3200 imuHead=1064␍␊
[KAL] baroFuse: meas=+1281.40m  eskfAlt=+1299.47m  inn=-18.08m  pD=+12.88  bBaro=+1312.35␍␊
[CATCHUP] exhausted: kalTs=0:24635341 targetTs=0:24636246 imuRdIdx=3200 imuCnt=3200 imuHead=1288␍␊
[KAL] baroFuse: meas=+1281.40m  eskfAlt=+1299.47m  inn=-18.08m  pD=+12.88  bBaro=+1312.35␍␊
[CATCHUP] exhausted: kalTs=0:24670483 targetTs=0:24671532 imuRdIdx=3200 imuCnt=3200 imuHead=1512␍␊
[KAL] FSM=BURN   Rail(p=  -1.7 r=  +0.1)  ESKF(p=  -1.5 r=  +0.3 y=  -0.1)  alt=-12.9m vD=+2.3␍␊
[KAL] hlth=0x17  loop=56us(max 2437)  mainLoop=49us(max 2630)  NIS=110.4  hiNIS=10  yields=180␍␊
[KAL] IMU=142500  baro=1343  gps=0  imuDrop=17514  baroDrop=83  evtDrop=0  imuBuf=3200  baroBuf=50  evtBuf=1  rwd=1  drained=1␍␊
[KAL] ring_hwm=[128,0,0]  gate=OPEN  grnd=OK  hdg=NO␍␊
[KAL] raw: ax=  -0.24 ay=  -0.02 az=  -9.64  gx=-0.003 gy=+0.001 gz=-0.001  |a|=9.64  P=95894Pa T=29.7C␍␊
[KAL] gyroBias: -0.00000 +0.00000 +0.00000 (rad/s)␍␊
[KAL] fifoHdr: 0x78=142684  0xF0=0  other=5  imuFlags=0x14  imuDrvDrop=17514␍␊
[KAL] catchUp: budget=2000us  last=2us  events=1  dtClamp=0␍␊
[KAL] timing: drain=1us  imuProc=33us  aiding=11us  tick=11us  output=1us␍␊
[KAL] imuBreak: vimu=19525us  post=4105us  n=901  vimu/s=21us  post/s=4us␍␊
[KAL] Pcov: <0xcf><0x83>p=5.90,5.90,1.02  <0xcf><0x83>v=1.64,1.64,0.23  <0xcf><0x83><0xce><0xb8>=0.031  <0xcf><0x83>ba=0.0000  <0xcf><0x83>bg=0.001000  <0xcf><0x83>bb=0.10␍␊
[KAL] eskf: pN=-0.50 pE=+0.53 pD=+12.88  vN=-0.16 vE=+0.16 vD=+2.29  bBaro=+1312.35  aeroBlind=0  inn=0.00  NIS=110.38␍␊
---␍␊
[KAL] baroFuse: meas=+1281.40m  eskfAlt=+1299.47m  inn=-18.08m  pD=+12.88  bBaro=+1312.35␍␊
[CATCHUP] exhausted: kalTs=0:24713490 targetTs=0:24714201 imuRdIdx=3200 imuCnt=3200 imuHead=1783␍␊
[CATCHUP] exhausted: kalTs=0:24748802 targetTs=0:24749318 imuRdIdx=3200 imuCnt=3200 imuHead=2006␍␊
[KAL] baroFuse: meas=+1281.40m  eskfAlt=+1299.47m  inn=-18.08m  pD=+12.88  bBaro=+1312.35␍␊
[CATCHUP] exhausted: kalTs=0:24783740 targetTs=0:24784645 imuRdIdx=3200 imuCnt=3200 imuHead=2230␍␊
[KAL] baroFuse: meas=+1281.40m  eskfAlt=+1299.47m  inn=-18.08m  pD=+12.88  bBaro=+1312.35␍␊
[CATCHUP] exhausted: kalTs=0:24819519 targetTs=0:24820083 imuRdIdx=3200 imuCnt=3200 imuHead=2455␍␊
[KAL] FSM=BURN   Rail(p=  -1.7 r=  +0.1)  ESKF(p=  -1.5 r=  +0.3 y=  -0.1)  alt=-12.9m vD=+2.3␍␊
[KAL] hlth=0x17  loop=56us(max 2437)  mainLoop=48us(max 2630)  NIS=110.4  hiNIS=10  yields=180␍␊
[KAL] IMU=143405  baro=1352  gps=0  imuDrop=17514  baroDrop=83  evtDrop=0  imuBuf=3200  baroBuf=50  evtBuf=1  rwd=1  drained=1␍␊
[KAL] ring_hwm=[128,0,0]  gate=OPEN  grnd=OK  hdg=NO␍␊
[KAL] raw: ax=  -0.29 ay=  -0.02 az=  -9.63  gx=-0.004 gy=+0.001 gz=+0.001  |a|=9.63  P=86849Pa T=28.9C␍␊
[KAL] gyroBias: -0.00000 +0.00000 +0.00000 (rad/s)␍␊
[KAL] fifoHdr: 0x78=143589  0xF0=0  other=5  imuFlags=0x34  imuDrvDrop=17514␍␊
[KAL] catchUp: budget=2000us  last=2us  events=1  dtClamp=0␍␊
[KAL] timing: drain=1us  imuProc=33us  aiding=11us  tick=11us  output=1us␍␊
[KAL] imuBreak: vimu=19640us  post=4086us  n=905  vimu/s=21us  post/s=4us␍␊
[KAL] Pcov: <0xcf><0x83>p=5.90,5.90,1.02  <0xcf><0x83>v=1.64,1.64,0.23  <0xcf><0x83><0xce><0xb8>=0.031  <0xcf><0x83>ba=0.0000  <0xcf><0x83>bg=0.001000  <0xcf><0x83>bb=0.10␍␊
[KAL] eskf: pN=-0.50 pE=+0.53 pD=+12.88  vN=-0.16 vE=+0.16 vD=+2.29  bBaro=+1312.35  aeroBlind=0  inn=0.00  NIS=110.38␍␊
---␍␊
[KAL] baroFuse: meas=+1281.40m  eskfAlt=+1299.47m  inn=-18.08m  pD=+12.88  bBaro=+1312.35␍␊
[CATCHUP] exhausted: kalTs=0:24861114 targetTs=0:24861970 imuRdIdx=3200 imuCnt=3200 imuHead=2721␍␊
[CATCHUP] exhausted: kalTs=0:24896368 targetTs=0:24897080 imuRdIdx=3200 imuCnt=3200 imuHead=2944␍␊
[KAL] baroFuse: meas=+1281.40m  eskfAlt=+1299.47m  inn=-18.08m  pD=+12.88  bBaro=+1312.35␍␊
[CATCHUP] exhausted: kalTs=0:24931656 targetTs=0:24932418 imuRdIdx=3200 imuCnt=3200 imuHead=3168␍␊
[KAL] baroFuse: meas=+1281.40m  eskfAlt=+1299.47m  inn=-18.08m  pD=+12.88  bBaro=+1312.35␍␊
[CATCHUP] exhausted: kalTs=0:24966786 targetTs=0:24967697 imuRdIdx=3200 imuCnt=3200 imuHead=192␍␊
[KAL] FSM=BURN   Rail(p=  -1.7 r=  +0.1)  ESKF(p=  -1.5 r=  +0.3 y=  -0.1)  alt=-12.9m vD=+2.3␍␊
[KAL] hlth=0x17  loop=21us(max 2437)  mainLoop=94us(max 2630)  NIS=110.4  hiNIS=10  yields=180␍␊
[KAL] IMU=144308  baro=1361  gps=0  imuDrop=17514  baroDrop=83  evtDrop=0  imuBuf=3200  baroBuf=50  evtBuf=1  rwd=1  drained=0␍␊
[KAL] ring_hwm=[128,0,0]  gate=OPEN  grnd=OK  hdg=NO␍␊
[KAL] raw: ax=  -0.36 ay=  +0.06 az=  -9.66  gx=+0.001 gy=+0.004 gz=+0.001  |a|=9.67  P=95893Pa T=29.7C␍␊
[KAL] gyroBias: -0.00000 +0.00000 +0.00000 (rad/s)␍␊
[KAL] fifoHdr: 0x78=144492  0xF0=0  other=5  imuFlags=0x14  imuDrvDrop=17514␍␊
[KAL] catchUp: budget=2000us  last=0us  events=0  dtClamp=0␍␊
[KAL] timing: drain=1us  imuProc=0us  aiding=11us  tick=9us  output=1us␍␊
[KAL] imuBreak: vimu=19625us  post=4061us  n=903  vimu/s=21us  post/s=4us␍␊
[KAL] Pcov: <0xcf><0x83>p=5.90,5.90,1.02  <0xcf><0x83>v=1.64,1.64,0.23  <0xcf><0x83><0xce><0xb8>=0.031  <0xcf><0x83>ba=0.0000  <0xcf><0x83>bg=0.001000  <0xcf><0x83>bb=0.10␍␊
[KAL] eskf: pN=-0.50 pE=+0.53 pD=+12.88  vN=-0.16 vE=+0.16 vD=+2.29  bBaro=+1312.35  aeroBlind=0  inn=0.00  NIS=110.38␍␊
---␍␊
[KAL] baroFuse: meas=+1281.40m  eskfAlt=+1299.47m  inn=-18.08m  pD=+12.88  bBaro=+1312.35␍␊
[CATCHUP] exhausted: kalTs=0:25009146 targetTs=0:25010104 imuRdIdx=3200 imuCnt=3200 imuHead=461␍␊
[CATCHUP] exhausted: kalTs=0:25044277 targetTs=0:25045179 imuRdIdx=3200 imuCnt=3200 imuHead=684␍␊
[KAL] baroFuse: meas=+1281.40m  eskfAlt=+1299.47m  inn=-18.08m  pD=+12.88  bBaro=+1312.35␍␊
[CATCHUP] exhausted: kalTs=0:25079602 targetTs=0:25080602 imuRdIdx=3200 imuCnt=3200 imuHead=909␍␊
[KAL] baroFuse: meas=+1281.40m  eskfAlt=+1299.47m  inn=-18.08m  pD=+12.88  bBaro=+1312.35␍␊
[CATCHUP] exhausted: kalTs=0:25114863 targetTs=0:25115963 imuRdIdx=3200 imuCnt=3200 imuHead=1133␍␊
[KAL] FSM=BURN   Rail(p=  -1.7 r=  +0.1)  ESKF(p=  -1.5 r=  +0.3 y=  -0.1)  alt=-12.9m vD=+2.3␍␊
[KAL] hlth=0x17  loop=56us(max 2437)  mainLoop=48us(max 2630)  NIS=110.4  hiNIS=10  yields=180␍␊
[KAL] IMU=145212  baro=1370  gps=0  imuDrop=17514  baroDrop=83  evtDrop=0  imuBuf=3200  baroBuf=50  evtBuf=1  rwd=1  drained=1␍␊
[KAL] ring_hwm=[128,0,0]  gate=OPEN  grnd=OK  hdg=NO␍␊
[KAL] raw: ax=  -0.27 ay=  +0.01 az=  -9.68  gx=-0.005 gy=+0.009 gz=-0.014  |a|=9.68  P=86849Pa T=28.9C␍␊
[KAL] gyroBias: -0.00000 +0.00000 +0.00000 (rad/s)␍␊
[KAL] fifoHdr: 0x78=145396  0xF0=0  other=5  imuFlags=0x34  imuDrvDrop=17514␍␊
[KAL] catchUp: budget=2000us  last=3us  events=1  dtClamp=0␍␊
[KAL] timing: drain=1us  imuProc=33us  aiding=10us  tick=11us  output=2us␍␊
[KAL] imuBreak: vimu=19615us  post=4115us  n=904  vimu/s=21us  post/s=4us␍␊
[KAL] Pcov: <0xcf><0x83>p=5.90,5.90,1.02  <0xcf><0x83>v=1.64,1.64,0.23  <0xcf><0x83><0xce><0xb8>=0.031  <0xcf><0x83>ba=0.0000  <0xcf><0x83>bg=0.001000  <0xcf><0x83>bb=0.10␍␊
[KAL] eskf: pN=-0.50 pE=+0.53 pD=+12.88  vN=-0.16 vE=+0.16 vD=+2.29  bBaro=+1312.35  aeroBlind=0  inn=0.00  NIS=110.38␍␊
---␍␊
[CATCHUP] future: earliest=0:25131689 target=0:25130685 kalTs=0:25130599 imuRdIdx=3185 imuCnt=3200␍␊
[KAL] baroFuse: meas=+1281.40m  eskfAlt=+1299.47m  inn=-18.08m  pD=+12.88  bBaro=+1312.35␍␊
[CATCHUP] exhausted: kalTs=0:25157077 targetTs=0:25157695 imuRdIdx=3200 imuCnt=3200 imuHead=1398␍␊
[CATCHUP] exhausted: kalTs=0:25191754 targetTs=0:25192813 imuRdIdx=3200 imuCnt=3200 imuHead=1621␍␊
[KAL] baroFuse: meas=+1281.40m  eskfAlt=+1299.47m  inn=-18.08m  pD=+12.88  bBaro=+1312.35␍␊
[CATCHUP] exhausted: kalTs=0:25227498 targetTs=0:25228062 imuRdIdx=3200 imuCnt=3200 imuHead=1845␍␊
[KAL] baroFuse: meas=+1281.40m  eskfAlt=+1299.47m  inn=-18.08m  pD=+12.88  bBaro=+1312.35␍␊
[CATCHUP] exhausted: kalTs=0:25262818 targetTs=0:25263388 imuRdIdx=3200 imuCnt=3200 imuHead=2069␍␊
[KAL] FSM=BURN   Rail(p=  -1.7 r=  +0.1)  ESKF(p=  -1.5 r=  +0.3 y=  -0.1)  alt=-12.9m vD=+2.3␍␊
[KAL] hlth=0x17  loop=20us(max 2437)  mainLoop=49us(max 2630)  NIS=110.4  hiNIS=10  yields=180␍␊
[KAL] IMU=146115  baro=1379  gps=0  imuDrop=17514  baroDrop=83  evtDrop=0  imuBuf=3200  baroBuf=50  evtBuf=1  rwd=1  drained=0␍␊
[KAL] ring_hwm=[128,0,0]  gate=OPEN  grnd=OK  hdg=NO␍␊
[KAL] raw: ax=  -0.28 ay=  +0.01 az=  -9.59  gx=+0.007 gy=+0.004 gz=+0.007  |a|=9.60  P=86849Pa T=28.9C␍␊
[KAL] gyroBias: -0.00000 +0.00000 +0.00000 (rad/s)␍␊
[KAL] fifoHdr: 0x78=146299  0xF0=0  other=5  imuFlags=0x14  imuDrvDrop=17514␍␊
[KAL] catchUp: budget=2000us  last=1us  events=0  dtClamp=0␍␊
[KAL] timing: drain=1us  imuProc=0us  aiding=11us  tick=8us  output=1us␍␊
[KAL] imuBreak: vimu=19596us  post=4082us  n=903  vimu/s=21us  post/s=4us␍␊
[KAL] Pcov: <0xcf><0x83>p=5.90,5.90,1.02  <0xcf><0x83>v=1.64,1.64,0.23  <0xcf><0x83><0xce><0xb8>=0.031  <0xcf><0x83>ba=0.0000  <0xcf><0x83>bg=0.001000  <0xcf><0x83>bb=0.10␍␊
[KAL] eskf: pN=-0.50 pE=+0.53 pD=+12.88  vN=-0.16 vE=+0.16 vD=+2.29  bBaro=+1312.35  aeroBlind=0  inn=0.00  NIS=110.38␍␊
---␍␊
[KAL] baroFuse: meas=+1281.40m  eskfAlt=+1299.47m  inn=-18.08m  pD=+12.88  bBaro=+1312.35␍␊
[CATCHUP] exhausted: kalTs=0:25307223 targetTs=0:25308328 imuRdIdx=3200 imuCnt=3200 imuHead=2354␍␊
[CATCHUP] exhausted: kalTs=0:25342377 targetTs=0:25343437 imuRdIdx=3200 imuCnt=3200 imuHead=2577␍␊
[KAL] baroFuse: meas=+1281.40m  eskfAlt=+1299.47m  inn=-18.08m  pD=+12.88  bBaro=+1312.35␍␊
[CATCHUP] exhausted: kalTs=0:25378143 targetTs=0:25378907 imuRdIdx=3200 imuCnt=3200 imuHead=2802␍␊
[KAL] baroFuse: meas=+1281.40m  eskfAlt=+1299.47m  inn=-18.08m  pD=+12.88  bBaro=+1312.35␍␊
[KAL] FSM=BURN   Rail(p=  -1.7 r=  +0.1)  ESKF(p=  -1.5 r=  +0.3 y=  -0.1)  alt=-12.9m vD=+2.3␍␊
[KAL] hlth=0x17  loop=56us(max 2437)  mainLoop=49us(max 2630)  NIS=110.4  hiNIS=10  yields=180␍␊
[KAL] IMU=147020  baro=1388  gps=0  imuDrop=17514  baroDrop=83  evtDrop=0  imuBuf=3200  baroBuf=50  evtBuf=1  rwd=1  drained=1␍␊
[KAL] ring_hwm=[128,0,0]  gate=OPEN  grnd=OK  hdg=NO␍␊
[KAL] raw: ax=  -0.31 ay=  +0.03 az=  -9.57  gx=-0.005 gy=-0.005 gz=-0.004  |a|=9.58  P=86849Pa T=28.9C␍␊
[KAL] gyroBias: -0.00000 +0.00000 +0.00000 (rad/s)␍␊
[KAL] fifoHdr: 0x78=147204  0xF0=0  other=5  imuFlags=0x34  imuDrvDrop=17514␍␊
[KAL] catchUp: budget=2000us  last=3us  events=1  dtClamp=0␍␊
[KAL] timing: drain=1us  imuProc=33us  aiding=10us  tick=12us  output=1us␍␊
[KAL] imuBreak: vimu=19629us  post=4101us  n=905  vimu/s=21us  post/s=4us␍␊
[KAL] Pcov: <0xcf><0x83>p=5.90,5.90,1.02  <0xcf><0x83>v=1.64,1.64,0.23  <0xcf><0x83><0xce><0xb8>=0.031  <0xcf><0x83>ba=0.0000  <0xcf><0x83>bg=0.001000  <0xcf><0x83>bb=0.10␍␊
[KAL] eskf: pN=-0.50 pE=+0.53 pD=+12.88  vN=-0.16 vE=+0.16 vD=+2.29  bBaro=+1312.35  aeroBlind=0  inn=0.00  NIS=110.38␍␊
---␍␊
[CATCHUP] exhausted: kalTs=0:25420057 targetTs=0:25420913 imuRdIdx=3200 imuCnt=3200 imuHead=3069␍␊
[CATCHUP] exhausted: kalTs=0:25455646 targetTs=0:25456596 imuRdIdx=3200 imuCnt=3200 imuHead=95␍␊
[KAL] baroFuse: meas=+1281.40m  eskfAlt=+1299.47m  inn=-18.08m  pD=+12.88  bBaro=+1312.35␍␊
[CATCHUP] exhausted: kalTs=0:25491235 targetTs=0:25492339 imuRdIdx=3200 imuCnt=3200 imuHead=322␍␊
[KAL] baroFuse: meas=+1281.40m  eskfAlt=+1299.47m  inn=-18.08m  pD=+12.88  bBaro=+1312.35␍␊
[CATCHUP] exhausted: kalTs=0:25528452 targetTs=0:25529022 imuRdIdx=3200 imuCnt=3200 imuHead=555␍␊
[KAL] FSM=BURN   Rail(p=  -1.7 r=  +0.1)  ESKF(p=  -1.5 r=  +0.3 y=  -0.1)  alt=-12.9m vD=+2.3␍␊
[KAL] hlth=0x17  loop=21us(max 2437)  mainLoop=106us(max 2630)  NIS=110.4  hiNIS=10  yields=180␍␊
[KAL] IMU=147942  baro=1396  gps=0  imuDrop=17514  baroDrop=83  evtDrop=0  imuBuf=3200  baroBuf=50  evtBuf=1  rwd=1  drained=0␍␊
[KAL] ring_hwm=[128,0,0]  gate=OPEN  grnd=OK  hdg=NO␍␊
[KAL] raw: ax=  -0.24 ay=  -0.13 az=  -9.65  gx=+0.003 gy=+0.002 gz=+0.000  |a|=9.66  P=86849Pa T=28.9C␍␊
[KAL] gyroBias: -0.00000 +0.00000 +0.00000 (rad/s)␍␊
[KAL] fifoHdr: 0x78=148126  0xF0=0  other=5  imuFlags=0x14  imuDrvDrop=17514␍␊
[KAL] catchUp: budget=2000us  last=1us  events=0  dtClamp=0␍␊
[KAL] timing: drain=1us  imuProc=1us  aiding=10us  tick=9us  output=1us␍␊
[KAL] imuBreak: vimu=19960us  post=4200us  n=922  vimu/s=21us  post/s=4us␍␊
[KAL] Pcov: <0xcf><0x83>p=5.90,5.90,1.02  <0xcf><0x83>v=1.64,1.64,0.23  <0xcf><0x83><0xce><0xb8>=0.031  <0xcf><0x83>ba=0.0000  <0xcf><0x83>bg=0.001000  <0xcf><0x83>bb=0.10␍␊
[KAL] eskf: pN=-0.50 pE=+0.53 pD=+12.88  vN=-0.16 vE=+0.16 vD=+2.29  bBaro=+1312.35  aeroBlind=0  inn=0.00  NIS=110.38␍␊
---␍␊
[KAL] baroFuse: meas=+1281.40m  eskfAlt=+1299.47m  inn=-18.08m  pD=+12.88  bBaro=+1312.35␍␊
[CATCHUP] exhausted: kalTs=0:25571749 targetTs=0:25572801 imuRdIdx=3200 imuCnt=3200 imuHead=833␍␊
[KAL] baroFuse: meas=+1281.40m  eskfAlt=+1299.47m  inn=-18.08m  pD=+12.88  bBaro=+1312.35␍␊
[CATCHUP] exhausted: kalTs=0:25607533 targetTs=0:25608104 imuRdIdx=3200 imuCnt=3200 imuHead=1057␍␊
[CATCHUP] exhausted: kalTs=0:25642165 targetTs=0:25643212 imuRdIdx=3200 imuCnt=3200 imuHead=1280␍␊
[KAL] baroFuse: meas=+1281.40m  eskfAlt=+1299.47m  inn=-18.08m  pD=+12.88  bBaro=+1312.35␍␊
[CATCHUP] exhausted: kalTs=0:25677957 targetTs=0:25678527 imuRdIdx=3200 imuCnt=3200 imuHead=1504␍␊
[KAL] FSM=BURN   Rail(p=  -1.7 r=  +0.1)  ESKF(p=  -1.5 r=  +0.3 y=  -0.1)  alt=-12.9m vD=+2.3␍␊
[KAL] hlth=0x17  loop=21us(max 2437)  mainLoop=94us(max 2630)  NIS=110.4  hiNIS=10  yields=180␍␊
[KAL] IMU=148847  baro=1403  gps=0  imuDrop=17514  baroDrop=83  evtDrop=0  imuBuf=3200  baroBuf=50  evtBuf=1  rwd=1  drained=0␍␊
[KAL] ring_hwm=[128,0,0]  gate=OPEN  grnd=OK  hdg=NO␍␊
[KAL] raw: ax=  -0.37 ay=  +0.01 az=  -9.57  gx=-0.005 gy=+0.001 gz=-0.000  |a|=9.58  P=95963Pa T=24.3C␍␊
[KAL] gyroBias: -0.00000 +0.00000 +0.00000 (rad/s)␍␊
[KAL] fifoHdr: 0x78=149031  0xF0=0  other=5  imuFlags=0x14  imuDrvDrop=17514␍␊
[KAL] catchUp: budget=2000us  last=0us  events=0  dtClamp=0␍␊
[KAL] timing: drain=1us  imuProc=0us  aiding=11us  tick=8us  output=1us␍␊
[KAL] imuBreak: vimu=19616us  post=4109us  n=905  vimu/s=21us  post/s=4us␍␊
[KAL] Pcov: <0xcf><0x83>p=5.90,5.90,1.02  <0xcf><0x83>v=1.64,1.64,0.23  <0xcf><0x83><0xce><0xb8>=0.031  <0xcf><0x83>ba=0.0000  <0xcf><0x83>bg=0.001000  <0xcf><0x83>bb=0.10␍␊
[KAL] eskf: pN=-0.50 pE=+0.53 pD=+12.88  vN=-0.16 vE=+0.16 vD=+2.29  bBaro=+1312.35  aeroBlind=0  inn=0.00  NIS=110.38␍␊
---␍␊
[KAL] baroFuse: meas=+1281.40m  eskfAlt=+1299.47m  inn=-18.08m  pD=+12.88  bBaro=+1312.35␍␊
[CATCHUP] exhausted: kalTs=0:25719388 targetTs=0:25720388 imuRdIdx=3200 imuCnt=3200 imuHead=1770␍␊
[KAL] baroFuse: meas=+1281.40m  eskfAlt=+1299.47m  inn=-18.08m  pD=+12.88  bBaro=+1312.35␍␊
[CATCHUP] exhausted: kalTs=0:25754819 targetTs=0:25755707 imuRdIdx=3200 imuCnt=3200 imuHead=1994␍␊
[CATCHUP] exhausted: kalTs=0:25789945 targetTs=0:25790800 imuRdIdx=3200 imuCnt=3200 imuHead=2217␍␊
[KAL] baroFuse: meas=+1281.40m  eskfAlt=+1299.47m  inn=-18.08m  pD=+12.88  bBaro=+1312.35␍␊
[CATCHUP] exhausted: kalTs=0:25825252 targetTs=0:25826162 imuRdIdx=3200 imuCnt=3200 imuHead=2441␍␊
[KAL] FSM=BURN   Rail(p=  -1.7 r=  +0.1)  ESKF(p=  -1.5 r=  +0.3 y=  -0.1)  alt=-12.9m vD=+2.3␍␊
[KAL] hlth=0x17  loop=56us(max 2437)  mainLoop=50us(max 2630)  NIS=110.4  hiNIS=10  yields=180␍␊
[KAL] IMU=149751  baro=1412  gps=0  imuDrop=17514  baroDrop=83  evtDrop=0  imuBuf=3200  baroBuf=50  evtBuf=1  rwd=1  drained=1␍␊
[KAL] ring_hwm=[128,0,0]  gate=OPEN  grnd=OK  hdg=NO␍␊
[KAL] raw: ax=  -0.28 ay=  -0.08 az=  -9.56  gx=-0.002 gy=+0.002 gz=-0.000  |a|=9.57  P=86849Pa T=28.9C␍␊
[KAL] gyroBias: -0.00000 +0.00000 +0.00000 (rad/s)␍␊
[KAL] fifoHdr: 0x78=149935  0xF0=0  other=5  imuFlags=0x14  imuDrvDrop=17514␍␊
[KAL] catchUp: budget=2000us  last=2us  events=1  dtClamp=0␍␊
[KAL] timing: drain=1us  imuProc=33us  aiding=11us  tick=11us  output=1us␍␊
[KAL] imuBreak: vimu=19604us  post=4103us  n=904  vimu/s=21us  post/s=4us␍␊
[KAL] Pcov: <0xcf><0x83>p=5.90,5.90,1.02  <0xcf><0x83>v=1.64,1.64,0.23  <0xcf><0x83><0xce><0xb8>=0.031  <0xcf><0x83>ba=0.0000  <0xcf><0x83>bg=0.001000  <0xcf><0x83>bb=0.10␍␊
[KAL] eskf: pN=-0.50 pE=+0.53 pD=+12.88  vN=-0.16 vE=+0.16 vD=+2.29  bBaro=+1312.35  aeroBlind=0  inn=0.00  NIS=110.38␍␊
---␍␊
[KAL] baroFuse: meas=+1281.40m  eskfAlt=+1299.47m  inn=-18.08m  pD=+12.88  bBaro=+1312.35␍␊
[CATCHUP] exhausted: kalTs=0:25867767 targetTs=0:25868671 imuRdIdx=3200 imuCnt=3200 imuHead=2711␍␊
[CATCHUP] exhausted: kalTs=0:25902920 targetTs=0:25903775 imuRdIdx=3200 imuCnt=3200 imuHead=2934␍␊
[KAL] baroFuse: meas=+1281.40m  eskfAlt=+1299.47m  inn=-18.08m  pD=+12.88  bBaro=+1312.35␍␊
[CATCHUP] exhausted: kalTs=0:25939333 targetTs=0:25940044 imuRdIdx=3200 imuCnt=3200 imuHead=3164␍␊
[KAL] baroFuse: meas=+1281.40m  eskfAlt=+1299.47m  inn=-18.08m  pD=+12.88  bBaro=+1312.35␍␊
[CATCHUP] exhausted: kalTs=0:25974630 targetTs=0:25975383 imuRdIdx=3200 imuCnt=3200 imuHead=188␍␊
[KAL] FSM=BURN   Rail(p=  -1.7 r=  +0.1)  ESKF(p=  -1.5 r=  +0.3 y=  -0.1)  alt=-12.9m vD=+2.3␍␊
[KAL] hlth=0x17  loop=21us(max 2437)  mainLoop=94us(max 2630)  NIS=110.4  hiNIS=10  yields=180␍␊
[KAL] IMU=150660  baro=1421  gps=0  imuDrop=17514  baroDrop=83  evtDrop=0  imuBuf=3200  baroBuf=50  evtBuf=1  rwd=1  drained=0␍␊
[KAL] ring_hwm=[128,0,0]  gate=OPEN  grnd=OK  hdg=NO␍␊
[KAL] raw: ax=  -0.30 ay=  -0.09 az=  -9.61  gx=+0.006 gy=+0.001 gz=+0.003  |a|=9.62  P=86849Pa T=28.9C␍␊
[KAL] gyroBias: -0.00000 +0.00000 +0.00000 (rad/s)␍␊
[KAL] fifoHdr: 0x78=150844  0xF0=0  other=5  imuFlags=0x14  imuDrvDrop=17514␍␊
[KAL] catchUp: budget=2000us  last=1us  events=0  dtClamp=0␍␊
[KAL] timing: drain=2us  imuProc=0us  aiding=11us  tick=8us  output=1us␍␊
[KAL] imuBreak: vimu=19712us  post=4111us  n=909  vimu/s=21us  post/s=4us␍␊
[KAL] Pcov: <0xcf><0x83>p=5.90,5.90,1.02  <0xcf><0x83>v=1.64,1.64,0.23  <0xcf><0x83><0xce><0xb8>=0.031  <0xcf><0x83>ba=0.0000  <0xcf><0x83>bg=0.001000  <0xcf><0x83>bb=0.10␍␊
[KAL] eskf: pN=-0.50 pE=+0.53 pD=+12.88  vN=-0.16 vE=+0.16 vD=+2.29  bBaro=+1312.35  aeroBlind=0  inn=0.00  NIS=110.38␍␊
---␍␊
[CATCHUP] future: earliest=0:25988267 target=0:25987971 kalTs=0:25986807 imuRdIdx=3190 imuCnt=3200␍␊
[KAL] baroFuse: meas=+1281.40m  eskfAlt=+1299.47m  inn=-18.08m  pD=+12.88  bBaro=+1312.35␍␊
[CATCHUP] exhausted: kalTs=0:26018090 targetTs=0:26019143 imuRdIdx=3200 imuCnt=3200 imuHead=466␍␊
[CATCHUP] exhausted: kalTs=0:26053259 targetTs=0:26054168 imuRdIdx=3200 imuCnt=3200 imuHead=688␍␊
[KAL] baroFuse: meas=+1281.40m  eskfAlt=+1299.47m  inn=-18.08m  pD=+12.88  bBaro=+1312.35␍␊
[CATCHUP] exhausted: kalTs=0:26088359 targetTs=0:26089467 imuRdIdx=3200 imuCnt=3200 imuHead=912␍␊
[KAL] baroFuse: meas=+1281.40m  eskfAlt=+1299.47m  inn=-18.08m  pD=+12.88  bBaro=+1312.35␍␊
[CATCHUP] exhausted: kalTs=0:26123998 targetTs=0:26124762 imuRdIdx=3200 imuCnt=3200 imuHead=1136␍␊
[KAL] FSM=BURN   Rail(p=  -1.7 r=  +0.1)  ESKF(p=  -1.5 r=  +0.3 y=  -0.1)  alt=-12.9m vD=+2.3␍␊
[KAL] hlth=0x17  loop=21us(max 2437)  mainLoop=95us(max 2630)  NIS=110.4  hiNIS=10  yields=180␍␊
[KAL] IMU=151563  baro=1430  gps=0  imuDrop=17514  baroDrop=83  evtDrop=0  imuBuf=3200  baroBuf=50  evtBuf=1  rwd=1  drained=0␍␊
[KAL] ring_hwm=[128,0,0]  gate=OPEN  grnd=OK  hdg=NO␍␊
[KAL] raw: ax=  -0.32 ay=  -0.11 az=  -9.60  gx=-0.005 gy=+0.004 gz=+0.009  |a|=9.61  P=86849Pa T=28.9C␍␊
[KAL] gyroBias: -0.00000 +0.00000 +0.00000 (rad/s)␍␊
[KAL] fifoHdr: 0x78=151747  0xF0=0  other=5  imuFlags=0x14  imuDrvDrop=17514␍␊
[KAL] catchUp: budget=2000us  last=0us  events=0  dtClamp=0␍␊
[KAL] timing: drain=1us  imuProc=1us  aiding=10us  tick=9us  output=1us␍␊
[KAL] imuBreak: vimu=19591us  post=4066us  n=903  vimu/s=21us  post/s=4us␍␊
[KAL] Pcov: <0xcf><0x83>p=5.90,5.90,1.02  <0xcf><0x83>v=1.64,1.64,0.23  <0xcf><0x83><0xce><0xb8>=0.031  <0xcf><0x83>ba=0.0000  <0xcf><0x83>bg=0.001000  <0xcf><0x83>bb=0.10␍␊
[KAL] eskf: pN=-0.50 pE=+0.53 pD=+12.88  vN=-0.16 vE=+0.16 vD=+2.29  bBaro=+1312.35  aeroBlind=0  inn=0.00  NIS=110.38␍␊
---␍␊
[KAL] baroFuse: meas=+1281.40m  eskfAlt=+1299.47m  inn=-18.08m  pD=+12.88  bBaro=+1312.35␍␊
[CATCHUP] exhausted: kalTs=0:26166853 targetTs=0:26167956 imuRdIdx=3200 imuCnt=3200 imuHead=1410␍␊
[CATCHUP] exhausted: kalTs=0:26201957 targetTs=0:26203063 imuRdIdx=3200 imuCnt=3200 imuHead=1633␍␊
[KAL] baroFuse: meas=+1281.40m  eskfAlt=+1299.47m  inn=-18.08m  pD=+12.88  bBaro=+1312.35␍␊
[CATCHUP] exhausted: kalTs=0:26238038 targetTs=0:26238947 imuRdIdx=3200 imuCnt=3200 imuHead=1861␍␊
[KAL] baroFuse: meas=+1281.40m  eskfAlt=+1299.47m  inn=-18.08m  pD=+12.88  bBaro=+1312.35␍␊
[KAL] FSM=BURN   Rail(p=  -1.7 r=  +0.1)  ESKF(p=  -1.5 r=  +0.3 y=  -0.1)  alt=-12.9m vD=+2.3␍␊
[KAL] hlth=0x17  loop=21us(max 2437)  mainLoop=50us(max 2630)  NIS=110.4  hiNIS=10  yields=180␍␊
[KAL] IMU=152470  baro=1439  gps=0  imuDrop=17514  baroDrop=83  evtDrop=0  imuBuf=3200  baroBuf=50  evtBuf=1  rwd=1  drained=0␍␊
[KAL] ring_hwm=[128,0,0]  gate=OPEN  grnd=OK  hdg=NO␍␊
[KAL] raw: ax=  -0.31 ay=  -0.03 az=  -9.60  gx=-0.004 gy=-0.001 gz=+0.010  |a|=9.60  P=86849Pa T=28.9C␍␊
[KAL] gyroBias: -0.00000 +0.00000 +0.00000 (rad/s)␍␊
[KAL] fifoHdr: 0x78=152654  0xF0=0  other=5  imuFlags=0x14  imuDrvDrop=17514␍␊
[KAL] catchUp: budget=2000us  last=0us  events=0  dtClamp=0␍␊
[KAL] timing: drain=1us  imuProc=1us  aiding=10us  tick=8us  output=1us␍␊
[KAL] imuBreak: vimu=19686us  post=4098us  n=907  vimu/s=21us  post/s=4us␍␊
[KAL] Pcov: <0xcf><0x83>p=5.90,5.90,1.02  <0xcf><0x83>v=1.64,1.64,0.23  <0xcf><0x83><0xce><0xb8>=0.031  <0xcf><0x83>ba=0.0000  <0xcf><0x83>bg=0.001000  <0xcf><0x83>bb=0.10␍␊
[KAL] eskf: pN=-0.50 pE=+0.53 pD=+12.88  vN=-0.16 vE=+0.16 vD=+2.29  bBaro=+1312.35  aeroBlind=0  inn=0.00  NIS=110.38␍␊
---␍␊
[CATCHUP] exhausted: kalTs=0:26280717 targetTs=0:26281487 imuRdIdx=3200 imuCnt=3200 imuHead=2131␍␊
[KAL] baroFuse: meas=+1281.40m  eskfAlt=+1299.47m  inn=-18.08m  pD=+12.88  bBaro=+1312.35␍␊
[CATCHUP] exhausted: kalTs=0:26315714 targetTs=0:26316765 imuRdIdx=3200 imuCnt=3200 imuHead=2355␍␊
[CATCHUP] exhausted: kalTs=0:26351018 targetTs=0:26351879 imuRdIdx=3200 imuCnt=3200 imuHead=2578␍␊
[KAL] baroFuse: meas=+1281.40m  eskfAlt=+1299.47m  inn=-18.08m  pD=+12.88  bBaro=+1312.35␍␊
[CATCHUP] exhausted: kalTs=0:26386940 targetTs=0:26387456 imuRdIdx=3200 imuCnt=3200 imuHead=2804␍␊
[KAL] baroFuse: meas=+1281.40m  eskfAlt=+1299.47m  inn=-18.08m  pD=+12.88  bBaro=+1312.35␍␊
[KAL] FSM=BURN   Rail(p=  -1.7 r=  +0.1)  ESKF(p=  -1.5 r=  +0.3 y=  -0.1)  alt=-12.9m vD=+2.3␍␊
[KAL] hlth=0x17  loop=21us(max 2437)  mainLoop=94us(max 2630)  NIS=110.4  hiNIS=10  yields=180␍␊
[KAL] IMU=153375  baro=1448  gps=0  imuDrop=17514  baroDrop=83  evtDrop=0  imuBuf=3200  baroBuf=50  evtBuf=1  rwd=1  drained=0␍␊
[KAL] ring_hwm=[128,0,0]  gate=OPEN  grnd=OK  hdg=NO␍␊
[KAL] raw: ax=  -0.31 ay=  -0.06 az=  -9.65  gx=+0.005 gy=-0.000 gz=+0.001  |a|=9.66  P=95896Pa T=29.8C␍␊
[KAL] gyroBias: -0.00000 +0.00000 +0.00000 (rad/s)␍␊
[KAL] fifoHdr: 0x78=153559  0xF0=0  other=5  imuFlags=0x14  imuDrvDrop=17514␍␊
[KAL] catchUp: budget=2000us  last=0us  events=0  dtClamp=0␍␊
[KAL] timing: drain=1us  imuProc=0us  aiding=11us  tick=8us  output=1us␍␊
[KAL] imuBreak: vimu=19613us  post=4087us  n=905  vimu/s=21us  post/s=4us␍␊
[KAL] Pcov: <0xcf><0x83>p=5.90,5.90,1.02  <0xcf><0x83>v=1.64,1.64,0.23  <0xcf><0x83><0xce><0xb8>=0.031  <0xcf><0x83>ba=0.0000  <0xcf><0x83>bg=0.001000  <0xcf><0x83>bb=0.10␍␊
[KAL] eskf: pN=-0.50 pE=+0.53 pD=+12.88  vN=-0.16 vE=+0.16 vD=+2.29  bBaro=+1312.35  aeroBlind=0  inn=0.00  NIS=110.38␍␊
---␍␊
[CATCHUP] exhausted: kalTs=0:26429451 targetTs=0:26430214 imuRdIdx=3200 imuCnt=3200 imuHead=3075␍␊
[KAL] baroFuse: meas=+1281.40m  eskfAlt=+1299.47m  inn=-18.08m  pD=+12.88  bBaro=+1312.35␍␊
[CATCHUP] exhausted: kalTs=0:26464588 targetTs=0:26465497 imuRdIdx=3200 imuCnt=3200 imuHead=99␍␊
[CATCHUP] exhausted: kalTs=0:26499894 targetTs=0:26500605 imuRdIdx=3200 imuCnt=3200 imuHead=322␍␊
[KAL] baroFuse: meas=+1281.40m  eskfAlt=+1299.47m  inn=-18.08m  pD=+12.88  bBaro=+1312.35␍␊
[CATCHUP] exhausted: kalTs=0:26535014 targetTs=0:26535825 imuRdIdx=3200 imuCnt=3200 imuHead=545␍␊
[KAL] FSM=BURN   Rail(p=  -1.7 r=  +0.1)  ESKF(p=  -1.5 r=  +0.3 y=  -0.1)  alt=-12.9m vD=+2.3␍␊
[KAL] hlth=0x17  loop=20us(max 2437)  mainLoop=50us(max 2630)  NIS=110.4  hiNIS=10  yields=180␍␊
[KAL] IMU=154276  baro=1454  gps=0  imuDrop=17514  baroDrop=83  evtDrop=0  imuBuf=3200  baroBuf=50  evtBuf=1  rwd=1  drained=0␍␊
[KAL] ring_hwm=[128,0,0]  gate=OPEN  grnd=OK  hdg=NO␍␊
[KAL] raw: ax=  -0.35 ay=  -0.01 az=  -9.54  gx=+0.006 gy=+0.000 gz=+0.010  |a|=9.54  P=95889Pa T=29.8C␍␊
[KAL] gyroBias: -0.00000 +0.00000 +0.00000 (rad/s)␍␊
[KAL] fifoHdr: 0x78=154460  0xF0=0  other=5  imuFlags=0x14  imuDrvDrop=17514␍␊
[KAL] catchUp: budget=2000us  last=1us  events=0  dtClamp=0␍␊
[KAL] timing: drain=1us  imuProc=0us  aiding=11us  tick=8us  output=1us␍␊
[KAL] imuBreak: vimu=19548us  post=4106us  n=901  vimu/s=21us  post/s=4us␍␊
[KAL] Pcov: <0xcf><0x83>p=5.90,5.90,1.02  <0xcf><0x83>v=1.64,1.64,0.23  <0xcf><0x83><0xce><0xb8>=0.031  <0xcf><0x83>ba=0.0000  <0xcf><0x83>bg=0.001000  <0xcf><0x83>bb=0.10␍␊
[KAL] eskf: pN=-0.50 pE=+0.53 pD=+12.88  vN=-0.16 vE=+0.16 vD=+2.29  bBaro=+1312.35  aeroBlind=0  inn=0.00  NIS=110.38␍␊
---␍␊
[KAL] baroFuse: meas=+1281.40m  eskfAlt=+1299.47m  inn=-18.08m  pD=+12.88  bBaro=+1312.35␍␊
[CATCHUP] exhausted: kalTs=0:26578513 targetTs=0:26579569 imuRdIdx=3200 imuCnt=3200 imuHead=823␍␊
[KAL] baroFuse: meas=+1281.40m  eskfAlt=+1299.47m  inn=-18.08m  pD=+12.88  bBaro=+1312.35␍␊
[CATCHUP] exhausted: kalTs=0:26614429 targetTs=0:26614995 imuRdIdx=3200 imuCnt=3200 imuHead=1048␍␊
[CATCHUP] exhausted: kalTs=0:26649096 targetTs=0:26650098 imuRdIdx=3200 imuCnt=3200 imuHead=1271␍␊
[KAL] baroFuse: meas=+1281.40m  eskfAlt=+1299.47m  inn=-18.08m  pD=+12.88  bBaro=+1312.35␍␊
[CATCHUP] exhausted: kalTs=0:26684852 targetTs=0:26685416 imuRdIdx=3200 imuCnt=3200 imuHead=1495␍␊
[KAL] FSM=BURN   Rail(p=  -1.7 r=  +0.1)  ESKF(p=  -1.5 r=  +0.3 y=  -0.1)  alt=-12.9m vD=+2.3␍␊
[KAL] hlth=0x17  loop=56us(max 2437)  mainLoop=49us(max 2630)  NIS=110.4  hiNIS=10  yields=180␍␊
[KAL] IMU=155181  baro=1463  gps=0  imuDrop=17514  baroDrop=83  evtDrop=0  imuBuf=3200  baroBuf=50  evtBuf=1  rwd=1  drained=1␍␊
[KAL] ring_hwm=[128,0,0]  gate=OPEN  grnd=OK  hdg=NO␍␊
[KAL] raw: ax=  -0.33 ay=  +0.07 az=  -9.65  gx=+0.001 gy=+0.002 gz=+0.003  |a|=9.66  P=86849Pa T=28.9C␍␊
[KAL] gyroBias: -0.00000 +0.00000 +0.00000 (rad/s)␍␊
[KAL] fifoHdr: 0x78=155365  0xF0=0  other=5  imuFlags=0x14  imuDrvDrop=17514␍␊
[KAL] catchUp: budget=2000us  last=2us  events=1  dtClamp=0␍␊
[KAL] timing: drain=1us  imuProc=33us  aiding=11us  tick=11us  output=1us␍␊
[KAL] imuBreak: vimu=19648us  post=4098us  n=905  vimu/s=21us  post/s=4us␍␊
[KAL] Pcov: <0xcf><0x83>p=5.90,5.90,1.02  <0xcf><0x83>v=1.64,1.64,0.23  <0xcf><0x83><0xce><0xb8>=0.031  <0xcf><0x83>ba=0.0000  <0xcf><0x83>bg=0.001000  <0xcf><0x83>bb=0.10␍␊
[KAL] eskf: pN=-0.50 pE=+0.53 pD=+12.88  vN=-0.16 vE=+0.16 vD=+2.29  bBaro=+1312.35  aeroBlind=0  inn=0.00  NIS=110.38␍␊
---␍␊
[CATCHUP] future: earliest=0:26703845 target=0:26702435 kalTs=0:26702249 imuRdIdx=3178 imuCnt=3200␍␊
[KAL] baroFuse: meas=+1281.40m  eskfAlt=+1299.47m  inn=-18.08m  pD=+12.88  bBaro=+1312.35␍␊
[CATCHUP] exhausted: kalTs=0:26728806 targetTs=0:26729907 imuRdIdx=3200 imuCnt=3200 imuHead=1777␍␊
[KAL] baroFuse: meas=+1281.40m  eskfAlt=+1299.47m  inn=-18.08m  pD=+12.88  bBaro=+1312.35␍␊
[CATCHUP] exhausted: kalTs=0:26764397 targetTs=0:26765258 imuRdIdx=3200 imuCnt=3200 imuHead=2002␍␊
[CATCHUP] exhausted: kalTs=0:26799715 targetTs=0:26800287 imuRdIdx=3200 imuCnt=3200 imuHead=2224␍␊
[KAL] baroFuse: meas=+1281.40m  eskfAlt=+1299.47m  inn=-18.08m  pD=+12.88  bBaro=+1312.35␍␊
[CATCHUP] exhausted: kalTs=0:26834850 targetTs=0:26835619 imuRdIdx=3200 imuCnt=3200 imuHead=2448␍␊
[KAL] FSM=BURN   Rail(p=  -1.7 r=  +0.1)  ESKF(p=  -1.5 r=  +0.3 y=  -0.1)  alt=-12.9m vD=+2.3␍␊
[KAL] hlth=0x17  loop=21us(max 2437)  mainLoop=95us(max 2630)  NIS=110.4  hiNIS=10  yields=180␍␊
[KAL] IMU=156085  baro=1472  gps=0  imuDrop=17514  baroDrop=83  evtDrop=0  imuBuf=3200  baroBuf=50  evtBuf=1  rwd=1  drained=0␍␊
[KAL] ring_hwm=[128,0,0]  gate=OPEN  grnd=OK  hdg=NO␍␊
[KAL] raw: ax=  -0.26 ay=  -0.03 az=  -9.60  gx=-0.005 gy=+0.014 gz=-0.003  |a|=9.60  P=86849Pa T=28.9C␍␊
[KAL] gyroBias: -0.00000 +0.00000 +0.00000 (rad/s)␍␊
[KAL] fifoHdr: 0x78=156269  0xF0=0  other=5  imuFlags=0x14  imuDrvDrop=17514␍␊
[KAL] catchUp: budget=2000us  last=1us  events=0  dtClamp=0␍␊
[KAL] timing: drain=1us  imuProc=1us  aiding=10us  tick=9us  output=1us␍␊
[KAL] imuBreak: vimu=19629us  post=4074us  n=904  vimu/s=21us  post/s=4us␍␊
[KAL] Pcov: <0xcf><0x83>p=5.90,5.90,1.02  <0xcf><0x83>v=1.64,1.64,0.23  <0xcf><0x83><0xce><0xb8>=0.031  <0xcf><0x83>ba=0.0000  <0xcf><0x83>bg=0.001000  <0xcf><0x83>bb=0.10␍␊
[KAL] eskf: pN=-0.50 pE=+0.53 pD=+12.88  vN=-0.16 vE=+0.16 vD=+2.29  bBaro=+1312.35  aeroBlind=0  inn=0.00  NIS=110.38␍␊
---␍␊
[KAL] baroFuse: meas=+1281.40m  eskfAlt=+1299.47m  inn=-18.08m  pD=+12.88  bBaro=+1312.35␍␊
[CATCHUP] exhausted: kalTs=0:26878931 targetTs=0:26879840 imuRdIdx=3200 imuCnt=3200 imuHead=2729␍␊
[KAL] baroFuse: meas=+1281.40m  eskfAlt=+1299.47m  inn=-18.08m  pD=+12.88  bBaro=+1312.35␍␊
[CATCHUP] exhausted: kalTs=0:26914072 targetTs=0:26915123 imuRdIdx=3200 imuCnt=3200 imuHead=2953␍␊
[CATCHUP] exhausted: kalTs=0:26949386 targetTs=0:26950242 imuRdIdx=3200 imuCnt=3200 imuHead=3176␍␊
[KAL] baroFuse: meas=+1281.40m  eskfAlt=+1299.47m  inn=-18.08m  pD=+12.88  bBaro=+1312.35␍␊
[KAL] FSM=BURN   Rail(p=  -1.7 r=  +0.1)  ESKF(p=  -1.5 r=  +0.3 y=  -0.1)  alt=-12.9m vD=+2.3␍␊
[KAL] hlth=0x17  loop=57us(max 2437)  mainLoop=50us(max 2630)  NIS=110.4  hiNIS=10  yields=180␍␊
[KAL] IMU=156988  baro=1481  gps=0  imuDrop=17514  baroDrop=83  evtDrop=0  imuBuf=3200  baroBuf=50  evtBuf=1  rwd=1  drained=1␍␊
[KAL] ring_hwm=[128,0,0]  gate=OPEN  grnd=OK  hdg=NO␍␊
[KAL] raw: ax=  -0.36 ay=  -0.02 az=  -9.59  gx=+0.003 gy=-0.005 gz=+0.008  |a|=9.60  P=86849Pa T=28.9C␍␊
[KAL] gyroBias: -0.00000 +0.00000 +0.00000 (rad/s)␍␊
[KAL] fifoHdr: 0x78=157172  0xF0=0  other=5  imuFlags=0x14  imuDrvDrop=17514␍␊
[KAL] catchUp: budget=2000us  last=2us  events=1  dtClamp=0␍␊
[KAL] timing: drain=1us  imuProc=33us  aiding=11us  tick=11us  output=1us␍␊
[KAL] imuBreak: vimu=19610us  post=4071us  n=903  vimu/s=21us  post/s=4us␍␊
[KAL] Pcov: <0xcf><0x83>p=5.90,5.90,1.02  <0xcf><0x83>v=1.64,1.64,0.23  <0xcf><0x83><0xce><0xb8>=0.031  <0xcf><0x83>ba=0.0000  <0xcf><0x83>bg=0.001000  <0xcf><0x83>bb=0.10␍␊
[KAL] eskf: pN=-0.50 pE=+0.53 pD=+12.88  vN=-0.16 vE=+0.16 vD=+2.29  bBaro=+1312.35  aeroBlind=0  inn=0.00  NIS=110.38␍␊
---␍␊
[CATCHUP] exhausted: kalTs=0:26993626 targetTs=0:26994337 imuRdIdx=3200 imuCnt=3200 imuHead=256␍␊
[KAL] baroFuse: meas=+1281.40m  eskfAlt=+1299.47m  inn=-18.08m  pD=+12.88  bBaro=+1312.35␍␊
[CATCHUP] exhausted: kalTs=0:27028758 targetTs=0:27029662 imuRdIdx=3200 imuCnt=3200 imuHead=480␍␊
[KAL] baroFuse: meas=+1281.40m  eskfAlt=+1299.47m  inn=-18.08m  pD=+12.88  bBaro=+1312.35␍␊
[CATCHUP] exhausted: kalTs=0:27064366 targetTs=0:27064985 imuRdIdx=3200 imuCnt=3200 imuHead=704␍␊
[CATCHUP] exhausted: kalTs=0:27099020 targetTs=0:27100069 imuRdIdx=3200 imuCnt=3200 imuHead=927␍␊
[KAL] baroFuse: meas=+1281.40m  eskfAlt=+1299.47m  inn=-18.08m  pD=+12.88  bBaro=+1312.35␍␊
[KAL] FSM=BURN   Rail(p=  -1.7 r=  +0.1)  ESKF(p=  -1.5 r=  +0.3 y=  -0.1)  alt=-12.9m vD=+2.3␍␊
[KAL] hlth=0x17  loop=21us(max 2437)  mainLoop=95us(max 2630)  NIS=110.4  hiNIS=10  yields=180␍␊
[KAL] IMU=157892  baro=1490  gps=0  imuDrop=17514  baroDrop=83  evtDrop=0  imuBuf=3200  baroBuf=50  evtBuf=1  rwd=1  drained=0␍␊
[KAL] ring_hwm=[128,0,0]  gate=OPEN  grnd=OK  hdg=NO␍␊
[KAL] raw: ax=  -0.34 ay=  -0.01 az=  -9.59  gx=+0.006 gy=+0.000 gz=+0.009  |a|=9.60  P=86849Pa T=28.9C␍␊
[KAL] gyroBias: -0.00000 +0.00000 +0.00000 (rad/s)␍␊
[KAL] fifoHdr: 0x78=158076  0xF0=0  other=5  imuFlags=0x14  imuDrvDrop=17514␍␊
[KAL] catchUp: budget=2000us  last=1us  events=0  dtClamp=0␍␊
[KAL] timing: drain=2us  imuProc=0us  aiding=11us  tick=8us  output=1us␍␊
[KAL] imuBreak: vimu=19618us  post=4087us  n=904  vimu/s=21us  post/s=4us␍␊
[KAL] Pcov: <0xcf><0x83>p=5.90,5.90,1.02  <0xcf><0x83>v=1.64,1.64,0.23  <0xcf><0x83><0xce><0xb8>=0.031  <0xcf><0x83>ba=0.0000  <0xcf><0x83>bg=0.001000  <0xcf><0x83>bb=0.10␍␊
[KAL] eskf: pN=-0.50 pE=+0.53 pD=+12.88  vN=-0.16 vE=+0.16 vD=+2.29  bBaro=+1312.35  aeroBlind=0  inn=0.00  NIS=110.38␍␊
---␍␊
[CATCHUP] exhausted: kalTs=0:27143613 targetTs=0:27144662 imuRdIdx=3200 imuCnt=3200 imuHead=1210␍␊
[KAL] baroFuse: meas=+1281.40m  eskfAlt=+1299.47m  inn=-18.08m  pD=+12.88  bBaro=+1312.35␍␊
[CATCHUP] exhausted: kalTs=0:27178903 targetTs=0:27180007 imuRdIdx=3200 imuCnt=3200 imuHead=1434␍␊
[KAL] baroFuse: meas=+1281.40m  eskfAlt=+1299.47m  inn=-18.08m  pD=+12.88  bBaro=+1312.35␍␊
[CATCHUP] exhausted: kalTs=0:27215642 targetTs=0:27216746 imuRdIdx=3200 imuCnt=3200 imuHead=1667␍␊
[CATCHUP] exhausted: kalTs=0:27250744 targetTs=0:27251848 imuRdIdx=3200 imuCnt=3200 imuHead=1890␍␊
[KAL] baroFuse: meas=+1281.40m  eskfAlt=+1299.47m  inn=-18.08m  pD=+12.88  bBaro=+1312.35␍␊
[KAL] FSM=BURN   Rail(p=  -1.7 r=  +0.1)  ESKF(p=  -1.5 r=  +0.3 y=  -0.1)  alt=-12.9m vD=+2.3␍␊
[KAL] hlth=0x17  loop=61us(max 2437)  mainLoop=50us(max 2630)  NIS=110.4  hiNIS=10  yields=180␍␊
[KAL] IMU=158806  baro=1499  gps=0  imuDrop=17514  baroDrop=83  evtDrop=0  imuBuf=3200  baroBuf=50  evtBuf=1  rwd=1  drained=1␍␊
[KAL] ring_hwm=[128,0,0]  gate=OPEN  grnd=OK  hdg=NO␍␊
[KAL] raw: ax=  -0.36 ay=  -0.01 az=  -9.58  gx=-0.003 gy=+0.000 gz=+0.001  |a|=9.58  P=86849Pa T=28.9C␍␊
[KAL] gyroBias: -0.00000 +0.00000 +0.00000 (rad/s)␍␊
[KAL] fifoHdr: 0x78=158990  0xF0=0  other=5  imuFlags=0x14  imuDrvDrop=17514␍␊
[KAL] catchUp: budget=2000us  last=2us  events=1  dtClamp=0␍␊
[KAL] timing: drain=1us  imuProc=38us  aiding=11us  tick=11us  output=1us␍␊
[KAL] imuBreak: vimu=19842us  post=4122us  n=914  vimu/s=21us  post/s=4us␍␊
[KAL] Pcov: <0xcf><0x83>p=5.90,5.90,1.02  <0xcf><0x83>v=1.64,1.64,0.23  <0xcf><0x83><0xce><0xb8>=0.031  <0xcf><0x83>ba=0.0000  <0xcf><0x83>bg=0.001000  <0xcf><0x83>bb=0.10␍␊
[KAL] eskf: pN=-0.50 pE=+0.53 pD=+12.88  vN=-0.16 vE=+0.16 vD=+2.29  bBaro=+1312.35  aeroBlind=0  inn=0.00  NIS=110.38␍␊
---␍␊
[CATCHUP] exhausted: kalTs=0:27294590 targetTs=0:27295445 imuRdIdx=3200 imuCnt=3200 imuHead=2167␍␊
[KAL] baroFuse: meas=+1281.40m  eskfAlt=+1299.47m  inn=-18.08m  pD=+12.88  bBaro=+1312.35␍␊
[CATCHUP] exhausted: kalTs=0:27329714 targetTs=0:27330764 imuRdIdx=3200 imuCnt=3200 imuHead=2391␍␊
[KAL] baroFuse: meas=+1281.40m  eskfAlt=+1299.47m  inn=-18.08m  pD=+12.88  bBaro=+1312.35␍␊
[CATCHUP] exhausted: kalTs=0:27365000 targetTs=0:27366050 imuRdIdx=3200 imuCnt=3200 imuHead=2615␍␊
[CATCHUP] exhausted: kalTs=0:27400153 targetTs=0:27401159 imuRdIdx=3200 imuCnt=3200 imuHead=2838␍␊
[KAL] baroFuse: meas=+1281.40m  eskfAlt=+1299.47m  inn=-18.08m  pD=+12.88  bBaro=+1312.35␍␊
[KAL] FSM=BURN   Rail(p=  -1.7 r=  +0.1)  ESKF(p=  -1.5 r=  +0.3 y=  -0.1)  alt=-12.9m vD=+2.3␍␊
[KAL] hlth=0x17  loop=56us(max 2437)  mainLoop=48us(max 2630)  NIS=110.4  hiNIS=10  yields=180␍␊
[KAL] IMU=159709  baro=1508  gps=0  imuDrop=17514  baroDrop=83  evtDrop=0  imuBuf=3200  baroBuf=50  evtBuf=1  rwd=1  drained=1␍␊
[KAL] ring_hwm=[128,0,0]  gate=OPEN  grnd=OK  hdg=NO␍␊
[KAL] raw: ax=  -0.36 ay=  -0.05 az=  -9.54  gx=+0.002 gy=+0.003 gz=+0.012  |a|=9.55  P=86849Pa T=28.9C␍␊
[KAL] gyroBias: -0.00000 +0.00000 +0.00000 (rad/s)␍␊
[KAL] fifoHdr: 0x78=159893  0xF0=0  other=5  imuFlags=0x34  imuDrvDrop=17514␍␊
[KAL] catchUp: budget=2000us  last=2us  events=1  dtClamp=0␍␊
[KAL] timing: drain=1us  imuProc=33us  aiding=11us  tick=11us  output=1us␍␊
[KAL] imuBreak: vimu=19596us  post=4069us  n=903  vimu/s=21us  post/s=4us␍␊
[KAL] Pcov: <0xcf><0x83>p=5.90,5.90,1.02  <0xcf><0x83>v=1.64,1.64,0.23  <0xcf><0x83><0xce><0xb8>=0.031  <0xcf><0x83>ba=0.0000  <0xcf><0x83>bg=0.001000  <0xcf><0x83>bb=0.10␍␊
[KAL] eskf: pN=-0.50 pE=+0.53 pD=+12.88  vN=-0.16 vE=+0.16 vD=+2.29  bBaro=+1312.35  aeroBlind=0  inn=0.00  NIS=110.38␍␊
---␍␊
[CATCHUP] future: earliest=0:27413557 target=0:27413200 kalTs=0:27412447 imuRdIdx=3193 imuCnt=3200␍␊
[CATCHUP] exhausted: kalTs=0:27442515 targetTs=0:27443081 imuRdIdx=3200 imuCnt=3200 imuHead=3104␍␊
[KAL] baroFuse: meas=+1281.40m  eskfAlt=+1299.47m  inn=-18.08m  pD=+12.88  bBaro=+1312.35␍␊
[CATCHUP] exhausted: kalTs=0:27477520 targetTs=0:27478573 imuRdIdx=3200 imuCnt=3200 imuHead=129␍␊
[KAL] baroFuse: meas=+1281.40m  eskfAlt=+1299.47m  inn=-18.08m  pD=+12.88  bBaro=+1312.35␍␊
[CATCHUP] exhausted: kalTs=0:27513265 targetTs=0:27513883 imuRdIdx=3200 imuCnt=3200 imuHead=353␍␊
[CATCHUP] exhausted: kalTs=0:27547919 targetTs=0:27549011 imuRdIdx=3200 imuCnt=3200 imuHead=576␍␊
[KAL] FSM=BURN   Rail(p=  -1.7 r=  +0.1)  ESKF(p=  -1.5 r=  +0.3 y=  -0.1)  alt=-12.9m vD=+2.3␍␊
[KAL] hlth=0x17  loop=21us(max 2437)  mainLoop=94us(max 2630)  NIS=110.4  hiNIS=10  yields=180␍␊
[KAL] IMU=160612  baro=1514  gps=0  imuDrop=17514  baroDrop=83  evtDrop=0  imuBuf=3200  baroBuf=50  evtBuf=1  rwd=1  drained=0␍␊
[KAL] ring_hwm=[128,0,0]  gate=OPEN  grnd=OK  hdg=NO␍␊
[KAL] raw: ax=  -0.24 ay=  -0.01 az=  -9.57  gx=+0.006 gy=+0.005 gz=-0.003  |a|=9.57  P=86849Pa T=28.9C␍␊
[KAL] gyroBias: -0.00000 +0.00000 +0.00000 (rad/s)␍␊
[KAL] fifoHdr: 0x78=160796  0xF0=0  other=5  imuFlags=0x14  imuDrvDrop=17514␍␊
[KAL] catchUp: budget=2000us  last=1us  events=0  dtClamp=0␍␊
[KAL] timing: drain=1us  imuProc=1us  aiding=10us  tick=9us  output=1us␍␊
[KAL] imuBreak: vimu=19589us  post=4077us  n=903  vimu/s=21us  post/s=4us␍␊
[KAL] Pcov: <0xcf><0x83>p=5.90,5.90,1.02  <0xcf><0x83>v=1.64,1.64,0.23  <0xcf><0x83><0xce><0xb8>=0.031  <0xcf><0x83>ba=0.0000  <0xcf><0x83>bg=0.001000  <0xcf><0x83>bb=0.10␍␊
[KAL] eskf: pN=-0.50 pE=+0.53 pD=+12.88  vN=-0.16 vE=+0.16 vD=+2.29  bBaro=+1312.35  aeroBlind=0  inn=0.00  NIS=110.38␍␊
---␍␊
[KAL] baroFuse: meas=+1281.40m  eskfAlt=+1299.47m  inn=-18.08m  pD=+12.88  bBaro=+1312.35␍␊
[CATCHUP] exhausted: kalTs=0:27590324 targetTs=0:27591089 imuRdIdx=3200 imuCnt=3200 imuHead=843␍␊
[KAL] baroFuse: meas=+1281.40m  eskfAlt=+1299.47m  inn=-18.08m  pD=+12.88  bBaro=+1312.35␍␊
[CATCHUP] exhausted: kalTs=0:27625442 targetTs=0:27626348 imuRdIdx=3200 imuCnt=3200 imuHead=1067␍␊
[KAL] baroFuse: meas=+1281.40m  eskfAlt=+1299.47m  inn=-18.08m  pD=+12.88  bBaro=+1312.35␍␊
[CATCHUP] exhausted: kalTs=0:27660584 targetTs=0:27661688 imuRdIdx=3200 imuCnt=3200 imuHead=1291␍␊
[KAL] FSM=BURN   Rail(p=  -1.7 r=  +0.1)  ESKF(p=  -1.5 r=  +0.3 y=  -0.1)  alt=-12.9m vD=+2.3␍␊
[KAL] hlth=0x17  loop=56us(max 2437)  mainLoop=51us(max 2630)  NIS=110.4  hiNIS=10  yields=180␍␊
[KAL] IMU=161518  baro=1523  gps=0  imuDrop=17514  baroDrop=83  evtDrop=0  imuBuf=3200  baroBuf=50  evtBuf=1  rwd=1  drained=1␍␊
[KAL] ring_hwm=[128,0,0]  gate=OPEN  grnd=OK  hdg=NO␍␊
[KAL] raw: ax=  -0.17 ay=  -0.01 az=  -9.60  gx=+0.006 gy=+0.009 gz=+0.009  |a|=9.60  P=86849Pa T=28.9C␍␊
[KAL] gyroBias: -0.00000 +0.00000 +0.00000 (rad/s)␍␊
[KAL] fifoHdr: 0x78=161702  0xF0=0  other=5  imuFlags=0x34  imuDrvDrop=17514␍␊
[KAL] catchUp: budget=2000us  last=3us  events=1  dtClamp=0␍␊
[KAL] timing: drain=1us  imuProc=33us  aiding=11us  tick=10us  output=2us␍␊
[KAL] imuBreak: vimu=19661us  post=4102us  n=906  vimu/s=21us  post/s=4us␍␊
[KAL] Pcov: <0xcf><0x83>p=5.90,5.90,1.02  <0xcf><0x83>v=1.64,1.64,0.23  <0xcf><0x83><0xce><0xb8>=0.031  <0xcf><0x83>ba=0.0000  <0xcf><0x83>bg=0.001000  <0xcf><0x83>bb=0.10␍␊
[KAL] eskf: pN=-0.50 pE=+0.53 pD=+12.88  vN=-0.16 vE=+0.16 vD=+2.29  bBaro=+1312.35  aeroBlind=0  inn=0.00  NIS=110.38␍␊
---␍␊
[CATCHUP] exhausted: kalTs=0:27703087 targetTs=0:27703464 imuRdIdx=3200 imuCnt=3200 imuHead=1556␍␊
[KAL] baroFuse: meas=+1281.40m  eskfAlt=+1299.47m  inn=-18.08m  pD=+12.88  bBaro=+1312.35␍␊
[CATCHUP] exhausted: kalTs=0:27738142 targetTs=0:27739143 imuRdIdx=3200 imuCnt=3200 imuHead=1783␍␊
[KAL] baroFuse: meas=+1281.40m  eskfAlt=+1299.47m  inn=-18.08m  pD=+12.88  bBaro=+1312.35␍␊
[CATCHUP] exhausted: kalTs=0:27773433 targetTs=0:27774434 imuRdIdx=3200 imuCnt=3200 imuHead=2007␍␊
[KAL] baroFuse: meas=+1281.40m  eskfAlt=+1299.47m  inn=-18.08m  pD=+12.88  bBaro=+1312.35␍␊
[CATCHUP] exhausted: kalTs=0:27809298 targetTs=0:27809641 imuRdIdx=3200 imuCnt=3200 imuHead=2230␍␊
[KAL] FSM=BURN   Rail(p=  -1.7 r=  +0.1)  ESKF(p=  -1.5 r=  +0.3 y=  -0.1)  alt=-12.9m vD=+2.3␍␊
[KAL] hlth=0x17  loop=20us(max 2437)  mainLoop=94us(max 2630)  NIS=110.4  hiNIS=10  yields=180␍␊
[KAL] IMU=162423  baro=1532  gps=0  imuDrop=17514  baroDrop=83  evtDrop=0  imuBuf=3200  baroBuf=50  evtBuf=1  rwd=1  drained=0␍␊
[KAL] ring_hwm=[128,0,0]  gate=OPEN  grnd=OK  hdg=NO␍␊
[KAL] raw: ax=  -0.37 ay=  +0.00 az=  -9.57  gx=-0.005 gy=+0.000 gz=-0.002  |a|=9.57  P=86849Pa T=28.9C␍␊
[KAL] gyroBias: -0.00000 +0.00000 +0.00000 (rad/s)␍␊
[KAL] fifoHdr: 0x78=162607  0xF0=0  other=5  imuFlags=0x14  imuDrvDrop=17514␍␊
[KAL] catchUp: budget=2000us  last=1us  events=0  dtClamp=0␍␊
[KAL] timing: drain=1us  imuProc=0us  aiding=11us  tick=8us  output=1us␍␊
[KAL] imuBreak: vimu=19632us  post=4096us  n=905  vimu/s=21us  post/s=4us␍␊
[KAL] Pcov: <0xcf><0x83>p=5.90,5.90,1.02  <0xcf><0x83>v=1.64,1.64,0.23  <0xcf><0x83><0xce><0xb8>=0.031  <0xcf><0x83>ba=0.0000  <0xcf><0x83>bg=0.001000  <0xcf><0x83>bb=0.10␍␊
[KAL] eskf: pN=-0.50 pE=+0.53 pD=+12.88  vN=-0.16 vE=+0.16 vD=+2.29  bBaro=+1312.35  aeroBlind=0  inn=0.00  NIS=110.38␍␊
---␍␊
[CATCHUP] exhausted: kalTs=0:27850667 targetTs=0:27851576 imuRdIdx=3200 imuCnt=3200 imuHead=2496␍␊
[KAL] baroFuse: meas=+1281.40m  eskfAlt=+1299.47m  inn=-18.08m  pD=+12.88  bBaro=+1312.35␍␊
[CATCHUP] exhausted: kalTs=0:27885958 targetTs=0:27886866 imuRdIdx=3200 imuCnt=3200 imuHead=2720␍␊
[KAL] baroFuse: meas=+1281.40m  eskfAlt=+1299.47m  inn=-18.08m  pD=+12.88  bBaro=+1312.35␍␊
[CATCHUP] exhausted: kalTs=0:27921054 targetTs=0:27922157 imuRdIdx=3200 imuCnt=3200 imuHead=2944␍␊
[CATCHUP] exhausted: kalTs=0:27956220 targetTs=0:27957272 imuRdIdx=3200 imuCnt=3200 imuHead=3167␍␊
[KAL] baroFuse: meas=+1281.40m  eskfAlt=+1299.47m  inn=-18.08m  pD=+12.88  bBaro=+1312.35␍␊
[KAL] FSM=BURN   Rail(p=  -1.7 r=  +0.1)  ESKF(p=  -1.5 r=  +0.3 y=  -0.1)  alt=-12.9m vD=+2.3␍␊
[KAL] hlth=0x17  loop=56us(max 2437)  mainLoop=50us(max 2630)  NIS=110.4  hiNIS=10  yields=180␍␊
[KAL] IMU=163326  baro=1541  gps=0  imuDrop=17514  baroDrop=83  evtDrop=0  imuBuf=3200  baroBuf=50  evtBuf=1  rwd=1  drained=1␍␊
[KAL] ring_hwm=[128,0,0]  gate=OPEN  grnd=OK  hdg=NO␍␊
[KAL] raw: ax=  -0.28 ay=  -0.03 az=  -9.56  gx=+0.000 gy=+0.002 gz=-0.003  |a|=9.57  P=95890Pa T=30.0C␍␊
[KAL] gyroBias: -0.00000 +0.00000 +0.00000 (rad/s)␍␊
[KAL] fifoHdr: 0x78=163510  0xF0=0  other=5  imuFlags=0x34  imuDrvDrop=17514␍␊
[KAL] catchUp: budget=2000us  last=2us  events=1  dtClamp=0␍␊
[KAL] timing: drain=1us  imuProc=33us  aiding=11us  tick=11us  output=1us␍␊
[KAL] imuBreak: vimu=19607us  post=4086us  n=903  vimu/s=21us  post/s=4us␍␊
[KAL] Pcov: <0xcf><0x83>p=5.90,5.90,1.02  <0xcf><0x83>v=1.64,1.64,0.23  <0xcf><0x83><0xce><0xb8>=0.031  <0xcf><0x83>ba=0.0000  <0xcf><0x83>bg=0.001000  <0xcf><0x83>bb=0.10␍␊
[KAL] eskf: pN=-0.50 pE=+0.53 pD=+12.88  vN=-0.16 vE=+0.16 vD=+2.29  bBaro=+1312.35  aeroBlind=0  inn=0.00  NIS=110.38␍␊
---␍␊
[CATCHUP] exhausted: kalTs=0:27997323 targetTs=0:27997889 imuRdIdx=3200 imuCnt=3200 imuHead=225␍␊
[KAL] baroFuse: meas=+1281.40m  eskfAlt=+1299.47m  inn=-18.08m  pD=+12.88  bBaro=+1312.35␍␊
[CATCHUP] exhausted: kalTs=0:28032613 targetTs=0:28033178 imuRdIdx=3200 imuCnt=3200 imuHead=449␍␊
[KAL] baroFuse: meas=+1281.40m  eskfAlt=+1299.47m  inn=-18.08m  pD=+12.88  bBaro=+1312.35␍␊
[CATCHUP] exhausted: kalTs=0:28067740 targetTs=0:28068503 imuRdIdx=3200 imuCnt=3200 imuHead=673␍␊
[CATCHUP] exhausted: kalTs=0:28102911 targetTs=0:28103621 imuRdIdx=3200 imuCnt=3200 imuHead=896␍␊
[KAL] baroFuse: meas=+1281.40m  eskfAlt=+1299.47m  inn=-18.08m  pD=+12.88  bBaro=+1312.35␍␊
[KAL] FSM=BURN   Rail(p=  -1.7 r=  +0.1)  ESKF(p=  -1.5 r=  +0.3 y=  -0.1)  alt=-12.9m vD=+2.3␍␊
[KAL] hlth=0x17  loop=56us(max 2437)  mainLoop=51us(max 2630)  NIS=110.4  hiNIS=10  yields=180␍␊
[KAL] IMU=164229  baro=1550  gps=0  imuDrop=17514  baroDrop=83  evtDrop=0  imuBuf=3200  baroBuf=50  evtBuf=1  rwd=1  drained=1␍␊
[KAL] ring_hwm=[128,0,0]  gate=OPEN  grnd=OK  hdg=NO␍␊
[KAL] raw: ax=  -0.31 ay=  -0.06 az=  -9.64  gx=-0.000 gy=+0.004 gz=+0.007  |a|=9.64  P=86849Pa T=28.9C␍␊
[KAL] gyroBias: -0.00000 +0.00000 +0.00000 (rad/s)␍␊
[KAL] fifoHdr: 0x78=164413  0xF0=0  other=5  imuFlags=0x34  imuDrvDrop=17514␍␊
[KAL] catchUp: budget=2000us  last=3us  events=1  dtClamp=0␍␊
[KAL] timing: drain=1us  imuProc=33us  aiding=11us  tick=11us  output=1us␍␊
[KAL] imuBreak: vimu=19563us  post=4107us  n=903  vimu/s=21us  post/s=4us␍␊
[KAL] Pcov: <0xcf><0x83>p=5.90,5.90,1.02  <0xcf><0x83>v=1.64,1.64,0.23  <0xcf><0x83><0xce><0xb8>=0.031  <0xcf><0x83>ba=0.0000  <0xcf><0x83>bg=0.001000  <0xcf><0x83>bb=0.10␍␊
[KAL] eskf: pN=-0.50 pE=+0.53 pD=+12.88  vN=-0.16 vE=+0.16 vD=+2.29  bBaro=+1312.35  aeroBlind=0  inn=0.00  NIS=110.38␍␊
---␍␊
[CATCHUP] exhausted: kalTs=0:28144491 targetTs=0:28145345 imuRdIdx=3200 imuCnt=3200 imuHead=1161␍␊
[KAL] baroFuse: meas=+1281.40m  eskfAlt=+1299.47m  inn=-18.08m  pD=+12.88  bBaro=+1312.35␍␊
[CATCHUP] exhausted: kalTs=0:28179622 targetTs=0:28180676 imuRdIdx=3200 imuCnt=3200 imuHead=1385␍␊
[KAL] baroFuse: meas=+1281.40m  eskfAlt=+1299.47m  inn=-18.08m  pD=+12.88  bBaro=+1312.35␍␊
[CATCHUP] exhausted: kalTs=0:28215385 targetTs=0:28215951 imuRdIdx=3200 imuCnt=3200 imuHead=1609␍␊
[CATCHUP] exhausted: kalTs=0:28250027 targetTs=0:28250985 imuRdIdx=3200 imuCnt=3200 imuHead=1831␍␊
[KAL] baroFuse: meas=+1281.40m  eskfAlt=+1299.47m  inn=-18.08m  pD=+12.88  bBaro=+1312.35␍␊
[KAL] FSM=BURN   Rail(p=  -1.7 r=  +0.1)  ESKF(p=  -1.5 r=  +0.3 y=  -0.1)  alt=-12.9m vD=+2.3␍␊
[KAL] hlth=0x17  loop=20us(max 2437)  mainLoop=94us(max 2630)  NIS=110.4  hiNIS=10  yields=180␍␊
[KAL] IMU=165132  baro=1559  gps=0  imuDrop=17514  baroDrop=83  evtDrop=0  imuBuf=3200  baroBuf=50  evtBuf=1  rwd=1  drained=0␍␊
[KAL] ring_hwm=[128,0,0]  gate=OPEN  grnd=OK  hdg=NO␍␊
[KAL] raw: ax=  -0.35 ay=  -0.07 az=  -9.57  gx=-0.003 gy=+0.001 gz=-0.000  |a|=9.58  P=86849Pa T=28.9C␍␊
[KAL] gyroBias: -0.00000 +0.00000 +0.00000 (rad/s)␍␊
[KAL] fifoHdr: 0x78=165316  0xF0=0  other=5  imuFlags=0x14  imuDrvDrop=17514␍␊
[KAL] catchUp: budget=2000us  last=1us  events=0  dtClamp=0␍␊
[KAL] timing: drain=1us  imuProc=0us  aiding=11us  tick=8us  output=1us␍␊
[KAL] imuBreak: vimu=19573us  post=4084us  n=903  vimu/s=21us  post/s=4us␍␊
[KAL] Pcov: <0xcf><0x83>p=5.90,5.90,1.02  <0xcf><0x83>v=1.64,1.64,0.23  <0xcf><0x83><0xce><0xb8>=0.031  <0xcf><0x83>ba=0.0000  <0xcf><0x83>bg=0.001000  <0xcf><0x83>bb=0.10␍␊
[KAL] eskf: pN=-0.50 pE=+0.53 pD=+12.88  vN=-0.16 vE=+0.16 vD=+2.29  bBaro=+1312.35  aeroBlind=0  inn=0.00  NIS=110.38␍␊
---␍␊
[CATCHUP] future: earliest=0:28272718 target=0:28272236 kalTs=0:28271271 imuRdIdx=3167 imuCnt=3200␍␊
[CATCHUP] exhausted: kalTs=0:28293849 targetTs=0:28294745 imuRdIdx=3200 imuCnt=3200 imuHead=2109␍␊
[KAL] baroFuse: meas=+1281.40m  eskfAlt=+1299.47m  inn=-18.08m  pD=+12.88  bBaro=+1312.35␍␊
[CATCHUP] exhausted: kalTs=0:28328999 targetTs=0:28330000 imuRdIdx=3200 imuCnt=3200 imuHead=2333␍␊
[KAL] baroFuse: meas=+1281.40m  eskfAlt=+1299.47m  inn=-18.08m  pD=+12.88  bBaro=+1312.35␍␊
[CATCHUP] exhausted: kalTs=0:28364915 targetTs=0:28365485 imuRdIdx=3200 imuCnt=3200 imuHead=2558␍␊
[CATCHUP] exhausted: kalTs=0:28399551 targetTs=0:28400601 imuRdIdx=3200 imuCnt=3200 imuHead=2781␍␊
[KAL] FSM=BURN   Rail(p=  -1.7 r=  +0.1)  ESKF(p=  -1.5 r=  +0.3 y=  -0.1)  alt=-12.9m vD=+2.3␍␊
[KAL] hlth=0x17  loop=21us(max 2437)  mainLoop=94us(max 2630)  NIS=110.4  hiNIS=10  yields=180␍␊
[KAL] IMU=166035  baro=1565  gps=0  imuDrop=17514  baroDrop=83  evtDrop=0  imuBuf=3200  baroBuf=50  evtBuf=1  rwd=1  drained=0␍␊
[KAL] ring_hwm=[128,0,0]  gate=OPEN  grnd=OK  hdg=NO␍␊
[KAL] raw: ax=  -0.27 ay=  +0.01 az=  -9.63  gx=-0.007 gy=-0.006 gz=+0.010  |a|=9.63  P=86849Pa T=28.9C␍␊
[KAL] gyroBias: -0.00000 +0.00000 +0.00000 (rad/s)␍␊
[KAL] fifoHdr: 0x78=166219  0xF0=0  other=5  imuFlags=0x14  imuDrvDrop=17514␍␊
[KAL] catchUp: budget=2000us  last=0us  events=0  dtClamp=0␍␊
[KAL] timing: drain=1us  imuProc=0us  aiding=11us  tick=8us  output=1us␍␊
[KAL] imuBreak: vimu=19584us  post=4085us  n=903  vimu/s=21us  post/s=4us␍␊
[KAL] Pcov: <0xcf><0x83>p=5.90,5.90,1.02  <0xcf><0x83>v=1.64,1.64,0.23  <0xcf><0x83><0xce><0xb8>=0.031  <0xcf><0x83>ba=0.0000  <0xcf><0x83>bg=0.001000  <0xcf><0x83>bb=0.10␍␊
[KAL] eskf: pN=-0.50 pE=+0.53 pD=+12.88  vN=-0.16 vE=+0.16 vD=+2.29  bBaro=+1312.35  aeroBlind=0  inn=0.00  NIS=110.38␍␊
---␍␊
[KAL] baroFuse: meas=+1281.40m  eskfAlt=+1299.47m  inn=-18.08m  pD=+12.88  bBaro=+1312.35␍␊
[CATCHUP] exhausted: kalTs=0:28443516 targetTs=0:28444616 imuRdIdx=3200 imuCnt=3200 imuHead=3060␍␊
[KAL] baroFuse: meas=+1281.40m  eskfAlt=+1299.47m  inn=-18.08m  pD=+12.88  bBaro=+1312.35␍␊
[CATCHUP] exhausted: kalTs=0:28479124 targetTs=0:28479982 imuRdIdx=3200 imuCnt=3200 imuHead=85␍␊
[KAL] baroFuse: meas=+1281.40m  eskfAlt=+1299.47m  inn=-18.08m  pD=+12.88  bBaro=+1312.35␍␊
[CATCHUP] exhausted: kalTs=0:28514240 targetTs=0:28515197 imuRdIdx=3200 imuCnt=3200 imuHead=308␍␊
[CATCHUP] exhausted: kalTs=0:28549408 targetTs=0:28550323 imuRdIdx=3200 imuCnt=3200 imuHead=531␍␊
[KAL] FSM=BURN   Rail(p=  -1.7 r=  +0.1)  ESKF(p=  -1.5 r=  +0.3 y=  -0.1)  alt=-12.9m vD=+2.3␍␊
[KAL] hlth=0x17  loop=57us(max 2437)  mainLoop=51us(max 2630)  NIS=110.4  hiNIS=10  yields=180␍␊
[KAL] IMU=166939  baro=1574  gps=0  imuDrop=17514  baroDrop=83  evtDrop=0  imuBuf=3200  baroBuf=50  evtBuf=1  rwd=1  drained=1␍␊
[KAL] ring_hwm=[128,0,0]  gate=OPEN  grnd=OK  hdg=NO␍␊
[KAL] raw: ax=  -0.27 ay=  +0.03 az=  -9.63  gx=+0.002 gy=+0.000 gz=-0.003  |a|=9.63  P=86849Pa T=28.9C␍␊
[KAL] gyroBias: -0.00000 +0.00000 +0.00000 (rad/s)␍␊
[KAL] fifoHdr: 0x78=167123  0xF0=0  other=5  imuFlags=0x34  imuDrvDrop=17514␍␊
[KAL] catchUp: budget=2000us  last=2us  events=1  dtClamp=0␍␊
[KAL] timing: drain=1us  imuProc=34us  aiding=11us  tick=11us  output=1us␍␊
[KAL] imuBreak: vimu=19615us  post=4086us  n=904  vimu/s=21us  post/s=4us␍␊
[KAL] Pcov: <0xcf><0x83>p=5.90,5.90,1.02  <0xcf><0x83>v=1.64,1.64,0.23  <0xcf><0x83><0xce><0xb8>=0.031  <0xcf><0x83>ba=0.0000  <0xcf><0x83>bg=0.001000  <0xcf><0x83>bb=0.10␍␊
[KAL] eskf: pN=-0.50 pE=+0.53 pD=+12.88  vN=-0.16 vE=+0.16 vD=+2.29  bBaro=+1312.35  aeroBlind=0  inn=0.00  NIS=110.38␍␊
---␍␊
[KAL] baroFuse: meas=+1281.40m  eskfAlt=+1299.47m  inn=-18.08m  pD=+12.88  bBaro=+1312.35␍␊
[CATCHUP] exhausted: kalTs=0:28591125 targetTs=0:28592227 imuRdIdx=3200 imuCnt=3200 imuHead=797␍␊
[KAL] baroFuse: meas=+1281.40m  eskfAlt=+1299.47m  inn=-18.08m  pD=+12.88  bBaro=+1312.35␍␊
[CATCHUP] exhausted: kalTs=0:28626767 targetTs=0:28627767 imuRdIdx=3200 imuCnt=3200 imuHead=1023␍␊
[KAL] baroFuse: meas=+1281.40m  eskfAlt=+1299.47m  inn=-18.08m  pD=+12.88  bBaro=+1312.35␍␊
[CATCHUP] exhausted: kalTs=0:28662502 targetTs=0:28663121 imuRdIdx=3200 imuCnt=3200 imuHead=1247␍␊
[KAL] FSM=BURN   Rail(p=  -1.7 r=  +0.1)  ESKF(p=  -1.5 r=  +0.3 y=  -0.1)  alt=-12.9m vD=+2.3␍␊
[KAL] hlth=0x17  loop=21us(max 2437)  mainLoop=95us(max 2630)  NIS=110.4  hiNIS=10  yields=180␍␊
[KAL] IMU=167843  baro=1583  gps=0  imuDrop=17514  baroDrop=83  evtDrop=0  imuBuf=3200  baroBuf=50  evtBuf=1  rwd=1  drained=0␍␊
[KAL] ring_hwm=[128,0,0]  gate=OPEN  grnd=OK  hdg=NO␍␊
[KAL] raw: ax=  -0.25 ay=  -0.02 az=  -9.65  gx=+0.002 gy=-0.004 gz=+0.005  |a|=9.66  P=86849Pa T=28.9C␍␊
[KAL] gyroBias: -0.00000 +0.00000 +0.00000 (rad/s)␍␊
[KAL] fifoHdr: 0x78=168027  0xF0=0  other=5  imuFlags=0x14  imuDrvDrop=17514␍␊
[KAL] catchUp: budget=2000us  last=1us  events=0  dtClamp=0␍␊
[KAL] timing: drain=1us  imuProc=1us  aiding=10us  tick=9us  output=1us␍␊
[KAL] imuBreak: vimu=19627us  post=4060us  n=904  vimu/s=21us  post/s=4us␍␊
[KAL] Pcov: <0xcf><0x83>p=5.90,5.90,1.02  <0xcf><0x83>v=1.64,1.64,0.23  <0xcf><0x83><0xce><0xb8>=0.031  <0xcf><0x83>ba=0.0000  <0xcf><0x83>bg=0.001000  <0xcf><0x83>bb=0.10␍␊
[KAL] eskf: pN=-0.50 pE=+0.53 pD=+12.88  vN=-0.16 vE=+0.16 vD=+2.29  bBaro=+1312.35  aeroBlind=0  inn=0.00  NIS=110.38␍␊
---␍␊
[CATCHUP] exhausted: kalTs=0:28704554 targetTs=0:28705656 imuRdIdx=3200 imuCnt=3200 imuHead=1517␍␊
[KAL] baroFuse: meas=+1281.40m  eskfAlt=+1299.47m  inn=-18.08m  pD=+12.88  bBaro=+1312.35␍␊
[CATCHUP] exhausted: kalTs=0:28740344 targetTs=0:28741199 imuRdIdx=3200 imuCnt=3200 imuHead=1743␍␊
[KAL] baroFuse: meas=+1281.40m  eskfAlt=+1299.47m  inn=-18.08m  pD=+12.88  bBaro=+1312.35␍␊
[CATCHUP] exhausted: kalTs=0:28776076 targetTs=0:28776787 imuRdIdx=3200 imuCnt=3200 imuHead=1969␍␊
[KAL] baroFuse: meas=+1281.40m  eskfAlt=+1299.47m  inn=-18.08m  pD=+12.88  bBaro=+1312.35␍␊
[CATCHUP] exhausted: kalTs=0:28811397 targetTs=0:28812092 imuRdIdx=3200 imuCnt=3200 imuHead=2193␍␊
[KAL] FSM=BURN   Rail(p=  -1.7 r=  +0.1)  ESKF(p=  -1.5 r=  +0.3 y=  -0.1)  alt=-12.9m vD=+2.3␍␊
[KAL] hlth=0x17  loop=20us(max 2437)  mainLoop=94us(max 2630)  NIS=110.4  hiNIS=10  yields=180␍␊
[KAL] IMU=168749  baro=1592  gps=0  imuDrop=17514  baroDrop=83  evtDrop=0  imuBuf=3200  baroBuf=50  evtBuf=1  rwd=1  drained=0␍␊
[KAL] ring_hwm=[128,0,0]  gate=OPEN  grnd=OK  hdg=NO␍␊
[KAL] raw: ax=  -0.28 ay=  +0.01 az=  -9.65  gx=+0.008 gy=+0.000 gz=-0.006  |a|=9.66  P=95894Pa T=30.0C␍␊
[KAL] gyroBias: -0.00000 +0.00000 +0.00000 (rad/s)␍␊
[KAL] fifoHdr: 0x78=168933  0xF0=0  other=6  imuFlags=0x14  imuDrvDrop=17514␍␊
[KAL] catchUp: budget=2000us  last=0us  events=0  dtClamp=0␍␊
[KAL] timing: drain=1us  imuProc=0us  aiding=11us  tick=8us  output=1us␍␊
[KAL] imuBreak: vimu=19665us  post=4087us  n=906  vimu/s=21us  post/s=4us␍␊
[KAL] Pcov: <0xcf><0x83>p=5.90,5.90,1.02  <0xcf><0x83>v=1.64,1.64,0.23  <0xcf><0x83><0xce><0xb8>=0.031  <0xcf><0x83>ba=0.0000  <0xcf><0x83>bg=0.001000  <0xcf><0x83>bb=0.10␍␊
[KAL] eskf: pN=-0.50 pE=+0.53 pD=+12.88  vN=-0.16 vE=+0.16 vD=+2.29  bBaro=+1312.35  aeroBlind=0  inn=0.00  NIS=110.38␍␊
---␍␊
[CATCHUP] exhausted: kalTs=0:28852835 targetTs=0:28853887 imuRdIdx=3200 imuCnt=3200 imuHead=2458␍␊
[KAL] baroFuse: meas=+1281.40m  eskfAlt=+1299.47m  inn=-18.08m  pD=+12.88  bBaro=+1312.35␍␊
[CATCHUP] exhausted: kalTs=0:28888575 targetTs=0:28889196 imuRdIdx=3200 imuCnt=3200 imuHead=2682␍␊
[KAL] baroFuse: meas=+1281.40m  eskfAlt=+1299.47m  inn=-18.08m  pD=+12.88  bBaro=+1312.35␍␊
[CATCHUP] exhausted: kalTs=0:28923719 targetTs=0:28924820 imuRdIdx=3200 imuCnt=3200 imuHead=2908␍␊
[CATCHUP] exhausted: kalTs=0:28958843 targetTs=0:28959934 imuRdIdx=3200 imuCnt=3200 imuHead=3131␍␊
[KAL] baroFuse: meas=+1281.40m  eskfAlt=+1299.47m  inn=-18.08m  pD=+12.88  bBaro=+1312.35␍␊
[KAL] FSM=BURN   Rail(p=  -1.7 r=  +0.1)  ESKF(p=  -1.5 r=  +0.3 y=  -0.1)  alt=-12.9m vD=+2.3␍␊
[KAL] hlth=0x17  loop=21us(max 2437)  mainLoop=94us(max 2630)  NIS=110.4  hiNIS=10  yields=180␍␊
[KAL] IMU=169654  baro=1601  gps=0  imuDrop=17514  baroDrop=83  evtDrop=0  imuBuf=3200  baroBuf=50  evtBuf=1  rwd=1  drained=0␍␊
[KAL] ring_hwm=[128,0,0]  gate=OPEN  grnd=OK  hdg=NO␍␊
[KAL] raw: ax=  -0.28 ay=  -0.07 az=  -9.60  gx=-0.004 gy=+0.002 gz=-0.007  |a|=9.60  P=86849Pa T=28.9C␍␊
[KAL] gyroBias: -0.00000 +0.00000 +0.00000 (rad/s)␍␊
[KAL] fifoHdr: 0x78=169838  0xF0=0  other=6  imuFlags=0x14  imuDrvDrop=17514␍␊
[KAL] catchUp: budget=2000us  last=1us  events=0  dtClamp=0␍␊
[KAL] timing: drain=1us  imuProc=0us  aiding=11us  tick=8us  output=1us␍␊
[KAL] imuBreak: vimu=19641us  post=4103us  n=905  vimu/s=21us  post/s=4us␍␊
[KAL] Pcov: <0xcf><0x83>p=5.90,5.90,1.02  <0xcf><0x83>v=1.64,1.64,0.23  <0xcf><0x83><0xce><0xb8>=0.031  <0xcf><0x83>ba=0.0000  <0xcf><0x83>bg=0.001000  <0xcf><0x83>bb=0.10␍␊
[KAL] eskf: pN=-0.50 pE=+0.53 pD=+12.88  vN=-0.16 vE=+0.16 vD=+2.29  bBaro=+1312.35  aeroBlind=0  inn=0.00  NIS=110.38␍␊
---␍␊
[CATCHUP] exhausted: kalTs=0:29001260 targetTs=0:29001970 imuRdIdx=3200 imuCnt=3200 imuHead=198␍␊
[KAL] baroFuse: meas=+1281.40m  eskfAlt=+1299.47m  inn=-18.08m  pD=+12.88  bBaro=+1312.35␍␊
[CATCHUP] exhausted: kalTs=0:29036547 targetTs=0:29037166 imuRdIdx=3200 imuCnt=3200 imuHead=421␍␊
[KAL] baroFuse: meas=+1281.40m  eskfAlt=+1299.47m  inn=-18.08m  pD=+12.88  bBaro=+1312.35␍␊
[CATCHUP] exhausted: kalTs=0:29071839 targetTs=0:29072458 imuRdIdx=3200 imuCnt=3200 imuHead=645␍␊
[CATCHUP] exhausted: kalTs=0:29106476 targetTs=0:29107578 imuRdIdx=3200 imuCnt=3200 imuHead=868␍␊
[KAL] baroFuse: meas=+1281.40m  eskfAlt=+1299.47m  inn=-18.08m  pD=+12.88  bBaro=+1312.35␍␊
[KAL] FSM=BURN   Rail(p=  -1.7 r=  +0.1)  ESKF(p=  -1.5 r=  +0.3 y=  -0.1)  alt=-12.9m vD=+2.3␍␊
[KAL] hlth=0x17  loop=57us(max 2437)  mainLoop=50us(max 2630)  NIS=110.4  hiNIS=10  yields=180␍␊
[KAL] IMU=170557  baro=1610  gps=0  imuDrop=17514  baroDrop=83  evtDrop=0  imuBuf=3200  baroBuf=50  evtBuf=1  rwd=1  drained=1␍␊
[KAL] ring_hwm=[128,0,0]  gate=OPEN  grnd=OK  hdg=NO␍␊
[KAL] raw: ax=  -0.33 ay=  -0.03 az=  -9.65  gx=+0.002 gy=+0.003 gz=+0.005  |a|=9.66  P=86849Pa T=28.9C␍␊
[KAL] gyroBias: -0.00000 +0.00000 +0.00000 (rad/s)␍␊
[KAL] fifoHdr: 0x78=170741  0xF0=0  other=6  imuFlags=0x14  imuDrvDrop=17514␍␊
[KAL] catchUp: budget=2000us  last=3us  events=1  dtClamp=0␍␊
[KAL] timing: drain=1us  imuProc=34us  aiding=11us  tick=10us  output=1us␍␊
[KAL] imuBreak: vimu=19599us  post=4081us  n=903  vimu/s=21us  post/s=4us␍␊
[KAL] Pcov: <0xcf><0x83>p=5.90,5.90,1.02  <0xcf><0x83>v=1.64,1.64,0.23  <0xcf><0x83><0xce><0xb8>=0.031  <0xcf><0x83>ba=0.0000  <0xcf><0x83>bg=0.001000  <0xcf><0x83>bb=0.10␍␊
[KAL] eskf: pN=-0.50 pE=+0.53 pD=+12.88  vN=-0.16 vE=+0.16 vD=+2.29  bBaro=+1312.35  aeroBlind=0  inn=0.00  NIS=110.38␍␊
---␍␊
[CATCHUP] future: earliest=0:29125667 target=0:29125133 kalTs=0:29124300 imuRdIdx=3177 imuCnt=3200␍␊
[CATCHUP] exhausted: kalTs=0:29148519 targetTs=0:29149332 imuRdIdx=3200 imuCnt=3200 imuHead=1133␍␊
[KAL] baroFuse: meas=+1281.40m  eskfAlt=+1299.47m  inn=-18.08m  pD=+12.88  bBaro=+1312.35␍␊
[CATCHUP] exhausted: kalTs=0:29184137 targetTs=0:29184755 imuRdIdx=3200 imuCnt=3200 imuHead=1358␍␊
[KAL] baroFuse: meas=+1281.40m  eskfAlt=+1299.47m  inn=-18.08m  pD=+12.88  bBaro=+1312.35␍␊
[CATCHUP] exhausted: kalTs=0:29219296 targetTs=0:29220007 imuRdIdx=3200 imuCnt=3200 imuHead=1582␍␊
[CATCHUP] exhausted: kalTs=0:29254556 targetTs=0:29255121 imuRdIdx=3200 imuCnt=3200 imuHead=1805␍␊
[KAL] FSM=BURN   Rail(p=  -1.7 r=  +0.1)  ESKF(p=  -1.5 r=  +0.3 y=  -0.1)  alt=-12.9m vD=+2.3␍␊
[KAL] hlth=0x17  loop=21us(max 2437)  mainLoop=105us(max 2630)  NIS=110.4  hiNIS=10  yields=180␍␊
[KAL] IMU=171460  baro=1618  gps=0  imuDrop=17514  baroDrop=83  evtDrop=0  imuBuf=3200  baroBuf=50  evtBuf=1  rwd=1  drained=0␍␊
[KAL] ring_hwm=[128,0,0]  gate=OPEN  grnd=OK  hdg=NO␍␊
[KAL] raw: ax=  -0.30 ay=  -0.00 az=  -9.59  gx=+0.009 gy=+0.005 gz=+0.001  |a|=9.59  P=95896Pa T=30.0C␍␊
[KAL] gyroBias: -0.00000 +0.00000 +0.00000 (rad/s)␍␊
[KAL] fifoHdr: 0x78=171644  0xF0=0  other=6  imuFlags=0x14  imuDrvDrop=17514␍␊
[KAL] catchUp: budget=2000us  last=1us  events=0  dtClamp=0␍␊
[KAL] timing: drain=1us  imuProc=0us  aiding=11us  tick=8us  output=1us␍␊
[KAL] imuBreak: vimu=19580us  post=4105us  n=903  vimu/s=21us  post/s=4us␍␊
[KAL] Pcov: <0xcf><0x83>p=5.90,5.90,1.02  <0xcf><0x83>v=1.64,1.64,0.23  <0xcf><0x83><0xce><0xb8>=0.031  <0xcf><0x83>ba=0.0000  <0xcf><0x83>bg=0.001000  <0xcf><0x83>bb=0.10␍␊
[KAL] eskf: pN=-0.50 pE=+0.53 pD=+12.88  vN=-0.16 vE=+0.16 vD=+2.29  bBaro=+1312.35  aeroBlind=0  inn=0.00  NIS=110.38␍␊
---␍␊
[KAL] baroFuse: meas=+1281.40m  eskfAlt=+1299.47m  inn=-18.08m  pD=+12.88  bBaro=+1312.35␍␊
[CATCHUP] exhausted: kalTs=0:29296639 targetTs=0:29297349 imuRdIdx=3200 imuCnt=3200 imuHead=2073␍␊
[KAL] baroFuse: meas=+1281.40m  eskfAlt=+1299.47m  inn=-18.08m  pD=+12.88  bBaro=+1312.35␍␊
[CATCHUP] exhausted: kalTs=0:29331901 targetTs=0:29332758 imuRdIdx=3200 imuCnt=3200 imuHead=2298␍␊
[KAL] baroFuse: meas=+1281.40m  eskfAlt=+1299.47m  inn=-18.08m  pD=+12.88  bBaro=+1312.35␍␊
[CATCHUP] exhausted: kalTs=0:29367042 targetTs=0:29368089 imuRdIdx=3200 imuCnt=3200 imuHead=2522␍␊
[CATCHUP] exhausted: kalTs=0:29402314 targetTs=0:29403127 imuRdIdx=3200 imuCnt=3200 imuHead=2744␍␊
[KAL] FSM=BURN   Rail(p=  -1.7 r=  +0.1)  ESKF(p=  -1.5 r=  +0.3 y=  -0.1)  alt=-12.9m vD=+2.3␍␊
[KAL] hlth=0x17  loop=20us(max 2437)  mainLoop=50us(max 2630)  NIS=110.4  hiNIS=10  yields=180␍␊
[KAL] IMU=172363  baro=1625  gps=0  imuDrop=17514  baroDrop=83  evtDrop=0  imuBuf=3200  baroBuf=50  evtBuf=1  rwd=1  drained=0␍␊
[KAL] ring_hwm=[128,0,0]  gate=OPEN  grnd=OK  hdg=NO␍␊
[KAL] raw: ax=  -0.29 ay=  +0.00 az=  -9.56  gx=-0.001 gy=-0.001 gz=+0.009  |a|=9.56  P=86849Pa T=28.9C␍␊
[KAL] gyroBias: -0.00000 +0.00000 +0.00000 (rad/s)␍␊
[KAL] fifoHdr: 0x78=172547  0xF0=0  other=7  imuFlags=0x14  imuDrvDrop=17514␍␊
[KAL] catchUp: budget=2000us  last=1us  events=0  dtClamp=0␍␊
[KAL] timing: drain=1us  imuProc=0us  aiding=10us  tick=9us  output=1us␍␊
[KAL] imuBreak: vimu=19584us  post=4084us  n=903  vimu/s=21us  post/s=4us␍␊
[KAL] Pcov: <0xcf><0x83>p=5.90,5.90,1.02  <0xcf><0x83>v=1.64,1.64,0.23  <0xcf><0x83><0xce><0xb8>=0.031  <0xcf><0x83>ba=0.0000  <0xcf><0x83>bg=0.001000  <0xcf><0x83>bb=0.10␍␊
[KAL] eskf: pN=-0.50 pE=+0.53 pD=+12.88  vN=-0.16 vE=+0.16 vD=+2.29  bBaro=+1312.35  aeroBlind=0  inn=0.00  NIS=110.38␍␊
---␍␊
[KAL] baroFuse: meas=+1281.40m  eskfAlt=+1299.47m  inn=-18.08m  pD=+12.88  bBaro=+1312.35␍␊
[CATCHUP] exhausted: kalTs=0:29445672 targetTs=0:29446241 imuRdIdx=3200 imuCnt=3200 imuHead=3018␍␊
[KAL] baroFuse: meas=+1281.40m  eskfAlt=+1299.47m  inn=-18.08m  pD=+12.88  bBaro=+1312.35␍␊
[CATCHUP] exhausted: kalTs=0:29480945 targetTs=0:29481510 imuRdIdx=3200 imuCnt=3200 imuHead=42␍␊
[KAL] baroFuse: meas=+1281.40m  eskfAlt=+1299.47m  inn=-18.08m  pD=+12.88  bBaro=+1312.35␍␊
[CATCHUP] exhausted: kalTs=0:29516065 targetTs=0:29516828 imuRdIdx=3200 imuCnt=3200 imuHead=266␍␊
[KAL] FSM=BURN   Rail(p=  -1.7 r=  +0.1)  ESKF(p=  -1.5 r=  +0.3 y=  -0.1)  alt=-12.9m vD=+2.3␍␊
[KAL] hlth=0x17  loop=21us(max 2437)  mainLoop=50us(max 2630)  NIS=110.4  hiNIS=10  yields=180␍␊
[KAL] IMU=173266  baro=1634  gps=0  imuDrop=17514  baroDrop=83  evtDrop=0  imuBuf=3200  baroBuf=50  evtBuf=1  rwd=1  drained=0␍␊
[KAL] ring_hwm=[128,0,0]  gate=OPEN  grnd=OK  hdg=NO␍␊
[KAL] raw: ax=  -0.36 ay=  -0.02 az=  -9.64  gx=+0.008 gy=+0.003 gz=+0.002  |a|=9.65  P=86849Pa T=28.9C␍␊
[KAL] gyroBias: -0.00000 +0.00000 +0.00000 (rad/s)␍␊
[KAL] fifoHdr: 0x78=173450  0xF0=0  other=7  imuFlags=0x14  imuDrvDrop=17514␍␊
[KAL] catchUp: budget=2000us  last=1us  events=0  dtClamp=0␍␊
[KAL] timing: drain=1us  imuProc=1us  aiding=10us  tick=8us  output=1us␍␊
[KAL] imuBreak: vimu=19590us  post=4093us  n=903  vimu/s=21us  post/s=4us␍␊
[KAL] Pcov: <0xcf><0x83>p=5.90,5.90,1.02  <0xcf><0x83>v=1.64,1.64,0.23  <0xcf><0x83><0xce><0xb8>=0.031  <0xcf><0x83>ba=0.0000  <0xcf><0x83>bg=0.001000  <0xcf><0x83>bb=0.10␍␊
[KAL] eskf: pN=-0.50 pE=+0.53 pD=+12.88  vN=-0.16 vE=+0.16 vD=+2.29  bBaro=+1312.35  aeroBlind=0  inn=0.00  NIS=110.38␍␊
---␍␊
[CATCHUP] exhausted: kalTs=0:29560173 targetTs=0:29560792 imuRdIdx=3200 imuCnt=3200 imuHead=545␍␊
[KAL] baroFuse: meas=+1281.40m  eskfAlt=+1299.47m  inn=-18.08m  pD=+12.88  bBaro=+1312.35␍␊
[CATCHUP] exhausted: kalTs=0:29595337 targetTs=0:29596101 imuRdIdx=3200 imuCnt=3200 imuHead=769␍␊
[KAL] baroFuse: meas=+1281.40m  eskfAlt=+1299.47m  inn=-18.08m  pD=+12.88  bBaro=+1312.35␍␊
[CATCHUP] exhausted: kalTs=0:29631089 targetTs=0:29631655 imuRdIdx=3200 imuCnt=3200 imuHead=995␍␊
[KAL] baroFuse: meas=+1281.40m  eskfAlt=+1299.47m  inn=-18.08m  pD=+12.88  bBaro=+1312.35␍␊
[CATCHUP] exhausted: kalTs=0:29666189 targetTs=0:29666952 imuRdIdx=3200 imuCnt=3200 imuHead=1219␍␊
[KAL] FSM=BURN   Rail(p=  -1.7 r=  +0.1)  ESKF(p=  -1.5 r=  +0.3 y=  -0.1)  alt=-12.9m vD=+2.3␍␊
[KAL] hlth=0x17  loop=21us(max 2437)  mainLoop=94us(max 2630)  NIS=110.4  hiNIS=10  yields=180␍␊
[KAL] IMU=174170  baro=1643  gps=0  imuDrop=17514  baroDrop=83  evtDrop=0  imuBuf=3200  baroBuf=50  evtBuf=1  rwd=1  drained=0␍␊
[KAL] ring_hwm=[128,0,0]  gate=OPEN  grnd=OK  hdg=NO␍␊
[KAL] raw: ax=  -0.34 ay=  -0.06 az=  -9.67  gx=-0.004 gy=+0.008 gz=+0.001  |a|=9.67  P=86849Pa T=28.9C␍␊
[KAL] gyroBias: -0.00000 +0.00000 +0.00000 (rad/s)␍␊
[KAL] fifoHdr: 0x78=174354  0xF0=0  other=7  imuFlags=0x14  imuDrvDrop=17514␍␊
[KAL] catchUp: budget=2000us  last=1us  events=0  dtClamp=0␍␊
[KAL] timing: drain=1us  imuProc=1us  aiding=10us  tick=9us  output=1us␍␊
[KAL] imuBreak: vimu=19607us  post=4108us  n=904  vimu/s=21us  post/s=4us␍␊
[KAL] Pcov: <0xcf><0x83>p=5.90,5.90,1.02  <0xcf><0x83>v=1.64,1.64,0.23  <0xcf><0x83><0xce><0xb8>=0.031  <0xcf><0x83>ba=0.0000  <0xcf><0x83>bg=0.001000  <0xcf><0x83>bb=0.10␍␊
[KAL] eskf: pN=-0.50 pE=+0.53 pD=+12.88  vN=-0.16 vE=+0.16 vD=+2.29  bBaro=+1312.35  aeroBlind=0  inn=0.00  NIS=110.38␍␊
---␍␊
[CATCHUP] exhausted: kalTs=0:29709523 targetTs=0:29710434 imuRdIdx=3200 imuCnt=3200 imuHead=1495␍␊
[KAL] baroFuse: meas=+1281.40m  eskfAlt=+1299.47m  inn=-18.08m  pD=+12.88  bBaro=+1312.35␍␊
[CATCHUP] exhausted: kalTs=0:29744816 targetTs=0:29745865 imuRdIdx=3200 imuCnt=3200 imuHead=1720␍␊
[KAL] baroFuse: meas=+1281.40m  eskfAlt=+1299.47m  inn=-18.08m  pD=+12.88  bBaro=+1312.35␍␊
[CATCHUP] exhausted: kalTs=0:29780411 targetTs=0:29781173 imuRdIdx=3200 imuCnt=3200 imuHead=1944␍␊
[KAL] baroFuse: meas=+1281.40m  eskfAlt=+1299.47m  inn=-18.08m  pD=+12.88  bBaro=+1312.35␍␊
[CATCHUP] exhausted: kalTs=0:29815367 targetTs=0:29816470 imuRdIdx=3200 imuCnt=3200 imuHead=2168␍␊
[KAL] FSM=BURN   Rail(p=  -1.7 r=  +0.1)  ESKF(p=  -1.5 r=  +0.3 y=  -0.1)  alt=-12.9m vD=+2.3␍␊
[KAL] hlth=0x17  loop=21us(max 2437)  mainLoop=93us(max 2630)  NIS=110.4  hiNIS=10  yields=180␍␊
[KAL] IMU=175074  baro=1652  gps=0  imuDrop=17514  baroDrop=83  evtDrop=0  imuBuf=3200  baroBuf=50  evtBuf=1  rwd=1  drained=0␍␊
[KAL] ring_hwm=[128,0,0]  gate=OPEN  grnd=OK  hdg=NO␍␊
[KAL] raw: ax=  -0.34 ay=  -0.07 az=  -9.64  gx=+0.005 gy=-0.004 gz=+0.007  |a|=9.64  P=95896Pa T=30.1C␍␊
[KAL] gyroBias: -0.00000 +0.00000 +0.00000 (rad/s)␍␊
[KAL] fifoHdr: 0x78=175258  0xF0=0  other=8  imuFlags=0x14  imuDrvDrop=17514␍␊
[KAL] catchUp: budget=2000us  last=0us  events=0  dtClamp=0␍␊
[KAL] timing: drain=1us  imuProc=1us  aiding=10us  tick=8us  output=1us␍␊
[KAL] imuBreak: vimu=19623us  post=4074us  n=904  vimu/s=21us  post/s=4us␍␊
[KAL] Pcov: <0xcf><0x83>p=5.90,5.90,1.02  <0xcf><0x83>v=1.64,1.64,0.23  <0xcf><0x83><0xce><0xb8>=0.031  <0xcf><0x83>ba=0.0000  <0xcf><0x83>bg=0.001000  <0xcf><0x83>bb=0.10␍␊
[KAL] eskf: pN=-0.50 pE=+0.53 pD=+12.88  vN=-0.16 vE=+0.16 vD=+2.29  bBaro=+1312.35  aeroBlind=0  inn=0.00  NIS=110.38␍␊
---␍␊
[CATCHUP] future: earliest=0:29839741 target=0:29839617 kalTs=0:29838115 imuRdIdx=3160 imuCnt=3200␍␊
[CATCHUP] exhausted: kalTs=0:29859638 targetTs=0:29860746 imuRdIdx=3200 imuCnt=3200 imuHead=2449␍␊
[KAL] baroFuse: meas=+1281.40m  eskfAlt=+1299.47m  inn=-18.08m  pD=+12.88  bBaro=+1312.35␍␊
[CATCHUP] exhausted: kalTs=0:29895231 targetTs=0:29896088 imuRdIdx=3200 imuCnt=3200 imuHead=2674␍␊
[KAL] baroFuse: meas=+1281.40m  eskfAlt=+1299.47m  inn=-18.08m  pD=+12.88  bBaro=+1312.35␍␊
[CATCHUP] exhausted: kalTs=0:29930216 targetTs=0:29931323 imuRdIdx=3200 imuCnt=3200 imuHead=2897␍␊
[KAL] baroFuse: meas=+1281.40m  eskfAlt=+1299.47m  inn=-18.08m  pD=+12.88  bBaro=+1312.35␍␊
[CATCHUP] exhausted: kalTs=0:29965809 targetTs=0:29966574 imuRdIdx=3200 imuCnt=3200 imuHead=3121␍␊
[KAL] FSM=BURN   Rail(p=  -1.7 r=  +0.1)  ESKF(p=  -1.5 r=  +0.3 y=  -0.1)  alt=-12.9m vD=+2.3␍␊
[KAL] hlth=0x17  loop=56us(max 2437)  mainLoop=49us(max 2630)  NIS=110.4  hiNIS=10  yields=180␍␊
[KAL] IMU=175977  baro=1661  gps=0  imuDrop=17514  baroDrop=83  evtDrop=0  imuBuf=3200  baroBuf=50  evtBuf=1  rwd=1  drained=1␍␊
[KAL] ring_hwm=[128,0,0]  gate=OPEN  grnd=OK  hdg=NO␍␊
[KAL] raw: ax=  -0.32 ay=  -0.04 az=  -9.56  gx=-0.009 gy=+0.004 gz=+0.000  |a|=9.57  P=86849Pa T=28.9C␍␊
[KAL] gyroBias: -0.00000 +0.00000 +0.00000 (rad/s)␍␊
[KAL] fifoHdr: 0x78=176161  0xF0=0  other=8  imuFlags=0x14  imuDrvDrop=17514␍␊
[KAL] catchUp: budget=2000us  last=2us  events=1  dtClamp=0␍␊
[KAL] timing: drain=1us  imuProc=33us  aiding=11us  tick=11us  output=1us␍␊
[KAL] imuBreak: vimu=19564us  post=4105us  n=903  vimu/s=21us  post/s=4us␍␊
[KAL] Pcov: <0xcf><0x83>p=5.90,5.90,1.02  <0xcf><0x83>v=1.64,1.64,0.23  <0xcf><0x83><0xce><0xb8>=0.031  <0xcf><0x83>ba=0.0000  <0xcf><0x83>bg=0.001000  <0xcf><0x83>bb=0.10␍␊
[KAL] eskf: pN=-0.50 pE=+0.53 pD=+12.88  vN=-0.16 vE=+0.16 vD=+2.29  bBaro=+1312.35  aeroBlind=0  inn=0.00  NIS=110.38␍␊
---␍␊
[CATCHUP] exhausted: kalTs=0:30009277 targetTs=0:30009896 imuRdIdx=3200 imuCnt=3200 imuHead=196␍␊
[KAL] baroFuse: meas=+1281.40m  eskfAlt=+1299.47m  inn=-18.08m  pD=+12.88  bBaro=+1312.35␍␊
[CATCHUP] exhausted: kalTs=0:30044567 targetTs=0:30045185 imuRdIdx=3200 imuCnt=3200 imuHead=420␍␊
[KAL] baroFuse: meas=+1281.40m  eskfAlt=+1299.47m  inn=-18.08m  pD=+12.88  bBaro=+1312.35␍␊
[CATCHUP] exhausted: kalTs=0:30079728 targetTs=0:30080491 imuRdIdx=3200 imuCnt=3200 imuHead=644␍␊
[KAL] baroFuse: meas=+1281.40m  eskfAlt=+1299.47m  inn=-18.08m  pD=+12.88  bBaro=+1312.35␍␊
[CATCHUP] exhausted: kalTs=0:30115327 targetTs=0:30115946 imuRdIdx=3200 imuCnt=3200 imuHead=869␍␊
[KAL] FSM=BURN   Rail(p=  -1.7 r=  +0.1)  ESKF(p=  -1.5 r=  +0.3 y=  -0.1)  alt=-12.9m vD=+2.3␍␊
[KAL] hlth=0x17  loop=56us(max 2437)  mainLoop=49us(max 2630)  NIS=110.4  hiNIS=10  yields=180␍␊
[KAL] IMU=176881  baro=1670  gps=0  imuDrop=17514  baroDrop=83  evtDrop=0  imuBuf=3200  baroBuf=50  evtBuf=1  rwd=1  drained=1␍␊
[KAL] ring_hwm=[128,0,0]  gate=OPEN  grnd=OK  hdg=NO␍␊
[KAL] raw: ax=  -0.31 ay=  -0.05 az=  -9.67  gx=-0.003 gy=-0.003 gz=+0.007  |a|=9.67  P=86849Pa T=28.9C␍␊
[KAL] gyroBias: -0.00000 +0.00000 +0.00000 (rad/s)␍␊
[KAL] fifoHdr: 0x78=177065  0xF0=0  other=8  imuFlags=0x14  imuDrvDrop=17514␍␊
[KAL] catchUp: budget=2000us  last=3us  events=1  dtClamp=0␍␊
[KAL] timing: drain=1us  imuProc=32us  aiding=11us  tick=11us  output=1us␍␊
[KAL] imuBreak: vimu=19586us  post=4125us  n=904  vimu/s=21us  post/s=4us␍␊
[KAL] Pcov: <0xcf><0x83>p=5.90,5.90,1.02  <0xcf><0x83>v=1.64,1.64,0.23  <0xcf><0x83><0xce><0xb8>=0.031  <0xcf><0x83>ba=0.0000  <0xcf><0x83>bg=0.001000  <0xcf><0x83>bb=0.10␍␊
[KAL] eskf: pN=-0.50 pE=+0.53 pD=+12.88  vN=-0.16 vE=+0.16 vD=+2.29  bBaro=+1312.35  aeroBlind=0  inn=0.00  NIS=110.38␍␊
---␍␊
[CATCHUP] exhausted: kalTs=0:30158012 targetTs=0:30158632 imuRdIdx=3200 imuCnt=3200 imuHead=1140␍␊
[KAL] baroFuse: meas=+1281.40m  eskfAlt=+1299.47m  inn=-18.08m  pD=+12.88  bBaro=+1312.35␍␊
[CATCHUP] exhausted: kalTs=0:30193330 targetTs=0:30193950 imuRdIdx=3200 imuCnt=3200 imuHead=1364␍␊
[KAL] baroFuse: meas=+1281.40m  eskfAlt=+1299.47m  inn=-18.08m  pD=+12.88  bBaro=+1312.35␍␊
[CATCHUP] exhausted: kalTs=0:30228592 targetTs=0:30229407 imuRdIdx=3200 imuCnt=3200 imuHead=1589␍␊
[KAL] FSM=BURN   Rail(p=  -1.7 r=  +0.1)  ESKF(p=  -1.5 r=  +0.3 y=  -0.1)  alt=-12.9m vD=+2.3␍␊
[KAL] hlth=0x17  loop=56us(max 2437)  mainLoop=51us(max 2630)  NIS=110.4  hiNIS=10  yields=180␍␊
[KAL] IMU=177784  baro=1676  gps=0  imuDrop=17514  baroDrop=83  evtDrop=0  imuBuf=3200  baroBuf=50  evtBuf=1  rwd=1  drained=1␍␊
[KAL] ring_hwm=[128,0,0]  gate=OPEN  grnd=OK  hdg=NO␍␊
[KAL] raw: ax=  -0.29 ay=  +0.00 az=  -9.62  gx=-0.004 gy=+0.001 gz=-0.006  |a|=9.62  P=86849Pa T=28.9C␍␊
[KAL] gyroBias: -0.00000 +0.00000 +0.00000 (rad/s)␍␊
[KAL] fifoHdr: 0x78=177968  0xF0=0  other=8  imuFlags=0x14  imuDrvDrop=17514␍␊
[KAL] catchUp: budget=2000us  last=2us  events=1  dtClamp=0␍␊
[KAL] timing: drain=1us  imuProc=33us  aiding=11us  tick=11us  output=1us␍␊
[KAL] imuBreak: vimu=19593us  post=4054us  n=903  vimu/s=21us  post/s=4us␍␊
[KAL] Pcov: <0xcf><0x83>p=5.90,5.90,1.02  <0xcf><0x83>v=1.64,1.64,0.23  <0xcf><0x83><0xce><0xb8>=0.031  <0xcf><0x83>ba=0.0000  <0xcf><0x83>bg=0.001000  <0xcf><0x83>bb=0.10␍␊
[KAL] eskf: pN=-0.50 pE=+0.53 pD=+12.88  vN=-0.16 vE=+0.16 vD=+2.29  bBaro=+1312.35  aeroBlind=0  inn=0.00  NIS=110.38␍␊
---␍␊
[KAL] baroFuse: meas=+1281.40m  eskfAlt=+1299.47m  inn=-18.08m  pD=+12.88  bBaro=+1312.35␍␊
[CATCHUP] exhausted: kalTs=0:30271929 targetTs=0:30272693 imuRdIdx=3200 imuCnt=3200 imuHead=1864␍␊
[CATCHUP] exhausted: kalTs=0:30307208 targetTs=0:30307773 imuRdIdx=3200 imuCnt=3200 imuHead=2087␍␊
[CATCHUP] exhausted: kalTs=0:30342513 targetTs=0:30343226 imuRdIdx=3200 imuCnt=3200 imuHead=2312␍␊
[CATCHUP] exhausted: kalTs=0:30377779 targetTs=0:30378833 imuRdIdx=3200 imuCnt=3200 imuHead=2538␍␊
[KAL] FSM=BURN   Rail(p=  -1.7 r=  +0.1)  ESKF(p=  -1.5 r=  +0.3 y=  -0.1)  alt=-12.9m vD=+2.3␍␊
[KAL] hlth=0x17  loop=21us(max 2437)  mainLoop=95us(max 2630)  NIS=110.4  hiNIS=10  yields=180␍␊
[KAL] IMU=178691  baro=1685  gps=0  imuDrop=17514  baroDrop=84  evtDrop=0  imuBuf=3200  baroBuf=50  evtBuf=1  rwd=1  drained=0␍␊
[KAL] ring_hwm=[128,0,0]  gate=OPEN  grnd=OK  hdg=NO␍␊
[KAL] raw: ax=  -0.36 ay=  -0.08 az=  -9.61  gx=+0.004 gy=+0.003 gz=-0.001  |a|=9.62  P=86849Pa T=28.9C␍␊
[KAL] gyroBias: -0.00000 +0.00000 +0.00000 (rad/s)␍␊
[KAL] fifoHdr: 0x78=178875  0xF0=0  other=8  imuFlags=0x14  imuDrvDrop=17514␍␊
[KAL] catchUp: budget=2000us  last=1us  events=0  dtClamp=0␍␊
[KAL] timing: drain=1us  imuProc=1us  aiding=10us  tick=9us  output=1us␍␊
[KAL] imuBreak: vimu=19705us  post=4064us  n=907  vimu/s=21us  post/s=4us␍␊
[KAL] Pcov: <0xcf><0x83>p=5.90,5.90,1.02  <0xcf><0x83>v=1.64,1.64,0.23  <0xcf><0x83><0xce><0xb8>=0.031  <0xcf><0x83>ba=0.0000  <0xcf><0x83>bg=0.001000  <0xcf><0x83>bb=0.10␍␊
[KAL] eskf: pN=-0.50 pE=+0.53 pD=+12.88  vN=-0.16 vE=+0.16 vD=+2.29  bBaro=+1312.35  aeroBlind=0  inn=0.00  NIS=110.38␍␊
---␍␊
[CATCHUP] exhausted: kalTs=0:30422094 targetTs=0:30423101 imuRdIdx=3200 imuCnt=3200 imuHead=2819␍␊
[CATCHUP] exhausted: kalTs=0:30457828 targetTs=0:30458396 imuRdIdx=3200 imuCnt=3200 imuHead=3043␍␊
[CATCHUP] exhausted: kalTs=0:30493144 targetTs=0:30493766 imuRdIdx=3200 imuCnt=3200 imuHead=67␍␊
[CATCHUP] exhausted: kalTs=0:30528403 targetTs=0:30529170 imuRdIdx=3200 imuCnt=3200 imuHead=292␍␊
[KAL] FSM=BURN   Rail(p=  -1.7 r=  +0.1)  ESKF(p=  -1.5 r=  +0.3 y=  -0.1)  alt=-12.9m vD=+2.3␍␊
[KAL] hlth=0x17  loop=21us(max 2437)  mainLoop=95us(max 2630)  NIS=110.4  hiNIS=10  yields=180␍␊
[KAL] IMU=179600  baro=1694  gps=0  imuDrop=17514  baroDrop=87  evtDrop=0  imuBuf=3200  baroBuf=50  evtBuf=1  rwd=1  drained=0␍␊
[KAL] ring_hwm=[128,0,0]  gate=OPEN  grnd=OK  hdg=NO␍␊
[KAL] raw: ax=  -0.25 ay=  -0.01 az=  -9.53  gx=-0.007 gy=-0.005 gz=-0.003  |a|=9.53  P=86849Pa T=28.9C␍␊
[KAL] gyroBias: -0.00000 +0.00000 +0.00000 (rad/s)␍␊
[KAL] fifoHdr: 0x78=179784  0xF0=0  other=8  imuFlags=0x14  imuDrvDrop=17514␍␊
[KAL] catchUp: budget=2000us  last=1us  events=0  dtClamp=0␍␊
[KAL] timing: drain=1us  imuProc=1us  aiding=10us  tick=9us  output=1us␍␊
[KAL] imuBreak: vimu=19709us  post=4101us  n=909  vimu/s=21us  post/s=4us␍␊
[KAL] Pcov: <0xcf><0x83>p=5.90,5.90,1.02  <0xcf><0x83>v=1.64,1.64,0.23  <0xcf><0x83><0xce><0xb8>=0.031  <0xcf><0x83>ba=0.0000  <0xcf><0x83>bg=0.001000  <0xcf><0x83>bb=0.10␍␊
[KAL] eskf: pN=-0.50 pE=+0.53 pD=+12.88  vN=-0.16 vE=+0.16 vD=+2.29  bBaro=+1312.35  aeroBlind=0  inn=0.00  NIS=110.38␍␊
---␍␊
[CATCHUP] future: earliest=0:30554416 target=0:30552977 kalTs=0:30552789 imuRdIdx=3159 imuCnt=3200␍␊
[CATCHUP] exhausted: kalTs=0:30573311 targetTs=0:30574078 imuRdIdx=3200 imuCnt=3200 imuHead=577␍␊
[CATCHUP] exhausted: kalTs=0:30608466 targetTs=0:30609324 imuRdIdx=3200 imuCnt=3200 imuHead=801␍␊
[CATCHUP] exhausted: kalTs=0:30644218 targetTs=0:30644931 imuRdIdx=3200 imuCnt=3200 imuHead=1027␍␊
[CATCHUP] exhausted: kalTs=0:30679535 targetTs=0:30680393 imuRdIdx=3200 imuCnt=3200 imuHead=1252␍␊
[KAL] FSM=BURN   Rail(p=  -1.7 r=  +0.1)  ESKF(p=  -1.5 r=  +0.3 y=  -0.1)  alt=-12.9m vD=+2.3␍␊
[KAL] hlth=0x17  loop=21us(max 2437)  mainLoop=94us(max 2630)  NIS=110.4  hiNIS=10  yields=180␍␊
[KAL] IMU=180509  baro=1703  gps=0  imuDrop=17514  baroDrop=90  evtDrop=0  imuBuf=3200  baroBuf=50  evtBuf=1  rwd=1  drained=0␍␊
[KAL] ring_hwm=[128,0,0]  gate=OPEN  grnd=OK  hdg=NO␍␊
[KAL] raw: ax=  -0.28 ay=  +0.03 az=  -9.56  gx=-0.000 gy=-0.003 gz=-0.005  |a|=9.57  P=86849Pa T=28.9C␍␊
[KAL] gyroBias: -0.00000 +0.00000 +0.00000 (rad/s)␍␊
[KAL] fifoHdr: 0x78=180693  0xF0=0  other=8  imuFlags=0x14  imuDrvDrop=17514␍␊
[KAL] catchUp: budget=2000us  last=0us  events=0  dtClamp=0␍␊
[KAL] timing: drain=1us  imuProc=0us  aiding=11us  tick=9us  output=1us␍␊
[KAL] imuBreak: vimu=19723us  post=4099us  n=909  vimu/s=21us  post/s=4us␍␊
[KAL] Pcov: <0xcf><0x83>p=5.90,5.90,1.02  <0xcf><0x83>v=1.64,1.64,0.23  <0xcf><0x83><0xce><0xb8>=0.031  <0xcf><0x83>ba=0.0000  <0xcf><0x83>bg=0.001000  <0xcf><0x83>bb=0.10␍␊
[KAL] eskf: pN=-0.50 pE=+0.53 pD=+12.88  vN=-0.16 vE=+0.16 vD=+2.29  bBaro=+1312.35  aeroBlind=0  inn=0.00  NIS=110.38␍␊
---␍␊
[CATCHUP] exhausted: kalTs=0:30721409 targetTs=0:30722461 imuRdIdx=3200 imuCnt=3200 imuHead=1519␍␊
[CATCHUP] exhausted: kalTs=0:30757183 targetTs=0:30757750 imuRdIdx=3200 imuCnt=3200 imuHead=1743␍␊
[CATCHUP] exhausted: kalTs=0:30792327 targetTs=0:30793186 imuRdIdx=3200 imuCnt=3200 imuHead=1968␍␊
[CATCHUP] exhausted: kalTs=0:30827629 targetTs=0:30828692 imuRdIdx=3200 imuCnt=3200 imuHead=2193␍␊
[KAL] FSM=BURN   Rail(p=  -1.7 r=  +0.1)  ESKF(p=  -1.5 r=  +0.3 y=  -0.1)  alt=-12.9m vD=+2.3␍␊
[KAL] hlth=0x17  loop=21us(max 2437)  mainLoop=94us(max 2630)  NIS=110.4  hiNIS=10  yields=180␍␊
[KAL] IMU=181416  baro=1712  gps=0  imuDrop=17514  baroDrop=93  evtDrop=0  imuBuf=3200  baroBuf=50  evtBuf=1  rwd=1  drained=0␍␊
[KAL] ring_hwm=[128,0,0]  gate=OPEN  grnd=OK  hdg=NO␍␊
[KAL] raw: ax=  -0.30 ay=  -0.05 az=  -9.58  gx=-0.001 gy=-0.001 gz=+0.002  |a|=9.58  P=86849Pa T=28.9C␍␊
[KAL] gyroBias: -0.00000 +0.00000 +0.00000 (rad/s)␍␊
[KAL] fifoHdr: 0x78=181600  0xF0=0  other=8  imuFlags=0x14  imuDrvDrop=17514␍␊
[KAL] catchUp: budget=2000us  last=1us  events=0  dtClamp=0␍␊
[KAL] timing: drain=1us  imuProc=1us  aiding=10us  tick=9us  output=1us␍␊
[KAL] imuBreak: vimu=19673us  post=4079us  n=907  vimu/s=21us  post/s=4us␍␊
[KAL] Pcov: <0xcf><0x83>p=5.90,5.90,1.02  <0xcf><0x83>v=1.64,1.64,0.23  <0xcf><0x83><0xce><0xb8>=0.031  <0xcf><0x83>ba=0.0000  <0xcf><0x83>bg=0.001000  <0xcf><0x83>bb=0.10␍␊
[KAL] eskf: pN=-0.50 pE=+0.53 pD=+12.88  vN=-0.16 vE=+0.16 vD=+2.29  bBaro=+1312.35  aeroBlind=0  inn=0.00  NIS=110.38␍␊
---␍␊
[CATCHUP] exhausted: kalTs=0:30872374 targetTs=0:30873435 imuRdIdx=3200 imuCnt=3200 imuHead=2477␍␊
[CATCHUP] exhausted: kalTs=0:30907677 targetTs=0:30908736 imuRdIdx=3200 imuCnt=3200 imuHead=2701␍␊
[CATCHUP] exhausted: kalTs=0:30943416 targetTs=0:30944183 imuRdIdx=3200 imuCnt=3200 imuHead=2926␍␊
[KAL] FSM=BURN   Rail(p=  -1.7 r=  +0.1)  ESKF(p=  -1.5 r=  +0.3 y=  -0.1)  alt=-12.9m vD=+2.3␍␊
[KAL] hlth=0x17  loop=57us(max 2437)  mainLoop=51us(max 2630)  NIS=110.4  hiNIS=10  yields=180␍␊
[KAL] IMU=182324  baro=1721  gps=0  imuDrop=17514  baroDrop=96  evtDrop=0  imuBuf=3200  baroBuf=50  evtBuf=1  rwd=1  drained=1␍␊
[KAL] ring_hwm=[128,0,0]  gate=OPEN  grnd=OK  hdg=NO␍␊
[KAL] raw: ax=  -0.27 ay=  -0.05 az=  -9.63  gx=-0.007 gy=-0.007 gz=-0.006  |a|=9.63  P=86849Pa T=28.9C␍␊
[KAL] gyroBias: -0.00000 +0.00000 +0.00000 (rad/s)␍␊
[KAL] fifoHdr: 0x78=182508  0xF0=0  other=8  imuFlags=0x34  imuDrvDrop=17514␍␊
[KAL] catchUp: budget=2000us  last=3us  events=1  dtClamp=0␍␊
[KAL] timing: drain=2us  imuProc=32us  aiding=11us  tick=12us  output=1us␍␊
[KAL] imuBreak: vimu=19701us  post=4085us  n=908  vimu/s=21us  post/s=4us␍␊
[KAL] Pcov: <0xcf><0x83>p=5.90,5.90,1.02  <0xcf><0x83>v=1.64,1.64,0.23  <0xcf><0x83><0xce><0xb8>=0.031  <0xcf><0x83>ba=0.0000  <0xcf><0x83>bg=0.001000  <0xcf><0x83>bb=0.10␍␊
[KAL] eskf: pN=-0.50 pE=+0.53 pD=+12.88  vN=-0.16 vE=+0.16 vD=+2.29  bBaro=+1312.35  aeroBlind=0  inn=0.00  NIS=110.38␍␊
---␍␊
[CATCHUP] exhausted: kalTs=0:30985319 targetTs=0:30986228 imuRdIdx=3200 imuCnt=3200 imuHead=3193␍␊
[CATCHUP] exhausted: kalTs=0:31020606 targetTs=0:31021657 imuRdIdx=3200 imuCnt=3200 imuHead=218␍␊
[CATCHUP] exhausted: kalTs=0:31055904 targetTs=0:31056907 imuRdIdx=3200 imuCnt=3200 imuHead=442␍␊
[CATCHUP] exhausted: kalTs=0:31091843 targetTs=0:31092415 imuRdIdx=3200 imuCnt=3200 imuHead=667␍␊
[KAL] FSM=BURN   Rail(p=  -1.7 r=  +0.1)  ESKF(p=  -1.5 r=  +0.3 y=  -0.1)  alt=-12.9m vD=+2.3␍␊
[KAL] hlth=0x17  loop=92us(max 2437)  mainLoop=61us(max 2630)  NIS=110.4  hiNIS=10  yields=180␍␊
[KAL] IMU=183232  baro=1729  gps=0  imuDrop=17514  baroDrop=99  evtDrop=0  imuBuf=3200  baroBuf=50  evtBuf=1  rwd=1  drained=1␍␊
[KAL] ring_hwm=[128,0,0]  gate=OPEN  grnd=OK  hdg=NO␍␊
[KAL] raw: ax=  -0.30 ay=  -0.05 az=  -9.53  gx=+0.000 gy=+0.001 gz=+0.003  |a|=9.54  P=95885Pa T=30.2C␍␊
[KAL] gyroBias: -0.00000 +0.00000 +0.00000 (rad/s)␍␊
[KAL] fifoHdr: 0x78=183416  0xF0=0  other=8  imuFlags=0x14  imuDrvDrop=17514␍␊
[KAL] catchUp: budget=2000us  last=39us  events=1  dtClamp=0␍␊
[KAL] timing: drain=1us  imuProc=33us  aiding=11us  tick=47us  output=1us␍␊
[KAL] imuBreak: vimu=19704us  post=4089us  n=908  vimu/s=21us  post/s=4us␍␊
[KAL] Pcov: <0xcf><0x83>p=5.90,5.90,1.02  <0xcf><0x83>v=1.64,1.64,0.23  <0xcf><0x83><0xce><0xb8>=0.031  <0xcf><0x83>ba=0.0000  <0xcf><0x83>bg=0.001000  <0xcf><0x83>bb=0.10␍␊
[KAL] eskf: pN=-0.50 pE=+0.53 pD=+12.88  vN=-0.16 vE=+0.16 vD=+2.29  bBaro=+1312.35  aeroBlind=0  inn=0.00  NIS=110.38␍␊
---␍␊
[CATCHUP] exhausted: kalTs=0:31135962 targetTs=0:31136480 imuRdIdx=3200 imuCnt=3200 imuHead=947␍␊
[CATCHUP] exhausted: kalTs=0:31171682 targetTs=0:31172250 imuRdIdx=3200 imuCnt=3200 imuHead=1174␍␊
[CATCHUP] exhausted: kalTs=0:31206986 targetTs=0:31207554 imuRdIdx=3200 imuCnt=3200 imuHead=1398␍␊
[CATCHUP] exhausted: kalTs=0:31242271 targetTs=0:31242983 imuRdIdx=3200 imuCnt=3200 imuHead=1623␍␊
[KAL] FSM=BURN   Rail(p=  -1.7 r=  +0.1)  ESKF(p=  -1.5 r=  +0.3 y=  -0.1)  alt=-12.9m vD=+2.3␍␊
[KAL] hlth=0x17  loop=21us(max 2437)  mainLoop=50us(max 2630)  NIS=110.4  hiNIS=10  yields=180␍␊
[KAL] IMU=184140  baro=1736  gps=0  imuDrop=17514  baroDrop=101  evtDrop=0  imuBuf=3200  baroBuf=50  evtBuf=1  rwd=1  drained=0␍␊
[KAL] ring_hwm=[128,0,0]  gate=OPEN  grnd=OK  hdg=NO␍␊
[KAL] raw: ax=  -0.32 ay=  -0.06 az=  -9.57  gx=-0.001 gy=+0.002 gz=-0.003  |a|=9.58  P=95900Pa T=30.2C␍␊
[KAL] gyroBias: -0.00000 +0.00000 +0.00000 (rad/s)␍␊
[KAL] fifoHdr: 0x78=184324  0xF0=0  other=8  imuFlags=0x14  imuDrvDrop=17514␍␊
[KAL] catchUp: budget=2000us  last=1us  events=0  dtClamp=0␍␊
[KAL] timing: drain=1us  imuProc=0us  aiding=11us  tick=8us  output=1us␍␊
[KAL] imuBreak: vimu=19694us  post=4094us  n=908  vimu/s=21us  post/s=4us␍␊
[KAL] Pcov: <0xcf><0x83>p=5.90,5.90,1.02  <0xcf><0x83>v=1.64,1.64,0.23  <0xcf><0x83><0xce><0xb8>=0.031  <0xcf><0x83>ba=0.0000  <0xcf><0x83>bg=0.001000  <0xcf><0x83>bb=0.10␍␊
[KAL] eskf: pN=-0.50 pE=+0.53 pD=+12.88  vN=-0.16 vE=+0.16 vD=+2.29  bBaro=+1312.35  aeroBlind=0  inn=0.00  NIS=110.38␍␊
---␍␊
[CATCHUP] exhausted: kalTs=0:31286696 targetTs=0:31287318 imuRdIdx=3200 imuCnt=3200 imuHead=1904␍␊
[CATCHUP] exhausted: kalTs=0:31321972 targetTs=0:31322744 imuRdIdx=3200 imuCnt=3200 imuHead=2129␍␊
[CATCHUP] exhausted: kalTs=0:31357238 targetTs=0:31358006 imuRdIdx=3200 imuCnt=3200 imuHead=2353␍␊
[CATCHUP] exhausted: kalTs=0:31392826 targetTs=0:31393838 imuRdIdx=3200 imuCnt=3200 imuHead=2581␍␊
[KAL] FSM=BURN   Rail(p=  -1.7 r=  +0.1)  ESKF(p=  -1.5 r=  +0.3 y=  -0.1)  alt=-12.9m vD=+2.3␍␊
[KAL] hlth=0x17  loop=57us(max 2437)  mainLoop=50us(max 2630)  NIS=110.4  hiNIS=10  yields=180␍␊
[KAL] IMU=185050  baro=1745  gps=0  imuDrop=17514  baroDrop=104  evtDrop=0  imuBuf=3200  baroBuf=50  evtBuf=1  rwd=1  drained=1␍␊
[KAL] ring_hwm=[128,0,0]  gate=OPEN  grnd=OK  hdg=NO␍␊
[KAL] raw: ax=  -0.31 ay=  -0.03 az=  -9.61  gx=-0.005 gy=-0.004 gz=+0.000  |a|=9.61  P=86849Pa T=28.9C␍␊
[KAL] gyroBias: -0.00000 +0.00000 +0.00000 (rad/s)␍␊
[KAL] fifoHdr: 0x78=185234  0xF0=0  other=8  imuFlags=0x14  imuDrvDrop=17514␍␊
[KAL] catchUp: budget=2000us  last=3us  events=1  dtClamp=0␍␊
[KAL] timing: drain=1us  imuProc=33us  aiding=11us  tick=12us  output=1us␍␊
[KAL] imuBreak: vimu=19747us  post=4104us  n=910  vimu/s=21us  post/s=4us␍␊
[KAL] Pcov: <0xcf><0x83>p=5.90,5.90,1.02  <0xcf><0x83>v=1.64,1.64,0.23  <0xcf><0x83><0xce><0xb8>=0.031  <0xcf><0x83>ba=0.0000  <0xcf><0x83>bg=0.001000  <0xcf><0x83>bb=0.10␍␊
[KAL] eskf: pN=-0.50 pE=+0.53 pD=+12.88  vN=-0.16 vE=+0.16 vD=+2.29  bBaro=+1312.35  aeroBlind=0  inn=0.00  NIS=110.38␍␊
---␍␊
[CATCHUP] future: earliest=0:31405990 target=0:31405376 kalTs=0:31404766 imuRdIdx=3194 imuCnt=3200␍␊
[CATCHUP] exhausted: kalTs=0:31434278 targetTs=0:31435337 imuRdIdx=3200 imuCnt=3200 imuHead=2844␍␊
[CATCHUP] exhausted: kalTs=0:31470155 targetTs=0:31470921 imuRdIdx=3200 imuCnt=3200 imuHead=3070␍␊
[CATCHUP] exhausted: kalTs=0:31505458 targetTs=0:31506225 imuRdIdx=3200 imuCnt=3200 imuHead=94␍␊
[CATCHUP] exhausted: kalTs=0:31540712 targetTs=0:31541806 imuRdIdx=3200 imuCnt=3200 imuHead=320␍␊
[KAL] FSM=BURN   Rail(p=  -1.7 r=  +0.1)  ESKF(p=  -1.5 r=  +0.3 y=  -0.1)  alt=-12.9m vD=+2.3␍␊
[KAL] hlth=0x17  loop=21us(max 2437)  mainLoop=51us(max 2630)  NIS=110.4  hiNIS=10  yields=180␍␊
[KAL] IMU=185959  baro=1754  gps=0  imuDrop=17514  baroDrop=107  evtDrop=0  imuBuf=3200  baroBuf=50  evtBuf=1  rwd=1  drained=0␍␊
[KAL] ring_hwm=[128,0,0]  gate=OPEN  grnd=OK  hdg=NO␍␊
[KAL] raw: ax=  -0.39 ay=  -0.02 az=  -9.58  gx=-0.005 gy=+0.001 gz=+0.007  |a|=9.59  P=95877Pa T=29.6C␍␊
[KAL] gyroBias: -0.00000 +0.00000 +0.00000 (rad/s)␍␊
[KAL] fifoHdr: 0x78=186143  0xF0=0  other=9  imuFlags=0x14  imuDrvDrop=17514␍␊
[KAL] catchUp: budget=2000us  last=1us  events=0  dtClamp=0␍␊
[KAL] timing: drain=1us  imuProc=1us  aiding=10us  tick=9us  output=1us␍␊
[KAL] imuBreak: vimu=19732us  post=4099us  n=909  vimu/s=21us  post/s=4us␍␊
[KAL] Pcov: <0xcf><0x83>p=5.90,5.90,1.02  <0xcf><0x83>v=1.64,1.64,0.23  <0xcf><0x83><0xce><0xb8>=0.031  <0xcf><0x83>ba=0.0000  <0xcf><0x83>bg=0.001000  <0xcf><0x83>bb=0.10␍␊
[KAL] eskf: pN=-0.50 pE=+0.53 pD=+12.88  vN=-0.16 vE=+0.16 vD=+2.29  bBaro=+1312.35  aeroBlind=0  inn=0.00  NIS=110.38␍␊
---␍␊
[CATCHUP] exhausted: kalTs=0:31585797 targetTs=0:31586564 imuRdIdx=3200 imuCnt=3200 imuHead=604␍␊
[CATCHUP] exhausted: kalTs=0:31621556 targetTs=0:31622221 imuRdIdx=3200 imuCnt=3200 imuHead=831␍␊
[CATCHUP] exhausted: kalTs=0:31656670 targetTs=0:31657436 imuRdIdx=3200 imuCnt=3200 imuHead=1054␍␊
[KAL] FSM=BURN   Rail(p=  -1.7 r=  +0.1)  ESKF(p=  -1.5 r=  +0.3 y=  -0.1)  alt=-12.9m vD=+2.3␍␊
[KAL] hlth=0x17  loop=21us(max 2437)  mainLoop=95us(max 2630)  NIS=110.4  hiNIS=10  yields=180␍␊
[KAL] IMU=186868  baro=1763  gps=0  imuDrop=17514  baroDrop=110  evtDrop=0  imuBuf=3200  baroBuf=50  evtBuf=1  rwd=1  drained=0␍␊
[KAL] ring_hwm=[128,0,0]  gate=OPEN  grnd=OK  hdg=NO␍␊
[KAL] raw: ax=  -0.30 ay=  +0.05 az=  -9.59  gx=-0.002 gy=+0.005 gz=+0.006  |a|=9.60  P=86849Pa T=28.9C␍␊
[KAL] gyroBias: -0.00000 +0.00000 +0.00000 (rad/s)␍␊
[KAL] fifoHdr: 0x78=187052  0xF0=0  other=9  imuFlags=0x14  imuDrvDrop=17514␍␊
[KAL] catchUp: budget=2000us  last=1us  events=0  dtClamp=0␍␊
[KAL] timing: drain=1us  imuProc=0us  aiding=11us  tick=8us  output=1us␍␊
[KAL] imuBreak: vimu=19700us  post=4119us  n=909  vimu/s=21us  post/s=4us␍␊
[KAL] Pcov: <0xcf><0x83>p=5.90,5.90,1.02  <0xcf><0x83>v=1.64,1.64,0.23  <0xcf><0x83><0xce><0xb8>=0.031  <0xcf><0x83>ba=0.0000  <0xcf><0x83>bg=0.001000  <0xcf><0x83>bb=0.10␍␊
[KAL] eskf: pN=-0.50 pE=+0.53 pD=+12.88  vN=-0.16 vE=+0.16 vD=+2.29  bBaro=+1312.35  aeroBlind=0  inn=0.00  NIS=110.38␍␊
---␍␊
[CATCHUP] exhausted: kalTs=0:31698688 targetTs=0:31699797 imuRdIdx=3200 imuCnt=3200 imuHead=1323␍␊
[CATCHUP] exhausted: kalTs=0:31734461 targetTs=0:31735374 imuRdIdx=3200 imuCnt=3200 imuHead=1549␍␊
[CATCHUP] exhausted: kalTs=0:31769745 targetTs=0:31770798 imuRdIdx=3200 imuCnt=3200 imuHead=1774␍␊
[CATCHUP] exhausted: kalTs=0:31805522 targetTs=0:31806089 imuRdIdx=3200 imuCnt=3200 imuHead=1998␍␊
[KAL] FSM=BURN   Rail(p=  -1.7 r=  +0.1)  ESKF(p=  -1.5 r=  +0.3 y=  -0.1)  alt=-12.9m vD=+2.3␍␊
[KAL] hlth=0x17  loop=21us(max 2437)  mainLoop=50us(max 2630)  NIS=110.4  hiNIS=10  yields=180␍␊
[KAL] IMU=187775  baro=1772  gps=0  imuDrop=17514  baroDrop=113  evtDrop=0  imuBuf=3200  baroBuf=50  evtBuf=1  rwd=1  drained=0␍␊
[KAL] ring_hwm=[128,0,0]  gate=OPEN  grnd=OK  hdg=NO␍␊
[KAL] raw: ax=  -0.23 ay=  -0.03 az=  -9.69  gx=+0.002 gy=+0.005 gz=+0.013  |a|=9.69  P=86849Pa T=28.9C␍␊
[KAL] gyroBias: -0.00000 +0.00000 +0.00000 (rad/s)␍␊
[KAL] fifoHdr: 0x78=187959  0xF0=0  other=9  imuFlags=0x14  imuDrvDrop=17514␍␊
[KAL] catchUp: budget=2000us  last=1us  events=0  dtClamp=0␍␊
[KAL] timing: drain=1us  imuProc=1us  aiding=10us  tick=8us  output=1us␍␊
[KAL] imuBreak: vimu=19665us  post=4099us  n=907  vimu/s=21us  post/s=4us␍␊
[KAL] Pcov: <0xcf><0x83>p=5.90,5.90,1.02  <0xcf><0x83>v=1.64,1.64,0.23  <0xcf><0x83><0xce><0xb8>=0.031  <0xcf><0x83>ba=0.0000  <0xcf><0x83>bg=0.001000  <0xcf><0x83>bb=0.10␍␊
[KAL] eskf: pN=-0.50 pE=+0.53 pD=+12.88  vN=-0.16 vE=+0.16 vD=+2.29  bBaro=+1312.35  aeroBlind=0  inn=0.00  NIS=110.38␍␊
---␍␊
[CATCHUP] exhausted: kalTs=0:31850243 targetTs=0:31850864 imuRdIdx=3200 imuCnt=3200 imuHead=2282␍␊
[CATCHUP] exhausted: kalTs=0:31885531 targetTs=0:31886440 imuRdIdx=3200 imuCnt=3200 imuHead=2508␍␊
[CATCHUP] exhausted: kalTs=0:31921143 targetTs=0:31921858 imuRdIdx=3200 imuCnt=3200 imuHead=2733␍␊
[CATCHUP] exhausted: kalTs=0:31956425 targetTs=0:31957138 imuRdIdx=3200 imuCnt=3200 imuHead=2957␍␊
[KAL] FSM=BURN   Rail(p=  -1.7 r=  +0.1)  ESKF(p=  -1.5 r=  +0.3 y=  -0.1)  alt=-12.9m vD=+2.3␍␊
[KAL] hlth=0x17  loop=21us(max 2437)  mainLoop=94us(max 2630)  NIS=110.4  hiNIS=10  yields=180␍␊
[KAL] IMU=188683  baro=1781  gps=0  imuDrop=17514  baroDrop=116  evtDrop=0  imuBuf=3200  baroBuf=50  evtBuf=1  rwd=1  drained=0␍␊
[KAL] ring_hwm=[128,0,0]  gate=OPEN  grnd=OK  hdg=NO␍␊
[KAL] raw: ax=  -0.27 ay=  -0.13 az=  -9.59  gx=-0.001 gy=-0.005 gz=-0.003  |a|=9.60  P=86849Pa T=28.9C␍␊
[KAL] gyroBias: -0.00000 +0.00000 +0.00000 (rad/s)␍␊
[KAL] fifoHdr: 0x78=188867  0xF0=0  other=9  imuFlags=0x14  imuDrvDrop=17514␍␊
[KAL] catchUp: budget=2000us  last=0us  events=0  dtClamp=0␍␊
[KAL] timing: drain=1us  imuProc=0us  aiding=11us  tick=9us  output=1us␍␊
[KAL] imuBreak: vimu=19688us  post=4111us  n=908  vimu/s=21us  post/s=4us␍␊
[KAL] Pcov: <0xcf><0x83>p=5.90,5.90,1.02  <0xcf><0x83>v=1.64,1.64,0.23  <0xcf><0x83><0xce><0xb8>=0.031  <0xcf><0x83>ba=0.0000  <0xcf><0x83>bg=0.001000  <0xcf><0x83>bb=0.10␍␊
[KAL] eskf: pN=-0.50 pE=+0.53 pD=+12.88  vN=-0.16 vE=+0.16 vD=+2.29  bBaro=+1312.35  aeroBlind=0  inn=0.00  NIS=110.38␍␊
---␍␊
[CATCHUP] exhausted: kalTs=0:31999135 targetTs=0:32000242 imuRdIdx=3200 imuCnt=3200 imuHead=30␍␊
[CATCHUP] exhausted: kalTs=0:32034698 targetTs=0:32035753 imuRdIdx=3200 imuCnt=3200 imuHead=256␍␊
[CATCHUP] exhausted: kalTs=0:32070327 targetTs=0:32071241 imuRdIdx=3200 imuCnt=3200 imuHead=481␍␊
[CATCHUP] exhausted: kalTs=0:32105615 targetTs=0:32106530 imuRdIdx=3200 imuCnt=3200 imuHead=705␍␊
[KAL] FSM=BURN   Rail(p=  -1.7 r=  +0.1)  ESKF(p=  -1.5 r=  +0.3 y=  -0.1)  alt=-12.9m vD=+2.3␍␊
[KAL] hlth=0x17  loop=22us(max 2437)  mainLoop=94us(max 2630)  NIS=110.4  hiNIS=10  yields=180␍␊
[KAL] IMU=189591  baro=1790  gps=0  imuDrop=17514  baroDrop=119  evtDrop=0  imuBuf=3200  baroBuf=50  evtBuf=1  rwd=1  drained=0␍␊
[KAL] ring_hwm=[128,0,0]  gate=OPEN  grnd=OK  hdg=NO␍␊
[KAL] raw: ax=  -0.28 ay=  +0.01 az=  -9.54  gx=-0.006 gy=+0.001 gz=-0.003  |a|=9.54  P=86849Pa T=28.9C␍␊
[KAL] gyroBias: -0.00000 +0.00000 +0.00000 (rad/s)␍␊
[KAL] fifoHdr: 0x78=189775  0xF0=0  other=9  imuFlags=0x14  imuDrvDrop=17514␍␊
[KAL] catchUp: budget=2000us  last=1us  events=0  dtClamp=0␍␊
[KAL] timing: drain=1us  imuProc=1us  aiding=11us  tick=8us  output=1us␍␊
[KAL] imuBreak: vimu=19680us  post=4133us  n=908  vimu/s=21us  post/s=4us␍␊
[KAL] Pcov: <0xcf><0x83>p=5.90,5.90,1.02  <0xcf><0x83>v=1.64,1.64,0.23  <0xcf><0x83><0xce><0xb8>=0.031  <0xcf><0x83>ba=0.0000  <0xcf><0x83>bg=0.001000  <0xcf><0x83>bb=0.10␍␊
[KAL] eskf: pN=-0.50 pE=+0.53 pD=+12.88  vN=-0.16 vE=+0.16 vD=+2.29  bBaro=+1312.35  aeroBlind=0  inn=0.00  NIS=110.38␍␊
---␍␊
[CATCHUP] future: earliest=0:32124435 target=0:32123189 kalTs=0:32122999 imuRdIdx=3180 imuCnt=3200␍␊
[CATCHUP] exhausted: kalTs=0:32149371 targetTs=0:32150332 imuRdIdx=3200 imuCnt=3200 imuHead=983␍␊
[CATCHUP] exhausted: kalTs=0:32185291 targetTs=0:32185859 imuRdIdx=3200 imuCnt=3200 imuHead=1209␍␊
[CATCHUP] exhausted: kalTs=0:32220585 targetTs=0:32221299 imuRdIdx=3200 imuCnt=3200 imuHead=1434␍␊
[CATCHUP] exhausted: kalTs=0:32255860 targetTs=0:32256574 imuRdIdx=3200 imuCnt=3200 imuHead=1658␍␊
[KAL] FSM=BURN   Rail(p=  -1.7 r=  +0.1)  ESKF(p=  -1.5 r=  +0.3 y=  -0.1)  alt=-12.9m vD=+2.3␍␊
[KAL] hlth=0x17  loop=21us(max 2437)  mainLoop=95us(max 2630)  NIS=110.4  hiNIS=10  yields=180␍␊
[KAL] IMU=190498  baro=1796  gps=0  imuDrop=17514  baroDrop=121  evtDrop=0  imuBuf=3200  baroBuf=50  evtBuf=1  rwd=1  drained=0␍␊
[KAL] ring_hwm=[128,0,0]  gate=OPEN  grnd=OK  hdg=NO␍␊
[KAL] raw: ax=  -0.29 ay=  -0.04 az=  -9.60  gx=+0.006 gy=+0.003 gz=+0.006  |a|=9.60  P=86849Pa T=28.9C␍␊
[KAL] gyroBias: -0.00000 +0.00000 +0.00000 (rad/s)␍␊
[KAL] fifoHdr: 0x78=190682  0xF0=0  other=9  imuFlags=0x14  imuDrvDrop=17514␍␊
[KAL] catchUp: budget=2000us  last=0us  events=0  dtClamp=0␍␊
[KAL] timing: drain=1us  imuProc=0us  aiding=11us  tick=9us  output=1us␍␊
[KAL] imuBreak: vimu=19676us  post=4098us  n=907  vimu/s=21us  post/s=4us␍␊
[KAL] Pcov: <0xcf><0x83>p=5.90,5.90,1.02  <0xcf><0x83>v=1.64,1.64,0.23  <0xcf><0x83><0xce><0xb8>=0.031  <0xcf><0x83>ba=0.0000  <0xcf><0x83>bg=0.001000  <0xcf><0x83>bb=0.10␍␊
[KAL] eskf: pN=-0.50 pE=+0.53 pD=+12.88  vN=-0.16 vE=+0.16 vD=+2.29  bBaro=+1312.35  aeroBlind=0  inn=0.00  NIS=110.38␍␊
---␍␊
[CATCHUP] exhausted: kalTs=0:32299313 targetTs=0:32300172 imuRdIdx=3200 imuCnt=3200 imuHead=1935␍␊
[CATCHUP] exhausted: kalTs=0:32335237 targetTs=0:32335756 imuRdIdx=3200 imuCnt=3200 imuHead=2161␍␊
[CATCHUP] exhausted: kalTs=0:32370530 targetTs=0:32371253 imuRdIdx=3200 imuCnt=3200 imuHead=2386␍␊
[KAL] FSM=BURN   Rail(p=  -1.7 r=  +0.1)  ESKF(p=  -1.5 r=  +0.3 y=  -0.1)  alt=-12.9m vD=+2.3␍␊
[KAL] hlth=0x17  loop=57us(max 2437)  mainLoop=49us(max 2630)  NIS=110.4  hiNIS=10  yields=180␍␊
[KAL] IMU=191406  baro=1805  gps=0  imuDrop=17514  baroDrop=124  evtDrop=0  imuBuf=3200  baroBuf=50  evtBuf=1  rwd=1  drained=1␍␊
[KAL] ring_hwm=[128,0,0]  gate=OPEN  grnd=OK  hdg=NO␍␊
[KAL] raw: ax=  -0.27 ay=  -0.05 az=  -9.61  gx=+0.011 gy=-0.000 gz=+0.002  |a|=9.61  P=86849Pa T=28.9C␍␊
[KAL] gyroBias: -0.00000 +0.00000 +0.00000 (rad/s)␍␊
[KAL] fifoHdr: 0x78=191590  0xF0=0  other=9  imuFlags=0x14  imuDrvDrop=17514␍␊
[KAL] catchUp: budget=2000us  last=3us  events=1  dtClamp=0␍␊
[KAL] timing: drain=1us  imuProc=33us  aiding=11us  tick=12us  output=1us␍␊
[KAL] imuBreak: vimu=19692us  post=4120us  n=908  vimu/s=21us  post/s=4us␍␊
[KAL] Pcov: <0xcf><0x83>p=5.90,5.90,1.02  <0xcf><0x83>v=1.64,1.64,0.23  <0xcf><0x83><0xce><0xb8>=0.031  <0xcf><0x83>ba=0.0000  <0xcf><0x83>bg=0.001000  <0xcf><0x83>bb=0.10␍␊
[KAL] eskf: pN=-0.50 pE=+0.53 pD=+12.88  vN=-0.16 vE=+0.16 vD=+2.29  bBaro=+1312.35  aeroBlind=0  inn=0.00  NIS=110.38␍␊
---␍␊
[CATCHUP] exhausted: kalTs=0:32414589 targetTs=0:32415641 imuRdIdx=3200 imuCnt=3200 imuHead=2668␍␊
[CATCHUP] exhausted: kalTs=0:32450853 targetTs=0:32451373 imuRdIdx=3200 imuCnt=3200 imuHead=2895␍␊
[CATCHUP] exhausted: kalTs=0:32486124 targetTs=0:32486747 imuRdIdx=3200 imuCnt=3200 imuHead=3119␍␊
[CATCHUP] exhausted: kalTs=0:32521402 targetTs=0:32522264 imuRdIdx=3200 imuCnt=3200 imuHead=145␍␊
[KAL] FSM=BURN   Rail(p=  -1.7 r=  +0.1)  ESKF(p=  -1.5 r=  +0.3 y=  -0.1)  alt=-12.9m vD=+2.3␍␊
[KAL] hlth=0x17  loop=21us(max 2437)  mainLoop=95us(max 2630)  NIS=110.4  hiNIS=10  yields=180␍␊
[KAL] IMU=192315  baro=1814  gps=0  imuDrop=17514  baroDrop=127  evtDrop=0  imuBuf=3200  baroBuf=50  evtBuf=1  rwd=1  drained=0␍␊
[KAL] ring_hwm=[128,0,0]  gate=OPEN  grnd=OK  hdg=NO␍␊
[KAL] raw: ax=  -0.30 ay=  -0.12 az=  -9.63  gx=+0.003 gy=-0.000 gz=+0.009  |a|=9.63  P=86849Pa T=28.9C␍␊
[KAL] gyroBias: -0.00000 +0.00000 +0.00000 (rad/s)␍␊
[KAL] fifoHdr: 0x78=192499  0xF0=0  other=9  imuFlags=0x14  imuDrvDrop=17514␍␊
[KAL] catchUp: budget=2000us  last=1us  events=0  dtClamp=0␍␊
[KAL] timing: drain=1us  imuProc=1us  aiding=10us  tick=9us  output=1us␍␊
[KAL] imuBreak: vimu=19716us  post=4105us  n=909  vimu/s=21us  post/s=4us␍␊
[KAL] Pcov: <0xcf><0x83>p=5.90,5.90,1.02  <0xcf><0x83>v=1.64,1.64,0.23  <0xcf><0x83><0xce><0xb8>=0.031  <0xcf><0x83>ba=0.0000  <0xcf><0x83>bg=0.001000  <0xcf><0x83>bb=0.10␍␊
[KAL] eskf: pN=-0.50 pE=+0.53 pD=+12.88  vN=-0.16 vE=+0.16 vD=+2.29  bBaro=+1312.35  aeroBlind=0  inn=0.00  NIS=110.38␍␊
---␍␊
[CATCHUP] exhausted: kalTs=0:32564086 targetTs=0:32564658 imuRdIdx=3200 imuCnt=3200 imuHead=414␍␊
[CATCHUP] exhausted: kalTs=0:32599361 targetTs=0:32600129 imuRdIdx=3200 imuCnt=3200 imuHead=639␍␊
[CATCHUP] exhausted: kalTs=0:32634969 targetTs=0:32635682 imuRdIdx=3200 imuCnt=3200 imuHead=865␍␊
[CATCHUP] exhausted: kalTs=0:32670064 targetTs=0:32671171 imuRdIdx=3200 imuCnt=3200 imuHead=1090␍␊
[KAL] FSM=BURN   Rail(p=  -1.7 r=  +0.1)  ESKF(p=  -1.5 r=  +0.3 y=  -0.1)  alt=-12.9m vD=+2.3␍␊
[KAL] hlth=0x17  loop=21us(max 2437)  mainLoop=95us(max 2630)  NIS=110.4  hiNIS=10  yields=180␍␊
[KAL] IMU=193223  baro=1823  gps=0  imuDrop=17514  baroDrop=130  evtDrop=0  imuBuf=3200  baroBuf=50  evtBuf=1  rwd=1  drained=0␍␊
[KAL] ring_hwm=[128,0,0]  gate=OPEN  grnd=OK  hdg=NO␍␊
[KAL] raw: ax=  -0.32 ay=  -0.02 az=  -9.65  gx=+0.001 gy=-0.002 gz=+0.009  |a|=9.66  P=86849Pa T=28.9C␍␊
[KAL] gyroBias: -0.00000 +0.00000 +0.00000 (rad/s)␍␊
[KAL] fifoHdr: 0x78=193407  0xF0=0  other=9  imuFlags=0x14  imuDrvDrop=17514␍␊
[KAL] catchUp: budget=2000us  last=1us  events=0  dtClamp=0␍␊
[KAL] timing: drain=1us  imuProc=1us  aiding=10us  tick=9us  output=1us␍␊
[KAL] imuBreak: vimu=19678us  post=4117us  n=908  vimu/s=21us  post/s=4us␍␊
[KAL] Pcov: <0xcf><0x83>p=5.90,5.90,1.02  <0xcf><0x83>v=1.64,1.64,0.23  <0xcf><0x83><0xce><0xb8>=0.031  <0xcf><0x83>ba=0.0000  <0xcf><0x83>bg=0.001000  <0xcf><0x83>bb=0.10␍␊
[KAL] eskf: pN=-0.50 pE=+0.53 pD=+12.88  vN=-0.16 vE=+0.16 vD=+2.29  bBaro=+1312.35  aeroBlind=0  inn=0.00  NIS=110.38␍␊
---␍␊
[CATCHUP] exhausted: kalTs=0:32714181 targetTs=0:32714948 imuRdIdx=3200 imuCnt=3200 imuHead=1368␍␊
[CATCHUP] exhausted: kalTs=0:32749480 targetTs=0:32750341 imuRdIdx=3200 imuCnt=3200 imuHead=1593␍␊
[CATCHUP] exhausted: kalTs=0:32785242 targetTs=0:32785863 imuRdIdx=3200 imuCnt=3200 imuHead=1818␍␊
[CATCHUP] exhausted: kalTs=0:32820360 targetTs=0:32821414 imuRdIdx=3200 imuCnt=3200 imuHead=2044␍␊
[KAL] FSM=BURN   Rail(p=  -1.7 r=  +0.1)  ESKF(p=  -1.5 r=  +0.3 y=  -0.1)  alt=-12.9m vD=+2.3␍␊
[KAL] hlth=0x17  loop=56us(max 2437)  mainLoop=51us(max 2630)  NIS=110.4  hiNIS=10  yields=180␍␊
[KAL] IMU=194131  baro=1832  gps=0  imuDrop=17514  baroDrop=133  evtDrop=0  imuBuf=3200  baroBuf=50  evtBuf=1  rwd=1  drained=1␍␊
[KAL] ring_hwm=[128,0,0]  gate=OPEN  grnd=OK  hdg=NO␍␊
[KAL] raw: ax=  -0.32 ay=  -0.05 az=  -9.61  gx=+0.000 gy=+0.005 gz=+0.001  |a|=9.61  P=86849Pa T=28.9C␍␊
[KAL] gyroBias: -0.00000 +0.00000 +0.00000 (rad/s)␍␊
[KAL] fifoHdr: 0x78=194315  0xF0=0  other=9  imuFlags=0x14  imuDrvDrop=17514␍␊
[KAL] catchUp: budget=2000us  last=3us  events=1  dtClamp=0␍␊
[KAL] timing: drain=1us  imuProc=33us  aiding=10us  tick=12us  output=1us␍␊
[KAL] imuBreak: vimu=19704us  post=4099us  n=908  vimu/s=21us  post/s=4us␍␊
[KAL] Pcov: <0xcf><0x83>p=5.90,5.90,1.02  <0xcf><0x83>v=1.64,1.64,0.23  <0xcf><0x83><0xce><0xb8>=0.031  <0xcf><0x83>ba=0.0000  <0xcf><0x83>bg=0.001000  <0xcf><0x83>bb=0.10␍␊
[KAL] eskf: pN=-0.50 pE=+0.53 pD=+12.88  vN=-0.16 vE=+0.16 vD=+2.29  bBaro=+1312.35  aeroBlind=0  inn=0.00  NIS=110.38␍␊
---␍␊
[CATCHUP] future: earliest=0:32840027 target=0:32838601 kalTs=0:32838419 imuRdIdx=3178 imuCnt=3200␍␊
[CATCHUP] exhausted: kalTs=0:32865122 targetTs=0:32865841 imuRdIdx=3200 imuCnt=3200 imuHead=2326␍␊
[CATCHUP] exhausted: kalTs=0:32900717 targetTs=0:32901428 imuRdIdx=3200 imuCnt=3200 imuHead=2552␍␊
[CATCHUP] exhausted: kalTs=0:32935810 targetTs=0:32936916 imuRdIdx=3200 imuCnt=3200 imuHead=2777␍␊
[CATCHUP] exhausted: kalTs=0:32971569 targetTs=0:32972284 imuRdIdx=3200 imuCnt=3200 imuHead=3002␍␊
[KAL] FSM=BURN   Rail(p=  -1.7 r=  +0.1)  ESKF(p=  -1.5 r=  +0.3 y=  -0.1)  alt=-12.9m vD=+2.3␍␊
[KAL] hlth=0x17  loop=21us(max 2437)  mainLoop=95us(max 2630)  NIS=110.4  hiNIS=10  yields=180␍␊
[KAL] IMU=195039  baro=1841  gps=0  imuDrop=17514  baroDrop=136  evtDrop=0  imuBuf=3200  baroBuf=50  evtBuf=1  rwd=1  drained=0␍␊
[KAL] ring_hwm=[128,0,0]  gate=OPEN  grnd=OK  hdg=NO␍␊
[KAL] raw: ax=  -0.26 ay=  -0.02 az=  -9.60  gx=+0.003 gy=-0.000 gz=+0.004  |a|=9.61  P=95894Pa T=30.3C␍␊
[KAL] gyroBias: -0.00000 +0.00000 +0.00000 (rad/s)␍␊
[KAL] fifoHdr: 0x78=195223  0xF0=0  other=10  imuFlags=0x14  imuDrvDrop=17514␍␊
[KAL] catchUp: budget=2000us  last=1us  events=0  dtClamp=0␍␊
[KAL] timing: drain=1us  imuProc=0us  aiding=11us  tick=8us  output=1us␍␊
[KAL] imuBreak: vimu=19689us  post=4122us  n=908  vimu/s=21us  post/s=4us␍␊
[KAL] Pcov: <0xcf><0x83>p=5.90,5.90,1.02  <0xcf><0x83>v=1.64,1.64,0.23  <0xcf><0x83><0xce><0xb8>=0.031  <0xcf><0x83>ba=0.0000  <0xcf><0x83>bg=0.001000  <0xcf><0x83>bb=0.10␍␊
[KAL] eskf: pN=-0.50 pE=+0.53 pD=+12.88  vN=-0.16 vE=+0.16 vD=+2.29  bBaro=+1312.35  aeroBlind=0  inn=0.00  NIS=110.38␍␊
---␍␊
[CATCHUP] exhausted: kalTs=0:33015849 targetTs=0:33016913 imuRdIdx=3200 imuCnt=3200 imuHead=85␍␊
[CATCHUP] exhausted: kalTs=0:33051608 targetTs=0:33052320 imuRdIdx=3200 imuCnt=3200 imuHead=310␍␊
[CATCHUP] exhausted: kalTs=0:33086748 targetTs=0:33087754 imuRdIdx=3200 imuCnt=3200 imuHead=535␍␊
[KAL] FSM=BURN   Rail(p=  -1.7 r=  +0.1)  ESKF(p=  -1.5 r=  +0.3 y=  -0.1)  alt=-12.9m vD=+2.3␍␊
[KAL] hlth=0x17  loop=57us(max 2437)  mainLoop=100us(max 2630)  NIS=110.4  hiNIS=10  yields=180␍␊
[KAL] IMU=195945  baro=1849  gps=0  imuDrop=17514  baroDrop=138  evtDrop=0  imuBuf=3200  baroBuf=50  evtBuf=1  rwd=1  drained=1␍␊
[KAL] ring_hwm=[128,0,0]  gate=OPEN  grnd=OK  hdg=NO␍␊
[KAL] raw: ax=  -0.29 ay=  -0.06 az=  -9.65  gx=+0.003 gy=+0.001 gz=+0.002  |a|=9.66  P=95901Pa T=30.3C␍␊
[KAL] gyroBias: -0.00000 +0.00000 +0.00000 (rad/s)␍␊
[KAL] fifoHdr: 0x78=196129  0xF0=0  other=10  imuFlags=0x14  imuDrvDrop=17514␍␊
[KAL] catchUp: budget=2000us  last=3us  events=1  dtClamp=0␍␊
[KAL] timing: drain=1us  imuProc=34us  aiding=11us  tick=11us  output=1us␍␊
[KAL] imuBreak: vimu=19644us  post=4098us  n=906  vimu/s=21us  post/s=4us␍␊
[KAL] Pcov: <0xcf><0x83>p=5.90,5.90,1.02  <0xcf><0x83>v=1.64,1.64,0.23  <0xcf><0x83><0xce><0xb8>=0.031  <0xcf><0x83>ba=0.0000  <0xcf><0x83>bg=0.001000  <0xcf><0x83>bb=0.10␍␊
[KAL] eskf: pN=-0.50 pE=+0.53 pD=+12.88  vN=-0.16 vE=+0.16 vD=+2.29  bBaro=+1312.35  aeroBlind=0  inn=0.00  NIS=110.38␍␊
---␍␊
[CATCHUP] exhausted: kalTs=0:33130856 targetTs=0:33131568 imuRdIdx=3200 imuCnt=3200 imuHead=813␍␊
[CATCHUP] exhausted: kalTs=0:33166155 targetTs=0:33166868 imuRdIdx=3200 imuCnt=3200 imuHead=1037␍␊
[CATCHUP] exhausted: kalTs=0:33201263 targetTs=0:33202371 imuRdIdx=3200 imuCnt=3200 imuHead=1262␍␊
[CATCHUP] exhausted: kalTs=0:33237014 targetTs=0:33238071 imuRdIdx=3200 imuCnt=3200 imuHead=1489␍␊
[KAL] FSM=BURN   Rail(p=  -1.7 r=  +0.1)  ESKF(p=  -1.5 r=  +0.3 y=  -0.1)  alt=-12.9m vD=+2.3␍␊
[KAL] hlth=0x17  loop=21us(max 2437)  mainLoop=51us(max 2630)  NIS=110.4  hiNIS=10  yields=180␍␊
[KAL] IMU=196853  baro=1856  gps=0  imuDrop=17514  baroDrop=141  evtDrop=0  imuBuf=3200  baroBuf=50  evtBuf=1  rwd=1  drained=0␍␊
[KAL] ring_hwm=[128,0,0]  gate=OPEN  grnd=OK  hdg=NO␍␊
[KAL] raw: ax=  -0.25 ay=  -0.09 az=  -9.62  gx=-0.001 gy=-0.003 gz=-0.000  |a|=9.62  P=86849Pa T=28.9C␍␊
[KAL] gyroBias: -0.00000 +0.00000 +0.00000 (rad/s)␍␊
[KAL] fifoHdr: 0x78=197037  0xF0=0  other=10  imuFlags=0x14  imuDrvDrop=17514␍␊
[KAL] catchUp: budget=2000us  last=1us  events=0  dtClamp=0␍␊
[KAL] timing: drain=1us  imuProc=1us  aiding=10us  tick=8us  output=1us␍␊
[KAL] imuBreak: vimu=19689us  post=4086us  n=908  vimu/s=21us  post/s=4us␍␊
[KAL] Pcov: <0xcf><0x83>p=5.90,5.90,1.02  <0xcf><0x83>v=1.64,1.64,0.23  <0xcf><0x83><0xce><0xb8>=0.031  <0xcf><0x83>ba=0.0000  <0xcf><0x83>bg=0.001000  <0xcf><0x83>bb=0.10␍␊
[KAL] eskf: pN=-0.50 pE=+0.53 pD=+12.88  vN=-0.16 vE=+0.16 vD=+2.29  bBaro=+1312.35  aeroBlind=0  inn=0.00  NIS=110.38␍␊
---␍␊
[CATCHUP] exhausted: kalTs=0:33280205 targetTs=0:33281064 imuRdIdx=3200 imuCnt=3200 imuHead=1762␍␊
[CATCHUP] exhausted: kalTs=0:33315492 targetTs=0:33316351 imuRdIdx=3200 imuCnt=3200 imuHead=1986␍␊
[CATCHUP] exhausted: kalTs=0:33351227 targetTs=0:33352086 imuRdIdx=3200 imuCnt=3200 imuHead=2213␍␊
[CATCHUP] exhausted: kalTs=0:33386539 targetTs=0:33387599 imuRdIdx=3200 imuCnt=3200 imuHead=2438␍␊
[KAL] FSM=BURN   Rail(p=  -1.7 r=  +0.1)  ESKF(p=  -1.5 r=  +0.3 y=  -0.1)  alt=-12.9m vD=+2.3␍␊
[KAL] hlth=0x17  loop=57us(max 2437)  mainLoop=50us(max 2630)  NIS=110.4  hiNIS=10  yields=180␍␊
[KAL] IMU=197763  baro=1865  gps=0  imuDrop=17514  baroDrop=144  evtDrop=0  imuBuf=3200  baroBuf=50  evtBuf=1  rwd=1  drained=1␍␊
[KAL] ring_hwm=[128,0,0]  gate=OPEN  grnd=OK  hdg=NO␍␊
[KAL] raw: ax=  -0.27 ay=  -0.02 az=  -9.63  gx=-0.003 gy=-0.009 gz=+0.006  |a|=9.63  P=86849Pa T=28.9C␍␊
[KAL] gyroBias: -0.00000 +0.00000 +0.00000 (rad/s)␍␊
[KAL] fifoHdr: 0x78=197947  0xF0=0  other=10  imuFlags=0x14  imuDrvDrop=17514␍␊
[KAL] catchUp: budget=2000us  last=3us  events=1  dtClamp=0␍␊
[KAL] timing: drain=1us  imuProc=33us  aiding=11us  tick=11us  output=1us␍␊
[KAL] imuBreak: vimu=19739us  post=4106us  n=910  vimu/s=21us  post/s=4us␍␊
[KAL] Pcov: <0xcf><0x83>p=5.90,5.90,1.02  <0xcf><0x83>v=1.64,1.64,0.23  <0xcf><0x83><0xce><0xb8>=0.031  <0xcf><0x83>ba=0.0000  <0xcf><0x83>bg=0.001000  <0xcf><0x83>bb=0.10␍␊
[KAL] eskf: pN=-0.50 pE=+0.53 pD=+12.88  vN=-0.16 vE=+0.16 vD=+2.29  bBaro=+1312.35  aeroBlind=0  inn=0.00  NIS=110.38␍␊
---␍␊
[CATCHUP] exhausted: kalTs=0:33429686 targetTs=0:33430546 imuRdIdx=3200 imuCnt=3200 imuHead=2711␍␊
[CATCHUP] exhausted: kalTs=0:33464981 targetTs=0:33465839 imuRdIdx=3200 imuCnt=3200 imuHead=2935␍␊
[CATCHUP] exhausted: kalTs=0:33500752 targetTs=0:33501464 imuRdIdx=3200 imuCnt=3200 imuHead=3161␍␊
[CATCHUP] exhausted: kalTs=0:33537145 targetTs=0:33538004 imuRdIdx=3200 imuCnt=3200 imuHead=193␍␊
[KAL] FSM=BURN   Rail(p=  -1.7 r=  +0.1)  ESKF(p=  -1.5 r=  +0.3 y=  -0.1)  alt=-12.9m vD=+2.3␍␊
[KAL] hlth=0x17  loop=21us(max 2437)  mainLoop=99us(max 2630)  NIS=110.4  hiNIS=10  yields=180␍␊
[KAL] IMU=198678  baro=1874  gps=0  imuDrop=17514  baroDrop=147  evtDrop=0  imuBuf=3200  baroBuf=50  evtBuf=1  rwd=1  drained=0␍␊
[KAL] ring_hwm=[128,0,0]  gate=OPEN  grnd=OK  hdg=NO␍␊
[KAL] raw: ax=  -0.31 ay=  +0.01 az=  -9.62  gx=+0.001 gy=+0.002 gz=-0.011  |a|=9.62  P=95887Pa T=29.7C␍␊
[KAL] gyroBias: -0.00000 +0.00000 +0.00000 (rad/s)␍␊
[KAL] fifoHdr: 0x78=198862  0xF0=0  other=10  imuFlags=0x14  imuDrvDrop=17514␍␊
[KAL] catchUp: budget=2000us  last=1us  events=0  dtClamp=0␍␊
[KAL] timing: drain=1us  imuProc=0us  aiding=11us  tick=8us  output=1us␍␊
[KAL] imuBreak: vimu=19851us  post=4138us  n=915  vimu/s=21us  post/s=4us␍␊
[KAL] Pcov: <0xcf><0x83>p=5.90,5.90,1.02  <0xcf><0x83>v=1.64,1.64,0.23  <0xcf><0x83><0xce><0xb8>=0.031  <0xcf><0x83>ba=0.0000  <0xcf><0x83>bg=0.001000  <0xcf><0x83>bb=0.10␍␊
[KAL] eskf: pN=-0.50 pE=+0.53 pD=+12.88  vN=-0.16 vE=+0.16 vD=+2.29  bBaro=+1312.35  aeroBlind=0  inn=0.00  NIS=110.38␍␊
---␍␊
[CATCHUP] future: earliest=0:33555009 target=0:33554708 kalTs=0:33553842 imuRdIdx=3179 imuCnt=3200␍␊
[CATCHUP] exhausted: kalTs=0:33579843 targetTs=0:33580463 imuRdIdx=3200 imuCnt=3200 imuHead=462␍␊
[CATCHUP] exhausted: kalTs=0:33615100 targetTs=0:33615720 imuRdIdx=3200 imuCnt=3200 imuHead=686␍␊
[CATCHUP] exhausted: kalTs=0:33650236 targetTs=0:33651295 imuRdIdx=3200 imuCnt=3200 imuHead=912␍␊
[CATCHUP] exhausted: kalTs=0:33686002 targetTs=0:33686769 imuRdIdx=3200 imuCnt=3200 imuHead=1137␍␊
[KAL] FSM=BURN   Rail(p=  -1.7 r=  +0.1)  ESKF(p=  -1.5 r=  +0.3 y=  -0.1)  alt=-12.9m vD=+2.3␍␊
[KAL] hlth=0x17  loop=21us(max 2437)  mainLoop=94us(max 2630)  NIS=110.4  hiNIS=10  yields=180␍␊
[KAL] IMU=199587  baro=1883  gps=0  imuDrop=17514  baroDrop=150  evtDrop=0  imuBuf=3200  baroBuf=50  evtBuf=1  rwd=1  drained=0␍␊
[KAL] ring_hwm=[128,0,0]  gate=OPEN  grnd=OK  hdg=NO␍␊
[KAL] raw: ax=  -0.37 ay=  -0.03 az=  -9.48  gx=-0.001 gy=+0.002 gz=+0.003  |a|=9.48  P=86849Pa T=28.9C␍␊
[KAL] gyroBias: -0.00000 +0.00000 +0.00000 (rad/s)␍␊
[KAL] fifoHdr: 0x78=199771  0xF0=0  other=10  imuFlags=0x14  imuDrvDrop=17514␍␊
[KAL] catchUp: budget=2000us  last=1us  events=0  dtClamp=0␍␊
[KAL] timing: drain=1us  imuProc=1us  aiding=10us  tick=9us  output=1us␍␊
[KAL] imuBreak: vimu=19706us  post=4139us  n=909  vimu/s=21us  post/s=4us␍␊
[KAL] Pcov: <0xcf><0x83>p=5.90,5.90,1.02  <0xcf><0x83>v=1.64,1.64,0.23  <0xcf><0x83><0xce><0xb8>=0.031  <0xcf><0x83>ba=0.0000  <0xcf><0x83>bg=0.001000  <0xcf><0x83>bb=0.10␍␊
[KAL] eskf: pN=-0.50 pE=+0.53 pD=+12.88  vN=-0.16 vE=+0.16 vD=+2.29  bBaro=+1312.35  aeroBlind=0  inn=0.00  NIS=110.38␍␊
---␍␊
[CATCHUP] exhausted: kalTs=0:33728537 targetTs=0:33729250 imuRdIdx=3200 imuCnt=3200 imuHead=1407␍␊
[CATCHUP] exhausted: kalTs=0:33763843 targetTs=0:33764555 imuRdIdx=3200 imuCnt=3200 imuHead=1631␍␊
[CATCHUP] exhausted: kalTs=0:33799128 targetTs=0:33800133 imuRdIdx=3200 imuCnt=3200 imuHead=1857␍␊
[CATCHUP] exhausted: kalTs=0:33834385 targetTs=0:33835492 imuRdIdx=3200 imuCnt=3200 imuHead=2081␍␊
[KAL] FSM=BURN   Rail(p=  -1.7 r=  +0.1)  ESKF(p=  -1.5 r=  +0.3 y=  -0.1)  alt=-12.9m vD=+2.3␍␊
[KAL] hlth=0x17  loop=57us(max 2437)  mainLoop=50us(max 2630)  NIS=110.4  hiNIS=10  yields=180␍␊
[KAL] IMU=200496  baro=1892  gps=0  imuDrop=17514  baroDrop=153  evtDrop=0  imuBuf=3200  baroBuf=50  evtBuf=1  rwd=1  drained=1␍␊
[KAL] ring_hwm=[128,0,0]  gate=OPEN  grnd=OK  hdg=NO␍␊
[KAL] raw: ax=  -0.32 ay=  +0.03 az=  -9.56  gx=-0.004 gy=+0.006 gz=-0.010  |a|=9.56  P=86849Pa T=28.9C␍␊
[KAL] gyroBias: -0.00000 +0.00000 +0.00000 (rad/s)␍␊
[KAL] fifoHdr: 0x78=200680  0xF0=0  other=10  imuFlags=0x34  imuDrvDrop=17514␍␊
[KAL] catchUp: budget=2000us  last=3us  events=1  dtClamp=0␍␊
[KAL] timing: drain=1us  imuProc=34us  aiding=11us  tick=11us  output=1us␍␊
[KAL] imuBreak: vimu=19700us  post=4116us  n=909  vimu/s=21us  post/s=4us␍␊
[KAL] Pcov: <0xcf><0x83>p=5.90,5.90,1.02  <0xcf><0x83>v=1.64,1.64,0.23  <0xcf><0x83><0xce><0xb8>=0.031  <0xcf><0x83>ba=0.0000  <0xcf><0x83>bg=0.001000  <0xcf><0x83>bb=0.10␍␊
[KAL] eskf: pN=-0.50 pE=+0.53 pD=+12.88  vN=-0.16 vE=+0.16 vD=+2.29  bBaro=+1312.35  aeroBlind=0  inn=0.00  NIS=110.38␍␊
---␍␊
[CATCHUP] exhausted: kalTs=0:33875830 targetTs=0:33876451 imuRdIdx=3200 imuCnt=3200 imuHead=2341␍␊
[CATCHUP] exhausted: kalTs=0:33911128 targetTs=0:33911748 imuRdIdx=3200 imuCnt=3200 imuHead=2565␍␊
[KAL] baroFuse: meas=+1281.40m  eskfAlt=+1299.47m  inn=-18.08m  pD=+12.88  bBaro=+1312.35␍␊
[CATCHUP] exhausted: kalTs=0:33946426 targetTs=0:33947136 imuRdIdx=3200 imuCnt=3200 imuHead=2790␍␊
[KAL] baroFuse: meas=+1281.40m  eskfAlt=+1299.47m  inn=-18.08m  pD=+12.88  bBaro=+1312.35␍␊
[KAL] FSM=BURN   Rail(p=  -1.7 r=  +0.1)  ESKF(p=  -1.5 r=  +0.3 y=  -0.1)  alt=-12.9m vD=+2.3␍␊
[KAL] hlth=0x17  loop=20us(max 2437)  mainLoop=94us(max 2630)  NIS=110.4  hiNIS=10  yields=180␍␊
[KAL] IMU=201402  baro=1901  gps=0  imuDrop=17514  baroDrop=155  evtDrop=0  imuBuf=3200  baroBuf=50  evtBuf=1  rwd=1  drained=0␍␊
[KAL] ring_hwm=[128,0,0]  gate=OPEN  grnd=OK  hdg=NO␍␊
[KAL] raw: ax=  -0.31 ay=  -0.05 az=  -9.59  gx=-0.003 gy=+0.002 gz=+0.001  |a|=9.59  P=86849Pa T=28.9C␍␊
[KAL] gyroBias: -0.00000 +0.00000 +0.00000 (rad/s)␍␊
[KAL] fifoHdr: 0x78=201586  0xF0=0  other=10  imuFlags=0x14  imuDrvDrop=17514␍␊
[KAL] catchUp: budget=2000us  last=1us  events=0  dtClamp=0␍␊
[KAL] timing: drain=1us  imuProc=0us  aiding=11us  tick=8us  output=1us␍␊
[KAL] imuBreak: vimu=19626us  post=4133us  n=906  vimu/s=21us  post/s=4us␍␊
[KAL] Pcov: <0xcf><0x83>p=5.90,5.90,1.02  <0xcf><0x83>v=1.64,1.64,0.23  <0xcf><0x83><0xce><0xb8>=0.031  <0xcf><0x83>ba=0.0000  <0xcf><0x83>bg=0.001000  <0xcf><0x83>bb=0.10␍␊
[KAL] eskf: pN=-0.50 pE=+0.53 pD=+12.88  vN=-0.16 vE=+0.16 vD=+2.29  bBaro=+1312.35  aeroBlind=0  inn=0.00  NIS=110.38␍␊
---␍␊
[CATCHUP] exhausted: kalTs=0:33990520 targetTs=0:33991624 imuRdIdx=3200 imuCnt=3200 imuHead=3072␍␊
[KAL] baroFuse: meas=+1281.40m  eskfAlt=+1299.47m  inn=-18.08m  pD=+12.88  bBaro=+1312.35␍␊
[CATCHUP] exhausted: kalTs=0:34026146 targetTs=0:34027003 imuRdIdx=3200 imuCnt=3200 imuHead=97␍␊
[CATCHUP] exhausted: kalTs=0:34061446 targetTs=0:34062064 imuRdIdx=3200 imuCnt=3200 imuHead=319␍␊
[KAL] baroFuse: meas=+1281.40m  eskfAlt=+1299.47m  inn=-18.08m  pD=+12.88  bBaro=+1312.35␍␊
[CATCHUP] exhausted: kalTs=0:34096592 targetTs=0:34097448 imuRdIdx=3200 imuCnt=3200 imuHead=544␍␊
[KAL] FSM=BURN   Rail(p=  -1.7 r=  +0.1)  ESKF(p=  -1.5 r=  +0.3 y=  -0.1)  alt=-12.9m vD=+2.3␍␊
[KAL] hlth=0x17  loop=58us(max 2437)  mainLoop=101us(max 2630)  NIS=110.4  hiNIS=10  yields=180␍␊
[KAL] IMU=202305  baro=1909  gps=0  imuDrop=17514  baroDrop=155  evtDrop=0  imuBuf=3200  baroBuf=50  evtBuf=1  rwd=1  drained=1␍␊
[KAL] ring_hwm=[128,0,0]  gate=OPEN  grnd=OK  hdg=NO␍␊
[KAL] raw: ax=  -0.25 ay=  -0.07 az=  -9.65  gx=+0.001 gy=-0.000 gz=+0.002  |a|=9.65  P=95887Pa T=30.3C␍␊
[KAL] gyroBias: -0.00000 +0.00000 +0.00000 (rad/s)␍␊
[KAL] fifoHdr: 0x78=202489  0xF0=0  other=10  imuFlags=0x34  imuDrvDrop=17514␍␊
[KAL] catchUp: budget=2000us  last=3us  events=1  dtClamp=0␍␊
[KAL] timing: drain=1us  imuProc=34us  aiding=11us  tick=11us  output=1us␍␊
[KAL] imuBreak: vimu=19580us  post=4085us  n=903  vimu/s=21us  post/s=4us␍␊
[KAL] Pcov: <0xcf><0x83>p=5.90,5.90,1.02  <0xcf><0x83>v=1.64,1.64,0.23  <0xcf><0x83><0xce><0xb8>=0.031  <0xcf><0x83>ba=0.0000  <0xcf><0x83>bg=0.001000  <0xcf><0x83>bb=0.10␍␊
[KAL] eskf: pN=-0.50 pE=+0.53 pD=+12.88  vN=-0.16 vE=+0.16 vD=+2.29  bBaro=+1312.35  aeroBlind=0  inn=0.00  NIS=110.38␍␊
---␍␊
[KAL] baroFuse: meas=+1281.40m  eskfAlt=+1299.47m  inn=-18.08m  pD=+12.88  bBaro=+1312.35␍␊
[CATCHUP] exhausted: kalTs=0:34138626 targetTs=0:34139390 imuRdIdx=3200 imuCnt=3200 imuHead=810␍␊
[KAL] baroFuse: meas=+1281.40m  eskfAlt=+1299.47m  inn=-18.08m  pD=+12.88  bBaro=+1312.35␍␊
[CATCHUP] exhausted: kalTs=0:34173761 targetTs=0:34174865 imuRdIdx=3200 imuCnt=3200 imuHead=1035␍␊
[CATCHUP] exhausted: kalTs=0:34208888 targetTs=0:34209990 imuRdIdx=3200 imuCnt=3200 imuHead=1258␍␊
[KAL] baroFuse: meas=+1281.40m  eskfAlt=+1299.47m  inn=-18.08m  pD=+12.88  bBaro=+1312.35␍␊
[CATCHUP] exhausted: kalTs=0:34244670 targetTs=0:34245290 imuRdIdx=3200 imuCnt=3200 imuHead=1482␍␊
[KAL] FSM=BURN   Rail(p=  -1.7 r=  +0.1)  ESKF(p=  -1.5 r=  +0.3 y=  -0.1)  alt=-12.9m vD=+2.3␍␊
[KAL] hlth=0x17  loop=21us(max 2437)  mainLoop=94us(max 2630)  NIS=110.4  hiNIS=10  yields=180␍␊
[KAL] IMU=203209  baro=1916  gps=0  imuDrop=17514  baroDrop=155  evtDrop=0  imuBuf=3200  baroBuf=50  evtBuf=1  rwd=1  drained=0␍␊
[KAL] ring_hwm=[128,0,0]  gate=OPEN  grnd=OK  hdg=NO␍␊
[KAL] raw: ax=  -0.32 ay=  -0.01 az=  -9.61  gx=+0.016 gy=-0.003 gz=-0.001  |a|=9.62  P=86849Pa T=28.9C␍␊
[KAL] gyroBias: -0.00000 +0.00000 +0.00000 (rad/s)␍␊
[KAL] fifoHdr: 0x78=203393  0xF0=0  other=10  imuFlags=0x14  imuDrvDrop=17514␍␊
[KAL] catchUp: budget=2000us  last=1us  events=0  dtClamp=0␍␊
[KAL] timing: drain=1us  imuProc=1us  aiding=10us  tick=9us  output=1us␍␊
[KAL] imuBreak: vimu=19614us  post=4076us  n=904  vimu/s=21us  post/s=4us␍␊
[KAL] Pcov: <0xcf><0x83>p=5.90,5.90,1.02  <0xcf><0x83>v=1.64,1.64,0.23  <0xcf><0x83><0xce><0xb8>=0.031  <0xcf><0x83>ba=0.0000  <0xcf><0x83>bg=0.001000  <0xcf><0x83>bb=0.10␍␊
[KAL] eskf: pN=-0.50 pE=+0.53 pD=+12.88  vN=-0.16 vE=+0.16 vD=+2.29  bBaro=+1312.35  aeroBlind=0  inn=0.00  NIS=110.38␍␊
---␍␊
[KAL] baroFuse: meas=+1281.40m  eskfAlt=+1299.47m  inn=-18.08m  pD=+12.88  bBaro=+1312.35␍␊
[CATCHUP] exhausted: kalTs=0:34286551 targetTs=0:34287606 imuRdIdx=3200 imuCnt=3200 imuHead=1751␍␊
[KAL] baroFuse: meas=+1375.00m  eskfAlt=+1299.47m  inn=+75.53m  pD=+12.88  bBaro=+1312.35␍␊
[CATCHUP] exhausted: kalTs=0:34321989 targetTs=0:34322904 imuRdIdx=3200 imuCnt=3200 imuHead=1975␍␊
[CATCHUP] exhausted: kalTs=0:34357113 targetTs=0:34358024 imuRdIdx=3200 imuCnt=3200 imuHead=2198␍␊
[KAL] baroFuse: meas=+1281.40m  eskfAlt=+1299.47m  inn=-18.08m  pD=+12.88  bBaro=+1312.35␍␊
[CATCHUP] exhausted: kalTs=0:34392426 targetTs=0:34393426 imuRdIdx=3200 imuCnt=3200 imuHead=2423␍␊
[KAL] FSM=BURN   Rail(p=  -1.7 r=  +0.1)  ESKF(p=  -1.5 r=  +0.3 y=  -0.1)  alt=-12.9m vD=+2.3␍␊
[KAL] hlth=0x17  loop=57us(max 2437)  mainLoop=50us(max 2630)  NIS=110.4  hiNIS=10  yields=180␍␊
[KAL] IMU=204115  baro=1925  gps=0  imuDrop=17514  baroDrop=155  evtDrop=0  imuBuf=3200  baroBuf=50  evtBuf=1  rwd=1  drained=1␍␊
[KAL] ring_hwm=[128,0,0]  gate=OPEN  grnd=OK  hdg=NO␍␊
[KAL] raw: ax=  -0.28 ay=  -0.05 az=  -9.58  gx=-0.006 gy=-0.002 gz=+0.007  |a|=9.58  P=86849Pa T=28.9C␍␊
[KAL] gyroBias: -0.00000 +0.00000 +0.00000 (rad/s)␍␊
[KAL] fifoHdr: 0x78=204299  0xF0=0  other=10  imuFlags=0x34  imuDrvDrop=17514␍␊
[KAL] catchUp: budget=2000us  last=3us  events=1  dtClamp=0␍␊
[KAL] timing: drain=1us  imuProc=33us  aiding=11us  tick=12us  output=1us␍␊
[KAL] imuBreak: vimu=19652us  post=4104us  n=906  vimu/s=21us  post/s=4us␍␊
[KAL] Pcov: <0xcf><0x83>p=5.90,5.90,1.02  <0xcf><0x83>v=1.64,1.64,0.23  <0xcf><0x83><0xce><0xb8>=0.031  <0xcf><0x83>ba=0.0000  <0xcf><0x83>bg=0.001000  <0xcf><0x83>bb=0.10␍␊
[KAL] eskf: pN=-0.50 pE=+0.53 pD=+12.88  vN=-0.16 vE=+0.16 vD=+2.29  bBaro=+1312.35  aeroBlind=0  inn=0.00  NIS=110.38␍␊
---␍␊
[CATCHUP] future: earliest=0:34412498 target=0:34412208 kalTs=0:34411374 imuRdIdx=3174 imuCnt=3200␍␊
[KAL] baroFuse: meas=+1281.40m  eskfAlt=+1299.47m  inn=-18.08m  pD=+12.88  bBaro=+1312.35␍␊
[CATCHUP] exhausted: kalTs=0:34434796 targetTs=0:34435415 imuRdIdx=3200 imuCnt=3200 imuHead=2689␍␊
[CATCHUP] exhausted: kalTs=0:34469430 targetTs=0:34470533 imuRdIdx=3200 imuCnt=3200 imuHead=2912␍␊
[KAL] baroFuse: meas=+1281.40m  eskfAlt=+1299.47m  inn=-18.08m  pD=+12.88  bBaro=+1312.35␍␊
[CATCHUP] exhausted: kalTs=0:34505195 targetTs=0:34506105 imuRdIdx=3200 imuCnt=3200 imuHead=3138␍␊
[KAL] baroFuse: meas=+1281.40m  eskfAlt=+1299.47m  inn=-18.08m  pD=+12.88  bBaro=+1312.35␍␊
[CATCHUP] exhausted: kalTs=0:34540800 targetTs=0:34541419 imuRdIdx=3200 imuCnt=3200 imuHead=162␍␊
[KAL] FSM=BURN   Rail(p=  -1.7 r=  +0.1)  ESKF(p=  -1.5 r=  +0.3 y=  -0.1)  alt=-12.9m vD=+2.3␍␊
[KAL] hlth=0x17  loop=56us(max 2437)  mainLoop=50us(max 2630)  NIS=110.4  hiNIS=10  yields=180␍␊
[KAL] IMU=205020  baro=1934  gps=0  imuDrop=17514  baroDrop=155  evtDrop=0  imuBuf=3200  baroBuf=50  evtBuf=1  rwd=1  drained=1␍␊
[KAL] ring_hwm=[128,0,0]  gate=OPEN  grnd=OK  hdg=NO␍␊
[KAL] raw: ax=  -0.29 ay=  -0.01 az=  -9.58  gx=-0.013 gy=-0.000 gz=+0.005  |a|=9.58  P=86849Pa T=28.9C␍␊
[KAL] gyroBias: -0.00000 +0.00000 +0.00000 (rad/s)␍␊
[KAL] fifoHdr: 0x78=205204  0xF0=0  other=10  imuFlags=0x14  imuDrvDrop=17514␍␊
[KAL] catchUp: budget=2000us  last=3us  events=1  dtClamp=0␍␊
[KAL] timing: drain=1us  imuProc=33us  aiding=11us  tick=11us  output=1us␍␊
[KAL] imuBreak: vimu=19653us  post=4080us  n=905  vimu/s=21us  post/s=4us␍␊
[KAL] Pcov: <0xcf><0x83>p=5.90,5.90,1.02  <0xcf><0x83>v=1.64,1.64,0.23  <0xcf><0x83><0xce><0xb8>=0.031  <0xcf><0x83>ba=0.0000  <0xcf><0x83>bg=0.001000  <0xcf><0x83>bb=0.10␍␊
[KAL] eskf: pN=-0.50 pE=+0.53 pD=+12.88  vN=-0.16 vE=+0.16 vD=+2.29  bBaro=+1312.35  aeroBlind=0  inn=0.00  NIS=110.38␍␊
---␍␊
[KAL] baroFuse: meas=+1281.40m  eskfAlt=+1299.47m  inn=-18.08m  pD=+12.88  bBaro=+1312.35␍␊
[CATCHUP] exhausted: kalTs=0:34585106 targetTs=0:34585806 imuRdIdx=3200 imuCnt=3200 imuHead=444␍␊
[CATCHUP] exhausted: kalTs=0:34620224 targetTs=0:34620842 imuRdIdx=3200 imuCnt=3200 imuHead=666␍␊
[KAL] baroFuse: meas=+1281.40m  eskfAlt=+1299.47m  inn=-18.08m  pD=+12.88  bBaro=+1312.35␍␊
[CATCHUP] exhausted: kalTs=0:34655488 targetTs=0:34656198 imuRdIdx=3200 imuCnt=3200 imuHead=891␍␊
[KAL] baroFuse: meas=+1281.40m  eskfAlt=+1299.47m  inn=-18.08m  pD=+12.88  bBaro=+1312.35␍␊
[CATCHUP] exhausted: kalTs=0:34690481 targetTs=0:34691530 imuRdIdx=3200 imuCnt=3200 imuHead=1115␍␊
[KAL] FSM=BURN   Rail(p=  -1.7 r=  +0.1)  ESKF(p=  -1.5 r=  +0.3 y=  -0.1)  alt=-12.9m vD=+2.3␍␊
[KAL] hlth=0x17  loop=57us(max 2437)  mainLoop=49us(max 2630)  NIS=110.4  hiNIS=10  yields=180␍␊
[KAL] IMU=205923  baro=1943  gps=0  imuDrop=17514  baroDrop=155  evtDrop=0  imuBuf=3200  baroBuf=50  evtBuf=1  rwd=1  drained=1␍␊
[KAL] ring_hwm=[128,0,0]  gate=OPEN  grnd=OK  hdg=NO␍␊
[KAL] raw: ax=  -0.27 ay=  -0.04 az=  -9.62  gx=-0.007 gy=+0.002 gz=-0.004  |a|=9.62  P=86849Pa T=28.9C␍␊
[KAL] gyroBias: -0.00000 +0.00000 +0.00000 (rad/s)␍␊
[KAL] fifoHdr: 0x78=206107  0xF0=0  other=10  imuFlags=0x34  imuDrvDrop=17514␍␊
[KAL] catchUp: budget=2000us  last=2us  events=1  dtClamp=0␍␊
[KAL] timing: drain=1us  imuProc=34us  aiding=11us  tick=11us  output=1us␍␊
[KAL] imuBreak: vimu=19592us  post=4076us  n=903  vimu/s=21us  post/s=4us␍␊
[KAL] Pcov: <0xcf><0x83>p=5.90,5.90,1.02  <0xcf><0x83>v=1.64,1.64,0.23  <0xcf><0x83><0xce><0xb8>=0.031  <0xcf><0x83>ba=0.0000  <0xcf><0x83>bg=0.001000  <0xcf><0x83>bb=0.10␍␊
[KAL] eskf: pN=-0.50 pE=+0.53 pD=+12.88  vN=-0.16 vE=+0.16 vD=+2.29  bBaro=+1312.35  aeroBlind=0  inn=0.00  NIS=110.38␍␊
---␍␊
[KAL] baroFuse: meas=+1281.40m  eskfAlt=+1299.47m  inn=-18.08m  pD=+12.88  bBaro=+1312.35␍␊
[CATCHUP] exhausted: kalTs=0:34732386 targetTs=0:34733388 imuRdIdx=3200 imuCnt=3200 imuHead=1381␍␊
[CATCHUP] exhausted: kalTs=0:34767694 targetTs=0:34768458 imuRdIdx=3200 imuCnt=3200 imuHead=1603␍␊
[KAL] baroFuse: meas=+1281.40m  eskfAlt=+1299.47m  inn=-18.08m  pD=+12.88  bBaro=+1312.35␍␊
[CATCHUP] exhausted: kalTs=0:34802798 targetTs=0:34803903 imuRdIdx=3200 imuCnt=3200 imuHead=1828␍␊
[KAL] baroFuse: meas=+1281.40m  eskfAlt=+1299.47m  inn=-18.08m  pD=+12.88  bBaro=+1312.35␍␊
[KAL] FSM=BURN   Rail(p=  -1.7 r=  +0.1)  ESKF(p=  -1.5 r=  +0.3 y=  -0.1)  alt=-12.9m vD=+2.3␍␊
[KAL] hlth=0x17  loop=21us(max 2437)  mainLoop=95us(max 2630)  NIS=110.4  hiNIS=10  yields=180␍␊
[KAL] IMU=206827  baro=1952  gps=0  imuDrop=17514  baroDrop=155  evtDrop=0  imuBuf=3200  baroBuf=50  evtBuf=1  rwd=1  drained=0␍␊
[KAL] ring_hwm=[128,0,0]  gate=OPEN  grnd=OK  hdg=NO␍␊
[KAL] raw: ax=  -0.31 ay=  -0.01 az=  -9.53  gx=+0.005 gy=-0.000 gz=-0.002  |a|=9.54  P=95896Pa T=30.4C␍␊
[KAL] gyroBias: -0.00000 +0.00000 +0.00000 (rad/s)␍␊
[KAL] fifoHdr: 0x78=207011  0xF0=0  other=10  imuFlags=0x14  imuDrvDrop=17514␍␊
[KAL] catchUp: budget=2000us  last=0us  events=0  dtClamp=0␍␊
[KAL] timing: drain=1us  imuProc=0us  aiding=11us  tick=8us  output=1us␍␊
[KAL] imuBreak: vimu=19622us  post=4102us  n=904  vimu/s=21us  post/s=4us␍␊
[KAL] Pcov: <0xcf><0x83>p=5.90,5.90,1.02  <0xcf><0x83>v=1.64,1.64,0.23  <0xcf><0x83><0xce><0xb8>=0.031  <0xcf><0x83>ba=0.0000  <0xcf><0x83>bg=0.001000  <0xcf><0x83>bb=0.10␍␊
[KAL] eskf: pN=-0.50 pE=+0.53 pD=+12.88  vN=-0.16 vE=+0.16 vD=+2.29  bBaro=+1312.35  aeroBlind=0  inn=0.00  NIS=110.38␍␊
---␍␊
[CATCHUP] exhausted: kalTs=0:34845362 targetTs=0:34846071 imuRdIdx=3200 imuCnt=3200 imuHead=2096␍␊
[KAL] baroFuse: meas=+1281.40m  eskfAlt=+1299.47m  inn=-18.08m  pD=+12.88  bBaro=+1312.35␍␊
[CATCHUP] exhausted: kalTs=0:34880662 targetTs=0:34881378 imuRdIdx=3200 imuCnt=3200 imuHead=2320␍␊
[CATCHUP] exhausted: kalTs=0:34915926 targetTs=0:34916492 imuRdIdx=3200 imuCnt=3200 imuHead=2543␍␊
[KAL] baroFuse: meas=+1293.05m  eskfAlt=+1299.47m  inn=-6.42m  pD=+12.88  bBaro=+1312.35␍␊
[CATCHUP] exhausted: kalTs=0:34951091 targetTs=0:34951808 imuRdIdx=3200 imuCnt=3200 imuHead=2767␍␊
[KAL] baroFuse: meas=+1281.40m  eskfAlt=+1299.47m  inn=-18.08m  pD=+12.88  bBaro=+1312.35␍␊
[KAL] FSM=BURN   Rail(p=  -1.7 r=  +0.1)  ESKF(p=  -1.5 r=  +0.3 y=  -0.1)  alt=-12.9m vD=+2.3␍␊
[KAL] hlth=0x17  loop=21us(max 2437)  mainLoop=93us(max 2630)  NIS=110.4  hiNIS=10  yields=180␍␊
[KAL] IMU=207733  baro=1961  gps=0  imuDrop=17514  baroDrop=155  evtDrop=0  imuBuf=3200  baroBuf=50  evtBuf=1  rwd=1  drained=0␍␊
[KAL] ring_hwm=[128,0,0]  gate=OPEN  grnd=OK  hdg=NO␍␊
[KAL] raw: ax=  -0.33 ay=  -0.02 az=  -9.60  gx=+0.003 gy=-0.005 gz=+0.002  |a|=9.61  P=86849Pa T=28.9C␍␊
[KAL] gyroBias: -0.00000 +0.00000 +0.00000 (rad/s)␍␊
[KAL] fifoHdr: 0x78=207917  0xF0=0  other=10  imuFlags=0x14  imuDrvDrop=17514␍␊
[KAL] catchUp: budget=2000us  last=1us  events=0  dtClamp=0␍␊
[KAL] timing: drain=1us  imuProc=1us  aiding=10us  tick=9us  output=1us␍␊
[KAL] imuBreak: vimu=19632us  post=4099us  n=906  vimu/s=21us  post/s=4us␍␊
[KAL] Pcov: <0xcf><0x83>p=5.90,5.90,1.02  <0xcf><0x83>v=1.64,1.64,0.23  <0xcf><0x83><0xce><0xb8>=0.031  <0xcf><0x83>ba=0.0000  <0xcf><0x83>bg=0.001000  <0xcf><0x83>bb=0.10␍␊
[KAL] eskf: pN=-0.50 pE=+0.53 pD=+12.88  vN=-0.16 vE=+0.16 vD=+2.29  bBaro=+1312.35  aeroBlind=0  inn=0.00  NIS=110.38␍␊
---␍␊
[CATCHUP] exhausted: kalTs=0:34996266 targetTs=0:34996976 imuRdIdx=3200 imuCnt=3200 imuHead=3054␍␊
[KAL] baroFuse: meas=+1281.40m  eskfAlt=+1299.47m  inn=-18.08m  pD=+12.88  bBaro=+1312.35␍␊
[CATCHUP] exhausted: kalTs=0:35031428 targetTs=0:35032284 imuRdIdx=3200 imuCnt=3200 imuHead=78␍␊
[CATCHUP] exhausted: kalTs=0:35066706 targetTs=0:35067326 imuRdIdx=3200 imuCnt=3200 imuHead=300␍␊
[KAL] baroFuse: meas=+1281.40m  eskfAlt=+1299.47m  inn=-18.08m  pD=+12.88  bBaro=+1312.35␍␊
[CATCHUP] exhausted: kalTs=0:35101843 targetTs=0:35102753 imuRdIdx=3200 imuCnt=3200 imuHead=525␍␊
[KAL] FSM=BURN   Rail(p=  -1.7 r=  +0.1)  ESKF(p=  -1.5 r=  +0.3 y=  -0.1)  alt=-12.9m vD=+2.3␍␊
[KAL] hlth=0x17  loop=57us(max 2437)  mainLoop=50us(max 2630)  NIS=110.4  hiNIS=10  yields=180␍␊
[KAL] IMU=208636  baro=1967  gps=0  imuDrop=17514  baroDrop=155  evtDrop=0  imuBuf=3200  baroBuf=50  evtBuf=1  rwd=1  drained=1␍␊
[KAL] ring_hwm=[128,0,0]  gate=OPEN  grnd=OK  hdg=NO␍␊
[KAL] raw: ax=  -0.31 ay=  -0.01 az=  -9.63  gx=-0.003 gy=+0.002 gz=-0.000  |a|=9.64  P=86849Pa T=28.9C␍␊
[KAL] gyroBias: -0.00000 +0.00000 +0.00000 (rad/s)␍␊
[KAL] fifoHdr: 0x78=208820  0xF0=0  other=10  imuFlags=0x14  imuDrvDrop=17514␍␊
[KAL] catchUp: budget=2000us  last=3us  events=1  dtClamp=0␍␊
[KAL] timing: drain=2us  imuProc=33us  aiding=11us  tick=11us  output=1us␍␊
[KAL] imuBreak: vimu=19580us  post=4082us  n=903  vimu/s=21us  post/s=4us␍␊
[KAL] Pcov: <0xcf><0x83>p=5.90,5.90,1.02  <0xcf><0x83>v=1.64,1.64,0.23  <0xcf><0x83><0xce><0xb8>=0.031  <0xcf><0x83>ba=0.0000  <0xcf><0x83>bg=0.001000  <0xcf><0x83>bb=0.10␍␊
[KAL] eskf: pN=-0.50 pE=+0.53 pD=+12.88  vN=-0.16 vE=+0.16 vD=+2.29  bBaro=+1312.35  aeroBlind=0  inn=0.00  NIS=110.38␍␊
---␍␊
[KAL] baroFuse: meas=+1281.40m  eskfAlt=+1299.47m  inn=-18.08m  pD=+12.88  bBaro=+1312.35␍␊
[CATCHUP] exhausted: kalTs=0:35143920 targetTs=0:35144776 imuRdIdx=3200 imuCnt=3200 imuHead=792␍␊
[KAL] baroFuse: meas=+1281.40m  eskfAlt=+1299.47m  inn=-18.08m  pD=+12.88  bBaro=+1312.35␍␊
[CATCHUP] exhausted: kalTs=0:35179204 targetTs=0:35180059 imuRdIdx=3200 imuCnt=3200 imuHead=1016␍␊
[CATCHUP] exhausted: kalTs=0:35214472 targetTs=0:35215181 imuRdIdx=3200 imuCnt=3200 imuHead=1239␍␊
[KAL] baroFuse: meas=+1281.40m  eskfAlt=+1299.47m  inn=-18.08m  pD=+12.88  bBaro=+1312.35␍␊
[CATCHUP] exhausted: kalTs=0:35249759 targetTs=0:35250470 imuRdIdx=3200 imuCnt=3200 imuHead=1463␍␊
[KAL] FSM=BURN   Rail(p=  -1.7 r=  +0.1)  ESKF(p=  -1.5 r=  +0.3 y=  -0.1)  alt=-12.9m vD=+2.3␍␊
[KAL] hlth=0x17  loop=21us(max 2437)  mainLoop=94us(max 2630)  NIS=110.4  hiNIS=10  yields=180␍␊
[KAL] IMU=209543  baro=1976  gps=0  imuDrop=17514  baroDrop=155  evtDrop=0  imuBuf=3200  baroBuf=50  evtBuf=1  rwd=1  drained=0␍␊
[KAL] ring_hwm=[128,0,0]  gate=OPEN  grnd=OK  hdg=NO␍␊
[KAL] raw: ax=  -0.24 ay=  -0.10 az=  -9.51  gx=+0.002 gy=+0.001 gz=-0.002  |a|=9.52  P=86849Pa T=28.9C␍␊
[KAL] gyroBias: -0.00000 +0.00000 +0.00000 (rad/s)␍␊
[KAL] fifoHdr: 0x78=209727  0xF0=0  other=10  imuFlags=0x14  imuDrvDrop=17514␍␊
[KAL] catchUp: budget=2000us  last=1us  events=0  dtClamp=0␍␊
[KAL] timing: drain=1us  imuProc=1us  aiding=10us  tick=9us  output=1us␍␊
[KAL] imuBreak: vimu=19693us  post=4072us  n=907  vimu/s=21us  post/s=4us␍␊
[KAL] Pcov: <0xcf><0x83>p=5.90,5.90,1.02  <0xcf><0x83>v=1.64,1.64,0.23  <0xcf><0x83><0xce><0xb8>=0.031  <0xcf><0x83>ba=0.0000  <0xcf><0x83>bg=0.001000  <0xcf><0x83>bb=0.10␍␊
[KAL] eskf: pN=-0.50 pE=+0.53 pD=+12.88  vN=-0.16 vE=+0.16 vD=+2.29  bBaro=+1312.35  aeroBlind=0  inn=0.00  NIS=110.38␍␊
---␍␊
[CATCHUP] future: earliest=0:35266105 target=0:35265625 kalTs=0:35264649 imuRdIdx=3183 imuCnt=3200␍␊
[KAL] baroFuse: meas=+1281.40m  eskfAlt=+1299.47m  inn=-18.08m  pD=+12.88  bBaro=+1312.35␍␊
[CATCHUP] exhausted: kalTs=0:35293566 targetTs=0:35294276 imuRdIdx=3200 imuCnt=3200 imuHead=1741␍␊
[KAL] baroFuse: meas=+1281.40m  eskfAlt=+1299.47m  inn=-18.08m  pD=+12.88  bBaro=+1312.35␍␊
[CATCHUP] exhausted: kalTs=0:35328857 targetTs=0:35329475 imuRdIdx=3200 imuCnt=3200 imuHead=1964␍␊
[CATCHUP] exhausted: kalTs=0:35363491 targetTs=0:35364594 imuRdIdx=3200 imuCnt=3200 imuHead=2187␍␊
[KAL] baroFuse: meas=+1281.40m  eskfAlt=+1299.47m  inn=-18.08m  pD=+12.88  bBaro=+1312.35␍␊
[CATCHUP] exhausted: kalTs=0:35399256 targetTs=0:35399967 imuRdIdx=3200 imuCnt=3200 imuHead=2412␍␊
[KAL] FSM=BURN   Rail(p=  -1.7 r=  +0.1)  ESKF(p=  -1.5 r=  +0.3 y=  -0.1)  alt=-12.9m vD=+2.3␍␊
[KAL] hlth=0x17  loop=21us(max 2437)  mainLoop=95us(max 2630)  NIS=110.4  hiNIS=10  yields=180␍␊
[KAL] IMU=210447  baro=1985  gps=0  imuDrop=17514  baroDrop=155  evtDrop=0  imuBuf=3200  baroBuf=50  evtBuf=1  rwd=1  drained=0␍␊
[KAL] ring_hwm=[128,0,0]  gate=OPEN  grnd=OK  hdg=NO␍␊
[KAL] raw: ax=  -0.29 ay=  -0.06 az=  -9.60  gx=+0.002 gy=-0.001 gz=-0.000  |a|=9.61  P=86849Pa T=28.9C␍␊
[KAL] gyroBias: -0.00000 +0.00000 +0.00000 (rad/s)␍␊
[KAL] fifoHdr: 0x78=210631  0xF0=0  other=10  imuFlags=0x14  imuDrvDrop=17514␍␊
[KAL] catchUp: budget=2000us  last=0us  events=0  dtClamp=0␍␊
[KAL] timing: drain=1us  imuProc=0us  aiding=11us  tick=8us  output=1us␍␊
[KAL] imuBreak: vimu=19629us  post=4080us  n=904  vimu/s=21us  post/s=4us␍␊
[KAL] Pcov: <0xcf><0x83>p=5.90,5.90,1.02  <0xcf><0x83>v=1.64,1.64,0.23  <0xcf><0x83><0xce><0xb8>=0.031  <0xcf><0x83>ba=0.0000  <0xcf><0x83>bg=0.001000  <0xcf><0x83>bb=0.10␍␊
[KAL] eskf: pN=-0.50 pE=+0.53 pD=+12.88  vN=-0.16 vE=+0.16 vD=+2.29  bBaro=+1312.35  aeroBlind=0  inn=0.00  NIS=110.38␍␊
---␍␊
[KAL] baroFuse: meas=+1281.40m  eskfAlt=+1299.47m  inn=-18.08m  pD=+12.88  bBaro=+1312.35␍␊
[CATCHUP] exhausted: kalTs=0:35441789 targetTs=0:35442893 imuRdIdx=3200 imuCnt=3200 imuHead=2684␍␊
[KAL] baroFuse: meas=+1281.40m  eskfAlt=+1299.47m  inn=-18.08m  pD=+12.88  bBaro=+1312.35␍␊
[CATCHUP] exhausted: kalTs=0:35477538 targetTs=0:35478301 imuRdIdx=3200 imuCnt=3200 imuHead=2909␍␊
[CATCHUP] exhausted: kalTs=0:35512814 targetTs=0:35513422 imuRdIdx=3200 imuCnt=3200 imuHead=3132␍␊
[KAL] baroFuse: meas=+1281.40m  eskfAlt=+1299.47m  inn=-18.08m  pD=+12.88  bBaro=+1312.35␍␊
[KAL] FSM=BURN   Rail(p=  -1.7 r=  +0.1)  ESKF(p=  -1.5 r=  +0.3 y=  -0.1)  alt=-12.9m vD=+2.3␍␊
[KAL] hlth=0x17  loop=56us(max 2437)  mainLoop=48us(max 2630)  NIS=110.4  hiNIS=10  yields=180␍␊
[KAL] IMU=211353  baro=1994  gps=0  imuDrop=17514  baroDrop=155  evtDrop=0  imuBuf=3200  baroBuf=50  evtBuf=1  rwd=1  drained=1␍␊
[KAL] ring_hwm=[128,0,0]  gate=OPEN  grnd=OK  hdg=NO␍␊
[KAL] raw: ax=  -0.34 ay=  +0.04 az=  -9.60  gx=+0.013 gy=+0.004 gz=+0.002  |a|=9.60  P=86849Pa T=28.9C␍␊
[KAL] gyroBias: -0.00000 +0.00000 +0.00000 (rad/s)␍␊
[KAL] fifoHdr: 0x78=211537  0xF0=0  other=10  imuFlags=0x34  imuDrvDrop=17514␍␊
[KAL] catchUp: budget=2000us  last=2us  events=1  dtClamp=0␍␊
[KAL] timing: drain=1us  imuProc=33us  aiding=11us  tick=11us  output=1us␍␊
[KAL] imuBreak: vimu=19635us  post=4120us  n=906  vimu/s=21us  post/s=4us␍␊
[KAL] Pcov: <0xcf><0x83>p=5.90,5.90,1.02  <0xcf><0x83>v=1.64,1.64,0.23  <0xcf><0x83><0xce><0xb8>=0.031  <0xcf><0x83>ba=0.0000  <0xcf><0x83>bg=0.001000  <0xcf><0x83>bb=0.10␍␊
[KAL] eskf: pN=-0.50 pE=+0.53 pD=+12.88  vN=-0.16 vE=+0.16 vD=+2.29  bBaro=+1312.35  aeroBlind=0  inn=0.00  NIS=110.38␍␊
---␍␊
[CATCHUP] exhausted: kalTs=0:35555038 targetTs=0:35555656 imuRdIdx=3200 imuCnt=3200 imuHead=200␍␊
[KAL] baroFuse: meas=+1281.40m  eskfAlt=+1299.47m  inn=-18.08m  pD=+12.88  bBaro=+1312.35␍␊
[CATCHUP] exhausted: kalTs=0:35590145 targetTs=0:35591049 imuRdIdx=3200 imuCnt=3200 imuHead=425␍␊
[CATCHUP] exhausted: kalTs=0:35625759 targetTs=0:35626632 imuRdIdx=3200 imuCnt=3200 imuHead=651␍␊
[KAL] baroFuse: meas=+1281.40m  eskfAlt=+1299.47m  inn=-18.08m  pD=+12.88  bBaro=+1312.35␍␊
[CATCHUP] exhausted: kalTs=0:35661046 targetTs=0:35661902 imuRdIdx=3200 imuCnt=3200 imuHead=875␍␊
[KAL] baroFuse: meas=+1281.40m  eskfAlt=+1299.47m  inn=-18.08m  pD=+12.88  bBaro=+1312.35␍␊
[KAL] FSM=BURN   Rail(p=  -1.7 r=  +0.1)  ESKF(p=  -1.5 r=  +0.3 y=  -0.1)  alt=-12.9m vD=+2.3␍␊
[KAL] hlth=0x17  loop=21us(max 2437)  mainLoop=93us(max 2630)  NIS=110.4  hiNIS=10  yields=180␍␊
[KAL] IMU=212261  baro=2003  gps=0  imuDrop=17514  baroDrop=155  evtDrop=0  imuBuf=3200  baroBuf=50  evtBuf=1  rwd=1  drained=0␍␊
[KAL] ring_hwm=[128,0,0]  gate=OPEN  grnd=OK  hdg=NO␍␊
[KAL] raw: ax=  -0.28 ay=  +0.05 az=  -9.62  gx=+0.000 gy=-0.005 gz=-0.003  |a|=9.62  P=86849Pa T=28.9C␍␊
[KAL] gyroBias: -0.00000 +0.00000 +0.00000 (rad/s)␍␊
[KAL] fifoHdr: 0x78=212445  0xF0=0  other=10  imuFlags=0x14  imuDrvDrop=17514␍␊
[KAL] catchUp: budget=2000us  last=1us  events=0  dtClamp=0␍␊
[KAL] timing: drain=1us  imuProc=1us  aiding=10us  tick=9us  output=1us␍␊
[KAL] imuBreak: vimu=19715us  post=4108us  n=908  vimu/s=21us  post/s=4us␍␊
[KAL] Pcov: <0xcf><0x83>p=5.90,5.90,1.02  <0xcf><0x83>v=1.64,1.64,0.23  <0xcf><0x83><0xce><0xb8>=0.031  <0xcf><0x83>ba=0.0000  <0xcf><0x83>bg=0.001000  <0xcf><0x83>bb=0.10␍␊
[KAL] eskf: pN=-0.50 pE=+0.53 pD=+12.88  vN=-0.16 vE=+0.16 vD=+2.29  bBaro=+1312.35  aeroBlind=0  inn=0.00  NIS=110.38␍␊
---␍␊
[CATCHUP] exhausted: kalTs=0:35704346 targetTs=0:35704912 imuRdIdx=3200 imuCnt=3200 imuHead=1148␍␊
[KAL] baroFuse: meas=+1281.40m  eskfAlt=+1299.47m  inn=-18.08m  pD=+12.88  bBaro=+1312.35␍␊
[CATCHUP] exhausted: kalTs=0:35739630 targetTs=0:35740195 imuRdIdx=3200 imuCnt=3200 imuHead=1372␍␊
[KAL] baroFuse: meas=+1281.40m  eskfAlt=+1299.47m  inn=-18.08m  pD=+12.88  bBaro=+1312.35␍␊
[CATCHUP] exhausted: kalTs=0:35774779 targetTs=0:35775549 imuRdIdx=3200 imuCnt=3200 imuHead=1596␍␊
[CATCHUP] exhausted: kalTs=0:35810042 targetTs=0:35810608 imuRdIdx=3200 imuCnt=3200 imuHead=1819␍␊
[KAL] baroFuse: meas=+1281.40m  eskfAlt=+1299.47m  inn=-18.08m  pD=+12.88  bBaro=+1312.35␍␊
[KAL] FSM=BURN   Rail(p=  -1.7 r=  +0.1)  ESKF(p=  -1.5 r=  +0.3 y=  -0.1)  alt=-12.9m vD=+2.3␍␊
[KAL] hlth=0x17  loop=56us(max 2437)  mainLoop=50us(max 2630)  NIS=110.4  hiNIS=10  yields=180␍␊
[KAL] IMU=213174  baro=2012  gps=0  imuDrop=17514  baroDrop=155  evtDrop=0  imuBuf=3200  baroBuf=50  evtBuf=1  rwd=1  drained=1␍␊
[KAL] ring_hwm=[128,0,0]  gate=OPEN  grnd=OK  hdg=NO␍␊
[KAL] raw: ax=  -0.35 ay=  -0.06 az=  -9.58  gx=-0.001 gy=+0.004 gz=-0.005  |a|=9.58  P=95876Pa T=29.8C␍␊
[KAL] gyroBias: -0.00000 +0.00000 +0.00000 (rad/s)␍␊
[KAL] fifoHdr: 0x78=213358  0xF0=0  other=11  imuFlags=0x14  imuDrvDrop=17514␍␊
[KAL] catchUp: budget=2000us  last=2us  events=1  dtClamp=0␍␊
[KAL] timing: drain=1us  imuProc=33us  aiding=11us  tick=11us  output=1us␍␊
[KAL] imuBreak: vimu=19824us  post=4120us  n=913  vimu/s=21us  post/s=4us␍␊
[KAL] Pcov: <0xcf><0x83>p=5.90,5.90,1.02  <0xcf><0x83>v=1.64,1.64,0.23  <0xcf><0x83><0xce><0xb8>=0.031  <0xcf><0x83>ba=0.0000  <0xcf><0x83>bg=0.001000  <0xcf><0x83>bb=0.10␍␊
[KAL] eskf: pN=-0.50 pE=+0.53 pD=+12.88  vN=-0.16 vE=+0.16 vD=+2.29  bBaro=+1312.35  aeroBlind=0  inn=0.00  NIS=110.38␍␊
---␍␊
[CATCHUP] exhausted: kalTs=0:35853679 targetTs=0:35854298 imuRdIdx=3200 imuCnt=3200 imuHead=2096␍␊
[KAL] baroFuse: meas=+1281.40m  eskfAlt=+1299.47m  inn=-18.08m  pD=+12.88  bBaro=+1312.35␍␊
[CATCHUP] exhausted: kalTs=0:35888943 targetTs=0:35889713 imuRdIdx=3200 imuCnt=3200 imuHead=2321␍␊
[CATCHUP] exhausted: kalTs=0:35924217 targetTs=0:35924835 imuRdIdx=3200 imuCnt=3200 imuHead=2544␍␊
[KAL] baroFuse: meas=+1281.40m  eskfAlt=+1299.47m  inn=-18.08m  pD=+12.88  bBaro=+1312.35␍␊
[CATCHUP] exhausted: kalTs=0:35959387 targetTs=0:35960156 imuRdIdx=3200 imuCnt=3200 imuHead=2768␍␊
[KAL] baroFuse: meas=+1293.05m  eskfAlt=+1299.47m  inn=-6.42m  pD=+12.88  bBaro=+1312.35␍␊
[KAL] FSM=BURN   Rail(p=  -1.7 r=  +0.1)  ESKF(p=  -1.5 r=  +0.3 y=  -0.1)  alt=-12.9m vD=+2.3␍␊
[KAL] hlth=0x17  loop=21us(max 2437)  mainLoop=50us(max 2630)  NIS=110.4  hiNIS=10  yields=180␍␊
[KAL] IMU=214077  baro=2021  gps=0  imuDrop=17514  baroDrop=155  evtDrop=0  imuBuf=3200  baroBuf=50  evtBuf=1  rwd=1  drained=0␍␊
[KAL] ring_hwm=[128,0,0]  gate=OPEN  grnd=OK  hdg=NO␍␊
[KAL] raw: ax=  -0.29 ay=  +0.00 az=  -9.63  gx=+0.006 gy=+0.006 gz=-0.004  |a|=9.63  P=86726Pa T=28.3C␍␊
[KAL] gyroBias: -0.00000 +0.00000 +0.00000 (rad/s)␍␊
[KAL] fifoHdr: 0x78=214261  0xF0=0  other=11  imuFlags=0x14  imuDrvDrop=17514␍␊
[KAL] catchUp: budget=2000us  last=0us  events=0  dtClamp=0␍␊
[KAL] timing: drain=1us  imuProc=0us  aiding=11us  tick=8us  output=1us␍␊
[KAL] imuBreak: vimu=19577us  post=4096us  n=903  vimu/s=21us  post/s=4us␍␊
[KAL] Pcov: <0xcf><0x83>p=5.90,5.90,1.02  <0xcf><0x83>v=1.64,1.64,0.23  <0xcf><0x83><0xce><0xb8>=0.031  <0xcf><0x83>ba=0.0000  <0xcf><0x83>bg=0.001000  <0xcf><0x83>bb=0.10␍␊
[KAL] eskf: pN=-0.50 pE=+0.53 pD=+12.88  vN=-0.16 vE=+0.16 vD=+2.29  bBaro=+1312.35  aeroBlind=0  inn=0.00  NIS=110.38␍␊
---␍␊
[CATCHUP] future: earliest=0:35985650 target=0:35984166 kalTs=0:35984002 imuRdIdx=3158 imuCnt=3200␍␊
[CATCHUP] exhausted: kalTs=0:36003809 targetTs=0:36004810 imuRdIdx=3200 imuCnt=3200 imuHead=3052␍␊
[KAL] baroFuse: meas=+1281.40m  eskfAlt=+1299.47m  inn=-18.08m  pD=+12.88  bBaro=+1312.35␍␊
[CATCHUP] exhausted: kalTs=0:36039702 targetTs=0:36040267 imuRdIdx=3200 imuCnt=3200 imuHead=77␍␊
[CATCHUP] exhausted: kalTs=0:36074345 targetTs=0:36075304 imuRdIdx=3200 imuCnt=3200 imuHead=299␍␊
[KAL] baroFuse: meas=+1281.40m  eskfAlt=+1299.47m  inn=-18.08m  pD=+12.88  bBaro=+1312.35␍␊
[CATCHUP] exhausted: kalTs=0:36110112 targetTs=0:36110823 imuRdIdx=3200 imuCnt=3200 imuHead=525␍␊
[KAL] FSM=BURN   Rail(p=  -1.7 r=  +0.1)  ESKF(p=  -1.5 r=  +0.3 y=  -0.1)  alt=-12.9m vD=+2.3␍␊
[KAL] hlth=0x17  loop=57us(max 2437)  mainLoop=49us(max 2630)  NIS=110.4  hiNIS=10  yields=180␍␊
[KAL] IMU=214982  baro=2027  gps=0  imuDrop=17514  baroDrop=155  evtDrop=0  imuBuf=3200  baroBuf=50  evtBuf=1  rwd=1  drained=1␍␊
[KAL] ring_hwm=[128,0,0]  gate=OPEN  grnd=OK  hdg=NO␍␊
[KAL] raw: ax=  -0.28 ay=  -0.06 az=  -9.70  gx=-0.006 gy=-0.002 gz=+0.001  |a|=9.70  P=86849Pa T=28.9C␍␊
[KAL] gyroBias: -0.00000 +0.00000 +0.00000 (rad/s)␍␊
[KAL] fifoHdr: 0x78=215166  0xF0=0  other=11  imuFlags=0x14  imuDrvDrop=17514␍␊
[KAL] catchUp: budget=2000us  last=3us  events=1  dtClamp=0␍␊
[KAL] timing: drain=2us  imuProc=33us  aiding=11us  tick=10us  output=1us␍␊
[KAL] imuBreak: vimu=19655us  post=4090us  n=905  vimu/s=21us  post/s=4us␍␊
[KAL] Pcov: <0xcf><0x83>p=5.90,5.90,1.02  <0xcf><0x83>v=1.64,1.64,0.23  <0xcf><0x83><0xce><0xb8>=0.031  <0xcf><0x83>ba=0.0000  <0xcf><0x83>bg=0.001000  <0xcf><0x83>bb=0.10␍␊
[KAL] eskf: pN=-0.50 pE=+0.53 pD=+12.88  vN=-0.16 vE=+0.16 vD=+2.29  bBaro=+1312.35  aeroBlind=0  inn=0.00  NIS=110.38␍␊
---␍␊
[KAL] baroFuse: meas=+1281.40m  eskfAlt=+1299.47m  inn=-18.08m  pD=+12.88  bBaro=+1312.35␍␊
[CATCHUP] exhausted: kalTs=0:36154387 targetTs=0:36155006 imuRdIdx=3200 imuCnt=3200 imuHead=805␍␊
[KAL] baroFuse: meas=+1281.40m  eskfAlt=+1299.47m  inn=-18.08m  pD=+12.88  bBaro=+1312.35␍␊
[CATCHUP] exhausted: kalTs=0:36189374 targetTs=0:36190285 imuRdIdx=3200 imuCnt=3200 imuHead=1029␍␊
[CATCHUP] exhausted: kalTs=0:36224628 targetTs=0:36225392 imuRdIdx=3200 imuCnt=3200 imuHead=1252␍␊
[KAL] baroFuse: meas=+1281.40m  eskfAlt=+1299.47m  inn=-18.08m  pD=+12.88  bBaro=+1312.35␍␊
[CATCHUP] exhausted: kalTs=0:36259792 targetTs=0:36260701 imuRdIdx=3200 imuCnt=3200 imuHead=1476␍␊
[KAL] FSM=BURN   Rail(p=  -1.7 r=  +0.1)  ESKF(p=  -1.5 r=  +0.3 y=  -0.1)  alt=-12.9m vD=+2.3␍␊
[KAL] hlth=0x17  loop=57us(max 2437)  mainLoop=50us(max 2630)  NIS=110.4  hiNIS=10  yields=180␍␊
[KAL] IMU=215885  baro=2036  gps=0  imuDrop=17514  baroDrop=155  evtDrop=0  imuBuf=3200  baroBuf=50  evtBuf=1  rwd=1  drained=1␍␊
[KAL] ring_hwm=[128,0,0]  gate=OPEN  grnd=OK  hdg=NO␍␊
[KAL] raw: ax=  -0.35 ay=  +0.03 az=  -9.67  gx=-0.003 gy=+0.011 gz=+0.005  |a|=9.68  P=86849Pa T=28.9C␍␊
[KAL] gyroBias: -0.00000 +0.00000 +0.00000 (rad/s)␍␊
[KAL] fifoHdr: 0x78=216069  0xF0=0  other=11  imuFlags=0x34  imuDrvDrop=17514␍␊
[KAL] catchUp: budget=2000us  last=3us  events=1  dtClamp=0␍␊
[KAL] timing: drain=2us  imuProc=33us  aiding=10us  tick=12us  output=1us␍␊
[KAL] imuBreak: vimu=19595us  post=4072us  n=903  vimu/s=21us  post/s=4us␍␊
[KAL] Pcov: <0xcf><0x83>p=5.90,5.90,1.02  <0xcf><0x83>v=1.64,1.64,0.23  <0xcf><0x83><0xce><0xb8>=0.031  <0xcf><0x83>ba=0.0000  <0xcf><0x83>bg=0.001000  <0xcf><0x83>bb=0.10␍␊
[KAL] eskf: pN=-0.50 pE=+0.53 pD=+12.88  vN=-0.16 vE=+0.16 vD=+2.29  bBaro=+1312.35  aeroBlind=0  inn=0.00  NIS=110.38␍␊
---␍␊
[KAL] baroFuse: meas=+1281.40m  eskfAlt=+1299.47m  inn=-18.08m  pD=+12.88  bBaro=+1312.35␍␊
[CATCHUP] exhausted: kalTs=0:36300398 targetTs=0:36301356 imuRdIdx=3200 imuCnt=3200 imuHead=1734␍␊
[KAL] baroFuse: meas=+1281.40m  eskfAlt=+1299.47m  inn=-18.08m  pD=+12.88  bBaro=+1312.35␍␊
[CATCHUP] exhausted: kalTs=0:36336036 targetTs=0:36336608 imuRdIdx=3200 imuCnt=3200 imuHead=1958␍␊
[CATCHUP] exhausted: kalTs=0:36370674 targetTs=0:36371722 imuRdIdx=3200 imuCnt=3200 imuHead=2181␍␊
[KAL] baroFuse: meas=+1281.40m  eskfAlt=+1299.47m  inn=-18.08m  pD=+12.88  bBaro=+1312.35␍␊
[KAL] FSM=BURN   Rail(p=  -1.7 r=  +0.1)  ESKF(p=  -1.5 r=  +0.3 y=  -0.1)  alt=-12.9m vD=+2.3␍␊
[KAL] hlth=0x17  loop=56us(max 2437)  mainLoop=51us(max 2630)  NIS=110.4  hiNIS=10  yields=180␍␊
[KAL] IMU=216789  baro=2045  gps=0  imuDrop=17514  baroDrop=155  evtDrop=0  imuBuf=3200  baroBuf=50  evtBuf=1  rwd=1  drained=1␍␊
[KAL] ring_hwm=[128,0,0]  gate=OPEN  grnd=OK  hdg=NO␍␊
[KAL] raw: ax=  -0.34 ay=  -0.04 az=  -9.59  gx=+0.001 gy=-0.002 gz=-0.004  |a|=9.59  P=86849Pa T=28.9C␍␊
[KAL] gyroBias: -0.00000 +0.00000 +0.00000 (rad/s)␍␊
[KAL] fifoHdr: 0x78=216973  0xF0=0  other=11  imuFlags=0x14  imuDrvDrop=17514␍␊
[KAL] catchUp: budget=2000us  last=2us  events=1  dtClamp=0␍␊
[KAL] timing: drain=1us  imuProc=33us  aiding=11us  tick=11us  output=1us␍␊
[KAL] imuBreak: vimu=19625us  post=4078us  n=904  vimu/s=21us  post/s=4us␍␊
[KAL] Pcov: <0xcf><0x83>p=5.90,5.90,1.02  <0xcf><0x83>v=1.64,1.64,0.23  <0xcf><0x83><0xce><0xb8>=0.031  <0xcf><0x83>ba=0.0000  <0xcf><0x83>bg=0.001000  <0xcf><0x83>bb=0.10␍␊
[KAL] eskf: pN=-0.50 pE=+0.53 pD=+12.88  vN=-0.16 vE=+0.16 vD=+2.29  bBaro=+1312.35  aeroBlind=0  inn=0.00  NIS=110.38␍␊
---␍␊
[CATCHUP] exhausted: kalTs=0:36413812 targetTs=0:36414577 imuRdIdx=3200 imuCnt=3200 imuHead=2453␍␊
[KAL] baroFuse: meas=+1281.40m  eskfAlt=+1299.47m  inn=-18.08m  pD=+12.88  bBaro=+1312.35␍␊
[CATCHUP] exhausted: kalTs=0:36449441 targetTs=0:36450007 imuRdIdx=3200 imuCnt=3200 imuHead=2678␍␊
[KAL] baroFuse: meas=+1281.40m  eskfAlt=+1299.47m  inn=-18.08m  pD=+12.88  bBaro=+1312.35␍␊
[CATCHUP] exhausted: kalTs=0:36484713 targetTs=0:36485332 imuRdIdx=3200 imuCnt=3200 imuHead=2902␍␊
[CATCHUP] exhausted: kalTs=0:36519367 targetTs=0:36520418 imuRdIdx=3200 imuCnt=3200 imuHead=3125␍␊
[KAL] baroFuse: meas=+1281.40m  eskfAlt=+1299.47m  inn=-18.08m  pD=+12.88  bBaro=+1312.35␍␊
[KAL] FSM=BURN   Rail(p=  -1.7 r=  +0.1)  ESKF(p=  -1.5 r=  +0.3 y=  -0.1)  alt=-12.9m vD=+2.3␍␊
[KAL] hlth=0x17  loop=21us(max 2437)  mainLoop=50us(max 2630)  NIS=110.4  hiNIS=10  yields=180␍␊
[KAL] IMU=217693  baro=2054  gps=0  imuDrop=17514  baroDrop=155  evtDrop=0  imuBuf=3200  baroBuf=50  evtBuf=1  rwd=1  drained=0␍␊
[KAL] ring_hwm=[128,0,0]  gate=OPEN  grnd=OK  hdg=NO␍␊
[KAL] raw: ax=  -0.36 ay=  -0.10 az=  -9.55  gx=+0.010 gy=+0.006 gz=+0.007  |a|=9.55  P=86849Pa T=28.9C␍␊
[KAL] gyroBias: -0.00000 +0.00000 +0.00000 (rad/s)␍␊
[KAL] fifoHdr: 0x78=217877  0xF0=0  other=11  imuFlags=0x14  imuDrvDrop=17514␍␊
[KAL] catchUp: budget=2000us  last=0us  events=0  dtClamp=0␍␊
[KAL] timing: drain=1us  imuProc=1us  aiding=10us  tick=8us  output=1us␍␊
[KAL] imuBreak: vimu=19620us  post=4093us  n=904  vimu/s=21us  post/s=4us␍␊
[KAL] Pcov: <0xcf><0x83>p=5.90,5.90,1.02  <0xcf><0x83>v=1.64,1.64,0.23  <0xcf><0x83><0xce><0xb8>=0.031  <0xcf><0x83>ba=0.0000  <0xcf><0x83>bg=0.001000  <0xcf><0x83>bb=0.10␍␊
[KAL] eskf: pN=-0.50 pE=+0.53 pD=+12.88  vN=-0.16 vE=+0.16 vD=+2.29  bBaro=+1312.35  aeroBlind=0  inn=0.00  NIS=110.38␍␊
---␍␊
[CATCHUP] exhausted: kalTs=0:36561880 targetTs=0:36562929 imuRdIdx=3200 imuCnt=3200 imuHead=195␍␊
[KAL] baroFuse: meas=+1281.40m  eskfAlt=+1299.47m  inn=-18.08m  pD=+12.88  bBaro=+1312.35␍␊
[CATCHUP] exhausted: kalTs=0:36597515 targetTs=0:36598134 imuRdIdx=3200 imuCnt=3200 imuHead=418␍␊
[KAL] baroFuse: meas=+1281.40m  eskfAlt=+1299.47m  inn=-18.08m  pD=+12.88  bBaro=+1312.35␍␊
[CATCHUP] exhausted: kalTs=0:36632646 targetTs=0:36633502 imuRdIdx=3200 imuCnt=3200 imuHead=643␍␊
[CATCHUP] exhausted: kalTs=0:36667776 targetTs=0:36668632 imuRdIdx=3200 imuCnt=3200 imuHead=866␍␊
[KAL] baroFuse: meas=+1281.40m  eskfAlt=+1299.47m  inn=-18.08m  pD=+12.88  bBaro=+1312.35␍␊
[KAL] FSM=BURN   Rail(p=  -1.7 r=  +0.1)  ESKF(p=  -1.5 r=  +0.3 y=  -0.1)  alt=-12.9m vD=+2.3␍␊
[KAL] hlth=0x17  loop=20us(max 2437)  mainLoop=50us(max 2630)  NIS=110.4  hiNIS=10  yields=180␍␊
[KAL] IMU=218597  baro=2063  gps=0  imuDrop=17514  baroDrop=155  evtDrop=0  imuBuf=3200  baroBuf=50  evtBuf=1  rwd=1  drained=0␍␊
[KAL] ring_hwm=[128,0,0]  gate=OPEN  grnd=OK  hdg=NO␍␊
[KAL] raw: ax=  -0.30 ay=  +0.00 az=  -9.61  gx=-0.006 gy=-0.002 gz=-0.006  |a|=9.62  P=86849Pa T=28.9C␍␊
[KAL] gyroBias: -0.00000 +0.00000 +0.00000 (rad/s)␍␊
[KAL] fifoHdr: 0x78=218781  0xF0=0  other=11  imuFlags=0x14  imuDrvDrop=17514␍␊
[KAL] catchUp: budget=2000us  last=1us  events=0  dtClamp=0␍␊
[KAL] timing: drain=1us  imuProc=0us  aiding=11us  tick=8us  output=1us␍␊
[KAL] imuBreak: vimu=19610us  post=4088us  n=904  vimu/s=21us  post/s=4us␍␊
[KAL] Pcov: <0xcf><0x83>p=5.90,5.90,1.02  <0xcf><0x83>v=1.64,1.64,0.23  <0xcf><0x83><0xce><0xb8>=0.031  <0xcf><0x83>ba=0.0000  <0xcf><0x83>bg=0.001000  <0xcf><0x83>bb=0.10␍␊
[KAL] eskf: pN=-0.50 pE=+0.53 pD=+12.88  vN=-0.16 vE=+0.16 vD=+2.29  bBaro=+1312.35  aeroBlind=0  inn=0.00  NIS=110.38␍␊
---␍␊
[CATCHUP] exhausted: kalTs=0:36711865 targetTs=0:36712922 imuRdIdx=3200 imuCnt=3200 imuHead=1147␍␊
[KAL] baroFuse: meas=+1281.40m  eskfAlt=+1299.47m  inn=-18.08m  pD=+12.88  bBaro=+1312.35␍␊
[CATCHUP] exhausted: kalTs=0:36747763 targetTs=0:36748383 imuRdIdx=3200 imuCnt=3200 imuHead=1372␍␊
[KAL] baroFuse: meas=+1281.40m  eskfAlt=+1299.47m  inn=-18.08m  pD=+12.88  bBaro=+1312.35␍␊
[CATCHUP] exhausted: kalTs=0:36783062 targetTs=0:36783813 imuRdIdx=3200 imuCnt=3200 imuHead=1597␍␊
[CATCHUP] exhausted: kalTs=0:36818328 targetTs=0:36818894 imuRdIdx=3200 imuCnt=3200 imuHead=1820␍␊
[KAL] baroFuse: meas=+1281.40m  eskfAlt=+1299.47m  inn=-18.08m  pD=+12.88  bBaro=+1312.35␍␊
[KAL] FSM=BURN   Rail(p=  -1.7 r=  +0.1)  ESKF(p=  -1.5 r=  +0.3 y=  -0.1)  alt=-12.9m vD=+2.3␍␊
[KAL] hlth=0x17  loop=22us(max 2437)  mainLoop=94us(max 2630)  NIS=110.4  hiNIS=10  yields=180␍␊
[KAL] IMU=219503  baro=2072  gps=0  imuDrop=17514  baroDrop=155  evtDrop=0  imuBuf=3200  baroBuf=50  evtBuf=1  rwd=1  drained=0␍␊
[KAL] ring_hwm=[128,0,0]  gate=OPEN  grnd=OK  hdg=NO␍␊
[KAL] raw: ax=  -0.26 ay=  -0.02 az=  -9.55  gx=-0.001 gy=-0.002 gz=+0.008  |a|=9.55  P=86849Pa T=28.9C␍␊
[KAL] gyroBias: -0.00000 +0.00000 +0.00000 (rad/s)␍␊
[KAL] fifoHdr: 0x78=219687  0xF0=0  other=11  imuFlags=0x14  imuDrvDrop=17514␍␊
[KAL] catchUp: budget=2000us  last=1us  events=0  dtClamp=0␍␊
[KAL] timing: drain=1us  imuProc=1us  aiding=11us  tick=8us  output=1us␍␊
[KAL] imuBreak: vimu=19662us  post=4095us  n=906  vimu/s=21us  post/s=4us␍␊
[KAL] Pcov: <0xcf><0x83>p=5.90,5.90,1.02  <0xcf><0x83>v=1.64,1.64,0.23  <0xcf><0x83><0xce><0xb8>=0.031  <0xcf><0x83>ba=0.0000  <0xcf><0x83>bg=0.001000  <0xcf><0x83>bb=0.10␍␊
[KAL] eskf: pN=-0.50 pE=+0.53 pD=+12.88  vN=-0.16 vE=+0.16 vD=+2.29  bBaro=+1312.35  aeroBlind=0  inn=0.00  NIS=110.38␍␊
---␍␊
[CATCHUP] future: earliest=0:36835491 target=0:36834548 kalTs=0:36834351 imuRdIdx=3184 imuCnt=3200␍␊
[CATCHUP] exhausted: kalTs=0:36860252 targetTs=0:36861108 imuRdIdx=3200 imuCnt=3200 imuHead=2088␍␊
[KAL] baroFuse: meas=+1281.40m  eskfAlt=+1299.47m  inn=-18.08m  pD=+12.88  bBaro=+1312.35␍␊
[CATCHUP] exhausted: kalTs=0:36895502 targetTs=0:36896550 imuRdIdx=3200 imuCnt=3200 imuHead=2313␍␊
[KAL] baroFuse: meas=+1281.40m  eskfAlt=+1299.47m  inn=-18.08m  pD=+12.88  bBaro=+1312.35␍␊
[CATCHUP] exhausted: kalTs=0:36931283 targetTs=0:36931849 imuRdIdx=3200 imuCnt=3200 imuHead=2537␍␊
[CATCHUP] exhausted: kalTs=0:36965916 targetTs=0:36966965 imuRdIdx=3200 imuCnt=3200 imuHead=2760␍␊
[KAL] FSM=BURN   Rail(p=  -1.7 r=  +0.1)  ESKF(p=  -1.5 r=  +0.3 y=  -0.1)  alt=-12.9m vD=+2.3␍␊
[KAL] hlth=0x17  loop=21us(max 2437)  mainLoop=94us(max 2630)  NIS=110.4  hiNIS=10  yields=180␍␊
[KAL] IMU=220406  baro=2078  gps=0  imuDrop=17514  baroDrop=155  evtDrop=0  imuBuf=3200  baroBuf=50  evtBuf=1  rwd=1  drained=0␍␊
[KAL] ring_hwm=[128,0,0]  gate=OPEN  grnd=OK  hdg=NO␍␊
[KAL] raw: ax=  -0.27 ay=  +0.02 az=  -9.61  gx=+0.005 gy=-0.003 gz=+0.001  |a|=9.62  P=86849Pa T=28.9C␍␊
[KAL] gyroBias: -0.00000 +0.00000 +0.00000 (rad/s)␍␊
[KAL] fifoHdr: 0x78=220590  0xF0=0  other=11  imuFlags=0x14  imuDrvDrop=17514␍␊
[KAL] catchUp: budget=2000us  last=1us  events=0  dtClamp=0␍␊
[KAL] timing: drain=1us  imuProc=0us  aiding=11us  tick=8us  output=1us␍␊
[KAL] imuBreak: vimu=19582us  post=4107us  n=903  vimu/s=21us  post/s=4us␍␊
[KAL] Pcov: <0xcf><0x83>p=5.90,5.90,1.02  <0xcf><0x83>v=1.64,1.64,0.23  <0xcf><0x83><0xce><0xb8>=0.031  <0xcf><0x83>ba=0.0000  <0xcf><0x83>bg=0.001000  <0xcf><0x83>bb=0.10␍␊
[KAL] eskf: pN=-0.50 pE=+0.53 pD=+12.88  vN=-0.16 vE=+0.16 vD=+2.29  bBaro=+1312.35  aeroBlind=0  inn=0.00  NIS=110.38␍␊
---␍␊
[KAL] baroFuse: meas=+1281.40m  eskfAlt=+1299.47m  inn=-18.08m  pD=+12.88  bBaro=+1312.35␍␊
[CATCHUP] exhausted: kalTs=0:37009863 targetTs=0:37010822 imuRdIdx=3200 imuCnt=3200 imuHead=3038␍␊
[KAL] baroFuse: meas=+1281.40m  eskfAlt=+1299.47m  inn=-18.08m  pD=+12.88  bBaro=+1312.35␍␊
[CATCHUP] exhausted: kalTs=0:37045625 targetTs=0:37046244 imuRdIdx=3200 imuCnt=3200 imuHead=63␍␊
[KAL] baroFuse: meas=+1281.40m  eskfAlt=+1299.47m  inn=-18.08m  pD=+12.88  bBaro=+1312.35␍␊
[CATCHUP] exhausted: kalTs=0:37080926 targetTs=0:37081636 imuRdIdx=3200 imuCnt=3200 imuHead=288␍␊
[KAL] FSM=BURN   Rail(p=  -1.7 r=  +0.1)  ESKF(p=  -1.5 r=  +0.3 y=  -0.1)  alt=-12.9m vD=+2.3␍␊
[KAL] hlth=0x17  loop=21us(max 2437)  mainLoop=93us(max 2630)  NIS=110.4  hiNIS=10  yields=180␍␊
[KAL] IMU=221310  baro=2087  gps=0  imuDrop=17514  baroDrop=155  evtDrop=0  imuBuf=3200  baroBuf=50  evtBuf=1  rwd=1  drained=0␍␊
[KAL] ring_hwm=[128,0,0]  gate=OPEN  grnd=OK  hdg=NO␍␊
[KAL] raw: ax=  -0.26 ay=  -0.00 az=  -9.60  gx=-0.002 gy=-0.006 gz=-0.002  |a|=9.61  P=86849Pa T=28.9C␍␊
[KAL] gyroBias: -0.00000 +0.00000 +0.00000 (rad/s)␍␊
[KAL] fifoHdr: 0x78=221494  0xF0=0  other=11  imuFlags=0x14  imuDrvDrop=17514␍␊
[KAL] catchUp: budget=2000us  last=0us  events=0  dtClamp=0␍␊
[KAL] timing: drain=1us  imuProc=1us  aiding=10us  tick=8us  output=1us␍␊
[KAL] imuBreak: vimu=19640us  post=4074us  n=904  vimu/s=21us  post/s=4us␍␊
[KAL] Pcov: <0xcf><0x83>p=5.90,5.90,1.02  <0xcf><0x83>v=1.64,1.64,0.23  <0xcf><0x83><0xce><0xb8>=0.031  <0xcf><0x83>ba=0.0000  <0xcf><0x83>bg=0.001000  <0xcf><0x83>bb=0.10␍␊
[KAL] eskf: pN=-0.50 pE=+0.53 pD=+12.88  vN=-0.16 vE=+0.16 vD=+2.29  bBaro=+1312.35  aeroBlind=0  inn=0.00  NIS=110.38␍␊
---␍␊
[CATCHUP] exhausted: kalTs=0:37122826 targetTs=0:37123445 imuRdIdx=3200 imuCnt=3200 imuHead=553␍␊
[KAL] baroFuse: meas=+1281.40m  eskfAlt=+1299.47m  inn=-18.08m  pD=+12.88  bBaro=+1312.35␍␊
[CATCHUP] exhausted: kalTs=0:37157963 targetTs=0:37158964 imuRdIdx=3200 imuCnt=3200 imuHead=779␍␊
[KAL] baroFuse: meas=+1281.40m  eskfAlt=+1299.47m  inn=-18.08m  pD=+12.88  bBaro=+1312.35␍␊
[CATCHUP] exhausted: kalTs=0:37193219 targetTs=0:37194268 imuRdIdx=3200 imuCnt=3200 imuHead=1003␍␊
[KAL] baroFuse: meas=+1281.40m  eskfAlt=+1299.47m  inn=-18.08m  pD=+12.88  bBaro=+1312.35␍␊
[CATCHUP] exhausted: kalTs=0:37228849 targetTs=0:37229779 imuRdIdx=3200 imuCnt=3200 imuHead=1228␍␊
[KAL] FSM=BURN   Rail(p=  -1.7 r=  +0.1)  ESKF(p=  -1.5 r=  +0.3 y=  -0.1)  alt=-12.9m vD=+2.3␍␊
[KAL] hlth=0x17  loop=57us(max 2437)  mainLoop=50us(max 2630)  NIS=110.4  hiNIS=10  yields=180␍␊
[KAL] IMU=222216  baro=2096  gps=0  imuDrop=17514  baroDrop=155  evtDrop=0  imuBuf=3200  baroBuf=50  evtBuf=1  rwd=1  drained=1␍␊
[KAL] ring_hwm=[128,0,0]  gate=OPEN  grnd=OK  hdg=NO␍␊
[KAL] raw: ax=  -0.26 ay=  -0.01 az=  -9.56  gx=+0.005 gy=-0.002 gz=-0.005  |a|=9.56  P=86849Pa T=28.9C␍␊
[KAL] gyroBias: -0.00000 +0.00000 +0.00000 (rad/s)␍␊
[KAL] fifoHdr: 0x78=222400  0xF0=0  other=11  imuFlags=0x34  imuDrvDrop=17514␍␊
[KAL] catchUp: budget=2000us  last=3us  events=1  dtClamp=0␍␊
[KAL] timing: drain=1us  imuProc=34us  aiding=10us  tick=11us  output=1us␍␊
[KAL] imuBreak: vimu=19671us  post=4081us  n=906  vimu/s=21us  post/s=4us␍␊
[KAL] Pcov: <0xcf><0x83>p=5.90,5.90,1.02  <0xcf><0x83>v=1.64,1.64,0.23  <0xcf><0x83><0xce><0xb8>=0.031  <0xcf><0x83>ba=0.0000  <0xcf><0x83>bg=0.001000  <0xcf><0x83>bb=0.10␍␊
[KAL] eskf: pN=-0.50 pE=+0.53 pD=+12.88  vN=-0.16 vE=+0.16 vD=+2.29  bBaro=+1312.35  aeroBlind=0  inn=0.00  NIS=110.38␍␊
---␍␊
[CATCHUP] exhausted: kalTs=0:37270583 targetTs=0:37271497 imuRdIdx=3200 imuCnt=3200 imuHead=1493␍␊
[KAL] baroFuse: meas=+1281.40m  eskfAlt=+1299.47m  inn=-18.08m  pD=+12.88  bBaro=+1312.35␍␊
[CATCHUP] exhausted: kalTs=0:37306204 targetTs=0:37307258 imuRdIdx=3200 imuCnt=3200 imuHead=1720␍␊
[KAL] baroFuse: meas=+1281.40m  eskfAlt=+1299.47m  inn=-18.08m  pD=+12.88  bBaro=+1312.35␍␊
[CATCHUP] exhausted: kalTs=0:37342105 targetTs=0:37342816 imuRdIdx=3200 imuCnt=3200 imuHead=1946␍␊
[KAL] baroFuse: meas=+1281.40m  eskfAlt=+1299.47m  inn=-18.08m  pD=+12.88  bBaro=+1312.35␍␊
[CATCHUP] exhausted: kalTs=0:37377681 targetTs=0:37378114 imuRdIdx=3200 imuCnt=3200 imuHead=2170␍␊
[KAL] FSM=BURN   Rail(p=  -1.7 r=  +0.1)  ESKF(p=  -1.5 r=  +0.3 y=  -0.1)  alt=-12.9m vD=+2.3␍␊
[KAL] hlth=0x17  loop=20us(max 2437)  mainLoop=50us(max 2630)  NIS=110.4  hiNIS=10  yields=180␍␊
[KAL] IMU=223123  baro=2105  gps=0  imuDrop=17514  baroDrop=155  evtDrop=0  imuBuf=3200  baroBuf=50  evtBuf=1  rwd=1  drained=0␍␊
[KAL] ring_hwm=[128,0,0]  gate=OPEN  grnd=OK  hdg=NO␍␊
[KAL] raw: ax=  -0.31 ay=  -0.08 az=  -9.59  gx=-0.002 gy=-0.009 gz=+0.000  |a|=9.59  P=95892Pa T=30.5C␍␊
[KAL] gyroBias: -0.00000 +0.00000 +0.00000 (rad/s)␍␊
[KAL] fifoHdr: 0x78=223307  0xF0=0  other=11  imuFlags=0x14  imuDrvDrop=17514␍␊
[KAL] catchUp: budget=2000us  last=0us  events=0  dtClamp=0␍␊
[KAL] timing: drain=1us  imuProc=1us  aiding=10us  tick=8us  output=1us␍␊
[KAL] imuBreak: vimu=19667us  post=4097us  n=907  vimu/s=21us  post/s=4us␍␊
[KAL] Pcov: <0xcf><0x83>p=5.90,5.90,1.02  <0xcf><0x83>v=1.64,1.64,0.23  <0xcf><0x83><0xce><0xb8>=0.031  <0xcf><0x83>ba=0.0000  <0xcf><0x83>bg=0.001000  <0xcf><0x83>bb=0.10␍␊
[KAL] eskf: pN=-0.50 pE=+0.53 pD=+12.88  vN=-0.16 vE=+0.16 vD=+2.29  bBaro=+1312.35  aeroBlind=0  inn=0.00  NIS=110.38␍␊
---␍␊
[CATCHUP] exhausted: kalTs=0:37419264 targetTs=0:37420367 imuRdIdx=3200 imuCnt=3200 imuHead=2438␍␊
[KAL] baroFuse: meas=+1281.40m  eskfAlt=+1299.47m  inn=-18.08m  pD=+12.88  bBaro=+1312.35␍␊
[CATCHUP] exhausted: kalTs=0:37455059 targetTs=0:37455822 imuRdIdx=3200 imuCnt=3200 imuHead=2663␍␊
[KAL] baroFuse: meas=+1281.40m  eskfAlt=+1299.47m  inn=-18.08m  pD=+12.88  bBaro=+1312.35␍␊
[CATCHUP] exhausted: kalTs=0:37490162 targetTs=0:37491123 imuRdIdx=3200 imuCnt=3200 imuHead=2887␍␊
[CATCHUP] exhausted: kalTs=0:37525298 targetTs=0:37526208 imuRdIdx=3200 imuCnt=3200 imuHead=3110␍␊
[KAL] baroFuse: meas=+1281.40m  eskfAlt=+1299.47m  inn=-18.08m  pD=+12.88  bBaro=+1312.35␍␊
[KAL] FSM=BURN   Rail(p=  -1.7 r=  +0.1)  ESKF(p=  -1.5 r=  +0.3 y=  -0.1)  alt=-12.9m vD=+2.3␍␊
[KAL] hlth=0x17  loop=56us(max 2437)  mainLoop=49us(max 2630)  NIS=110.4  hiNIS=10  yields=180␍␊
[KAL] IMU=224028  baro=2114  gps=0  imuDrop=17514  baroDrop=155  evtDrop=0  imuBuf=3200  baroBuf=50  evtBuf=1  rwd=1  drained=1␍␊
[KAL] ring_hwm=[128,0,0]  gate=OPEN  grnd=OK  hdg=NO␍␊
[KAL] raw: ax=  -0.16 ay=  +0.03 az=  -9.58  gx=+0.000 gy=-0.006 gz=+0.007  |a|=9.58  P=86849Pa T=28.9C␍␊
[KAL] gyroBias: -0.00000 +0.00000 +0.00000 (rad/s)␍␊
[KAL] fifoHdr: 0x78=224212  0xF0=0  other=11  imuFlags=0x14  imuDrvDrop=17514␍␊
[KAL] catchUp: budget=2000us  last=2us  events=1  dtClamp=0␍␊
[KAL] timing: drain=1us  imuProc=33us  aiding=11us  tick=11us  output=1us␍␊
[KAL] imuBreak: vimu=19619us  post=4109us  n=905  vimu/s=21us  post/s=4us␍␊
[KAL] Pcov: <0xcf><0x83>p=5.90,5.90,1.02  <0xcf><0x83>v=1.64,1.64,0.23  <0xcf><0x83><0xce><0xb8>=0.031  <0xcf><0x83>ba=0.0000  <0xcf><0x83>bg=0.001000  <0xcf><0x83>bb=0.10␍␊
[KAL] eskf: pN=-0.50 pE=+0.53 pD=+12.88  vN=-0.16 vE=+0.16 vD=+2.29  bBaro=+1312.35  aeroBlind=0  inn=0.00  NIS=110.38␍␊
---␍␊
[CATCHUP] exhausted: kalTs=0:37568464 targetTs=0:37569231 imuRdIdx=3200 imuCnt=3200 imuHead=183␍␊
[KAL] baroFuse: meas=+1281.40m  eskfAlt=+1299.47m  inn=-18.08m  pD=+12.88  bBaro=+1312.35␍␊
[CATCHUP] exhausted: kalTs=0:37604217 targetTs=0:37604926 imuRdIdx=3200 imuCnt=3200 imuHead=410␍␊
[KAL] baroFuse: meas=+1281.40m  eskfAlt=+1299.47m  inn=-18.08m  pD=+12.88  bBaro=+1312.35␍␊
[CATCHUP] exhausted: kalTs=0:37639350 targetTs=0:37640255 imuRdIdx=3200 imuCnt=3200 imuHead=634␍␊
[CATCHUP] exhausted: kalTs=0:37674475 targetTs=0:37675378 imuRdIdx=3200 imuCnt=3200 imuHead=857␍␊
[KAL] baroFuse: meas=+1281.40m  eskfAlt=+1299.47m  inn=-18.08m  pD=+12.88  bBaro=+1312.35␍␊
[KAL] FSM=BURN   Rail(p=  -1.7 r=  +0.1)  ESKF(p=  -1.5 r=  +0.3 y=  -0.1)  alt=-12.9m vD=+2.3␍␊
[KAL] hlth=0x17  loop=56us(max 2437)  mainLoop=49us(max 2630)  NIS=110.4  hiNIS=10  yields=180␍␊
[KAL] IMU=224934  baro=2123  gps=0  imuDrop=17514  baroDrop=155  evtDrop=0  imuBuf=3200  baroBuf=50  evtBuf=1  rwd=1  drained=1␍␊
[KAL] ring_hwm=[128,0,0]  gate=OPEN  grnd=OK  hdg=NO␍␊
[KAL] raw: ax=  -0.33 ay=  -0.00 az=  -9.71  gx=+0.003 gy=+0.004 gz=-0.001  |a|=9.72  P=86849Pa T=28.9C␍␊
[KAL] gyroBias: -0.00000 +0.00000 +0.00000 (rad/s)␍␊
[KAL] fifoHdr: 0x78=225118  0xF0=0  other=11  imuFlags=0x14  imuDrvDrop=17514␍␊
[KAL] catchUp: budget=2000us  last=3us  events=1  dtClamp=0␍␊
[KAL] timing: drain=1us  imuProc=33us  aiding=11us  tick=10us  output=2us␍␊
[KAL] imuBreak: vimu=19660us  post=4109us  n=906  vimu/s=21us  post/s=4us␍␊
[KAL] Pcov: <0xcf><0x83>p=5.90,5.90,1.02  <0xcf><0x83>v=1.64,1.64,0.23  <0xcf><0x83><0xce><0xb8>=0.031  <0xcf><0x83>ba=0.0000  <0xcf><0x83>bg=0.001000  <0xcf><0x83>bb=0.10␍␊
[KAL] eskf: pN=-0.50 pE=+0.53 pD=+12.88  vN=-0.16 vE=+0.16 vD=+2.29  bBaro=+1312.35  aeroBlind=0  inn=0.00  NIS=110.38␍␊
---␍␊
[CATCHUP] future: earliest=0:37690367 target=0:37689273 kalTs=0:37688964 imuRdIdx=3188 imuCnt=3200␍␊
[CATCHUP] exhausted: kalTs=0:37717658 targetTs=0:37718760 imuRdIdx=3200 imuCnt=3200 imuHead=1132␍␊
[KAL] baroFuse: meas=+1281.40m  eskfAlt=+1299.47m  inn=-18.08m  pD=+12.88  bBaro=+1312.35␍␊
[CATCHUP] exhausted: kalTs=0:37753244 targetTs=0:37754056 imuRdIdx=3200 imuCnt=3200 imuHead=1356␍␊
[KAL] baroFuse: meas=+1281.40m  eskfAlt=+1299.47m  inn=-18.08m  pD=+12.88  bBaro=+1312.35␍␊
[CATCHUP] exhausted: kalTs=0:37788218 targetTs=0:37789322 imuRdIdx=3200 imuCnt=3200 imuHead=1580␍␊
[CATCHUP] exhausted: kalTs=0:37823381 targetTs=0:37824437 imuRdIdx=3200 imuCnt=3200 imuHead=1803␍␊
[KAL] FSM=BURN   Rail(p=  -1.7 r=  +0.1)  ESKF(p=  -1.5 r=  +0.3 y=  -0.1)  alt=-12.9m vD=+2.3␍␊
[KAL] hlth=0x17  loop=58us(max 2437)  mainLoop=50us(max 2630)  NIS=110.4  hiNIS=10  yields=180␍␊
[KAL] IMU=225836  baro=2129  gps=0  imuDrop=17514  baroDrop=155  evtDrop=0  imuBuf=3200  baroBuf=50  evtBuf=1  rwd=1  drained=1␍␊
[KAL] ring_hwm=[128,0,0]  gate=OPEN  grnd=OK  hdg=NO␍␊
[KAL] raw: ax=  -0.30 ay=  +0.07 az=  -9.56  gx=+0.012 gy=+0.005 gz=+0.004  |a|=9.57  P=86849Pa T=28.9C␍␊
[KAL] gyroBias: -0.00000 +0.00000 +0.00000 (rad/s)␍␊
[KAL] fifoHdr: 0x78=226020  0xF0=0  other=11  imuFlags=0x14  imuDrvDrop=17514␍␊
[KAL] catchUp: budget=2000us  last=2us  events=1  dtClamp=0␍␊
[KAL] timing: drain=1us  imuProc=33us  aiding=12us  tick=11us  output=2us␍␊
[KAL] imuBreak: vimu=19587us  post=4068us  n=902  vimu/s=21us  post/s=4us␍␊
[KAL] Pcov: <0xcf><0x83>p=5.90,5.90,1.02  <0xcf><0x83>v=1.64,1.64,0.23  <0xcf><0x83><0xce><0xb8>=0.031  <0xcf><0x83>ba=0.0000  <0xcf><0x83>bg=0.001000  <0xcf><0x83>bb=0.10␍␊
[KAL] eskf: pN=-0.50 pE=+0.53 pD=+12.88  vN=-0.16 vE=+0.16 vD=+2.29  bBaro=+1312.35  aeroBlind=0  inn=0.00  NIS=110.38␍␊
---␍␊
[KAL] baroFuse: meas=+1281.40m  eskfAlt=+1299.47m  inn=-18.08m  pD=+12.88  bBaro=+1312.35␍␊
[CATCHUP] exhausted: kalTs=0:37864808 targetTs=0:37865525 imuRdIdx=3200 imuCnt=3200 imuHead=2064␍␊
[KAL] baroFuse: meas=+1281.40m  eskfAlt=+1299.47m  inn=-18.08m  pD=+12.88  bBaro=+1312.35␍␊
[CATCHUP] exhausted: kalTs=0:37900082 targetTs=0:37900936 imuRdIdx=3200 imuCnt=3200 imuHead=2289␍␊
[KAL] baroFuse: meas=+1281.40m  eskfAlt=+1299.47m  inn=-18.08m  pD=+12.88  bBaro=+1312.35␍␊
[CATCHUP] exhausted: kalTs=0:37935213 targetTs=0:37936273 imuRdIdx=3200 imuCnt=3200 imuHead=2513␍␊
[KAL] FSM=BURN   Rail(p=  -1.7 r=  +0.1)  ESKF(p=  -1.5 r=  +0.3 y=  -0.1)  alt=-12.9m vD=+2.3␍␊
[KAL] hlth=0x17  loop=57us(max 2437)  mainLoop=50us(max 2630)  NIS=110.4  hiNIS=10  yields=180␍␊
[KAL] IMU=226740  baro=2138  gps=0  imuDrop=17514  baroDrop=155  evtDrop=0  imuBuf=3200  baroBuf=50  evtBuf=1  rwd=1  drained=1␍␊
[KAL] ring_hwm=[128,0,0]  gate=OPEN  grnd=OK  hdg=NO␍␊
[KAL] raw: ax=  -0.25 ay=  +0.01 az=  -9.61  gx=+0.005 gy=-0.007 gz=+0.004  |a|=9.61  P=86849Pa T=28.9C␍␊
[KAL] gyroBias: -0.00000 +0.00000 +0.00000 (rad/s)␍␊
[KAL] fifoHdr: 0x78=226924  0xF0=0  other=11  imuFlags=0x14  imuDrvDrop=17514␍␊
[KAL] catchUp: budget=2000us  last=3us  events=1  dtClamp=0␍␊
[KAL] timing: drain=1us  imuProc=33us  aiding=11us  tick=11us  output=2us␍␊
[KAL] imuBreak: vimu=19605us  post=4099us  n=904  vimu/s=21us  post/s=4us␍␊
[KAL] Pcov: <0xcf><0x83>p=5.90,5.90,1.02  <0xcf><0x83>v=1.64,1.64,0.23  <0xcf><0x83><0xce><0xb8>=0.031  <0xcf><0x83>ba=0.0000  <0xcf><0x83>bg=0.001000  <0xcf><0x83>bb=0.10␍␊
[KAL] eskf: pN=-0.50 pE=+0.53 pD=+12.88  vN=-0.16 vE=+0.16 vD=+2.29  bBaro=+1312.35  aeroBlind=0  inn=0.00  NIS=110.38␍␊
---␍␊
[KAL] baroFuse: meas=+1281.40m  eskfAlt=+1299.47m  inn=-18.08m  pD=+12.88  bBaro=+1312.35␍␊
[CATCHUP] exhausted: kalTs=0:37979844 targetTs=0:37980212 imuRdIdx=3200 imuCnt=3200 imuHead=2792␍␊
[CATCHUP] exhausted: kalTs=0:38014762 targetTs=0:38015328 imuRdIdx=3200 imuCnt=3200 imuHead=3015␍␊
[KAL] baroFuse: meas=+1281.40m  eskfAlt=+1299.47m  inn=-18.08m  pD=+12.88  bBaro=+1312.35␍␊
[CATCHUP] exhausted: kalTs=0:38049425 targetTs=0:38050528 imuRdIdx=3200 imuCnt=3200 imuHead=38␍␊
[KAL] baroFuse: meas=+1281.40m  eskfAlt=+1299.47m  inn=-18.08m  pD=+12.88  bBaro=+1312.35␍␊
[CATCHUP] exhausted: kalTs=0:38085046 targetTs=0:38085809 imuRdIdx=3200 imuCnt=3200 imuHead=262␍␊
[KAL] FSM=BURN   Rail(p=  -1.7 r=  +0.1)  ESKF(p=  -1.5 r=  +0.3 y=  -0.1)  alt=-12.9m vD=+2.3␍␊
[KAL] hlth=0x17  loop=21us(max 2437)  mainLoop=50us(max 2630)  NIS=110.4  hiNIS=10  yields=180␍␊
[KAL] IMU=227642  baro=2147  gps=0  imuDrop=17514  baroDrop=155  evtDrop=0  imuBuf=3200  baroBuf=50  evtBuf=1  rwd=1  drained=0␍␊
[KAL] ring_hwm=[128,0,0]  gate=OPEN  grnd=OK  hdg=NO␍␊
[KAL] raw: ax=  -0.28 ay=  -0.01 az=  -9.55  gx=-0.003 gy=-0.004 gz=+0.005  |a|=9.56  P=95899Pa T=30.6C␍␊
[KAL] gyroBias: -0.00000 +0.00000 +0.00000 (rad/s)␍␊
[KAL] fifoHdr: 0x78=227826  0xF0=0  other=11  imuFlags=0x14  imuDrvDrop=17514␍␊
[KAL] catchUp: budget=2000us  last=0us  events=0  dtClamp=0␍␊
[KAL] timing: drain=1us  imuProc=1us  aiding=10us  tick=8us  output=1us␍␊
[KAL] imuBreak: vimu=19584us  post=4062us  n=902  vimu/s=21us  post/s=4us␍␊
[KAL] Pcov: <0xcf><0x83>p=5.90,5.90,1.02  <0xcf><0x83>v=1.64,1.64,0.23  <0xcf><0x83><0xce><0xb8>=0.031  <0xcf><0x83>ba=0.0000  <0xcf><0x83>bg=0.001000  <0xcf><0x83>bb=0.10␍␊
[KAL] eskf: pN=-0.50 pE=+0.53 pD=+12.88  vN=-0.16 vE=+0.16 vD=+2.29  bBaro=+1312.35  aeroBlind=0  inn=0.00  NIS=110.38␍␊
---␍␊
[KAL] baroFuse: meas=+1281.40m  eskfAlt=+1299.47m  inn=-18.08m  pD=+12.88  bBaro=+1312.35␍␊
[CATCHUP] exhausted: kalTs=0:38129092 targetTs=0:38129628 imuRdIdx=3200 imuCnt=3200 imuHead=540␍␊
[CATCHUP] exhausted: kalTs=0:38163972 targetTs=0:38164736 imuRdIdx=3200 imuCnt=3200 imuHead=763␍␊
[KAL] baroFuse: meas=+1281.40m  eskfAlt=+1299.47m  inn=-18.08m  pD=+12.88  bBaro=+1312.35␍␊
[CATCHUP] exhausted: kalTs=0:38199261 targetTs=0:38200024 imuRdIdx=3200 imuCnt=3200 imuHead=987␍␊
[KAL] baroFuse: meas=+1281.40m  eskfAlt=+1299.47m  inn=-18.08m  pD=+12.88  bBaro=+1312.35␍␊
[CATCHUP] exhausted: kalTs=0:38234426 targetTs=0:38235323 imuRdIdx=3200 imuCnt=3200 imuHead=1211␍␊
[KAL] FSM=BURN   Rail(p=  -1.7 r=  +0.1)  ESKF(p=  -1.5 r=  +0.3 y=  -0.1)  alt=-12.9m vD=+2.3␍␊
[KAL] hlth=0x17  loop=21us(max 2437)  mainLoop=94us(max 2630)  NIS=110.4  hiNIS=10  yields=180␍␊
[KAL] IMU=228545  baro=2156  gps=0  imuDrop=17514  baroDrop=155  evtDrop=0  imuBuf=3200  baroBuf=50  evtBuf=1  rwd=1  drained=0␍␊
[KAL] ring_hwm=[128,0,0]  gate=OPEN  grnd=OK  hdg=NO␍␊
[KAL] raw: ax=  -0.30 ay=  -0.03 az=  -9.62  gx=+0.001 gy=+0.003 gz=+0.006  |a|=9.63  P=86849Pa T=28.9C␍␊
[KAL] gyroBias: -0.00000 +0.00000 +0.00000 (rad/s)␍␊
[KAL] fifoHdr: 0x78=228729  0xF0=0  other=11  imuFlags=0x14  imuDrvDrop=17514␍␊
[KAL] catchUp: budget=2000us  last=1us  events=0  dtClamp=0␍␊
[KAL] timing: drain=1us  imuProc=1us  aiding=10us  tick=9us  output=1us␍␊
[KAL] imuBreak: vimu=19604us  post=4079us  n=903  vimu/s=21us  post/s=4us␍␊
[KAL] Pcov: <0xcf><0x83>p=5.90,5.90,1.02  <0xcf><0x83>v=1.64,1.64,0.23  <0xcf><0x83><0xce><0xb8>=0.031  <0xcf><0x83>ba=0.0000  <0xcf><0x83>bg=0.001000  <0xcf><0x83>bb=0.10␍␊
[KAL] eskf: pN=-0.50 pE=+0.53 pD=+12.88  vN=-0.16 vE=+0.16 vD=+2.29  bBaro=+1312.35  aeroBlind=0  inn=0.00  NIS=110.38␍␊
---␍␊
[CATCHUP] exhausted: kalTs=0:38277077 targetTs=0:38277889 imuRdIdx=3200 imuCnt=3200 imuHead=1481␍␊
[KAL] baroFuse: meas=+1281.40m  eskfAlt=+1299.47m  inn=-18.08m  pD=+12.88  bBaro=+1312.35␍␊
[CATCHUP] exhausted: kalTs=0:38312235 targetTs=0:38313144 imuRdIdx=3200 imuCnt=3200 imuHead=1705␍␊
[KAL] baroFuse: meas=+1281.40m  eskfAlt=+1299.47m  inn=-18.08m  pD=+12.88  bBaro=+1312.35␍␊
[CATCHUP] exhausted: kalTs=0:38347974 targetTs=0:38348593 imuRdIdx=3200 imuCnt=3200 imuHead=1930␍␊
[KAL] baroFuse: meas=+1281.40m  eskfAlt=+1299.47m  inn=-18.08m  pD=+12.88  bBaro=+1312.35␍␊
[CATCHUP] exhausted: kalTs=0:38383265 targetTs=0:38383882 imuRdIdx=3200 imuCnt=3200 imuHead=2154␍␊
[KAL] FSM=BURN   Rail(p=  -1.7 r=  +0.1)  ESKF(p=  -1.5 r=  +0.3 y=  -0.1)  alt=-12.9m vD=+2.3␍␊
[KAL] hlth=0x17  loop=20us(max 2437)  mainLoop=49us(max 2630)  NIS=110.4  hiNIS=10  yields=180␍␊
[KAL] IMU=229448  baro=2165  gps=0  imuDrop=17514  baroDrop=155  evtDrop=0  imuBuf=3200  baroBuf=50  evtBuf=1  rwd=1  drained=0␍␊
[KAL] ring_hwm=[128,0,0]  gate=OPEN  grnd=OK  hdg=NO␍␊
[KAL] raw: ax=  -0.31 ay=  +0.04 az=  -9.55  gx=+0.005 gy=+0.007 gz=+0.002  |a|=9.55  P=86849Pa T=28.9C␍␊
[KAL] gyroBias: -0.00000 +0.00000 +0.00000 (rad/s)␍␊
[KAL] fifoHdr: 0x78=229632  0xF0=0  other=11  imuFlags=0x14  imuDrvDrop=17514␍␊
[KAL] catchUp: budget=2000us  last=0us  events=0  dtClamp=0␍␊
[KAL] timing: drain=1us  imuProc=1us  aiding=10us  tick=8us  output=1us␍␊
[KAL] imuBreak: vimu=19561us  post=4085us  n=903  vimu/s=21us  post/s=4us␍␊
[KAL] Pcov: <0xcf><0x83>p=5.90,5.90,1.02  <0xcf><0x83>v=1.64,1.64,0.23  <0xcf><0x83><0xce><0xb8>=0.031  <0xcf><0x83>ba=0.0000  <0xcf><0x83>bg=0.001000  <0xcf><0x83>bb=0.10␍␊
[KAL] eskf: pN=-0.50 pE=+0.53 pD=+12.88  vN=-0.16 vE=+0.16 vD=+2.29  bBaro=+1312.35  aeroBlind=0  inn=0.00  NIS=110.38␍␊
---␍␊
[CATCHUP] future: earliest=0:38403765 target=0:38403402 kalTs=0:38402106 imuRdIdx=3170 imuCnt=3200␍␊
[CATCHUP] exhausted: kalTs=0:38427560 targetTs=0:38428322 imuRdIdx=3200 imuCnt=3200 imuHead=2436␍␊
[KAL] baroFuse: meas=+1281.40m  eskfAlt=+1299.47m  inn=-18.08m  pD=+12.88  bBaro=+1312.35␍␊
[CATCHUP] exhausted: kalTs=0:38462868 targetTs=0:38463634 imuRdIdx=3200 imuCnt=3200 imuHead=2660␍␊
[KAL] baroFuse: meas=+1281.40m  eskfAlt=+1299.47m  inn=-18.08m  pD=+12.88  bBaro=+1312.35␍␊
[CATCHUP] exhausted: kalTs=0:38497994 targetTs=0:38499098 imuRdIdx=3200 imuCnt=3200 imuHead=2885␍␊
[KAL] baroFuse: meas=+1281.40m  eskfAlt=+1299.47m  inn=-18.08m  pD=+12.88  bBaro=+1312.35␍␊
[CATCHUP] exhausted: kalTs=0:38533729 targetTs=0:38534350 imuRdIdx=3200 imuCnt=3200 imuHead=3109␍␊
[KAL] FSM=BURN   Rail(p=  -1.7 r=  +0.1)  ESKF(p=  -1.5 r=  +0.3 y=  -0.1)  alt=-12.9m vD=+2.3␍␊
[KAL] hlth=0x17  loop=21us(max 2437)  mainLoop=94us(max 2630)  NIS=110.4  hiNIS=10  yields=180␍␊
[KAL] IMU=230352  baro=2174  gps=0  imuDrop=17514  baroDrop=155  evtDrop=0  imuBuf=3200  baroBuf=50  evtBuf=1  rwd=1  drained=0␍␊
[KAL] ring_hwm=[128,0,0]  gate=OPEN  grnd=OK  hdg=NO␍␊
[KAL] raw: ax=  -0.27 ay=  +0.05 az=  -9.67  gx=+0.025 gy=+0.001 gz=+0.005  |a|=9.67  P=95895Pa T=30.6C␍␊
[KAL] gyroBias: -0.00000 +0.00000 +0.00000 (rad/s)␍␊
[KAL] fifoHdr: 0x78=230536  0xF0=0  other=11  imuFlags=0x14  imuDrvDrop=17514␍␊
[KAL] catchUp: budget=2000us  last=1us  events=0  dtClamp=0␍␊
[KAL] timing: drain=1us  imuProc=0us  aiding=11us  tick=8us  output=1us␍␊
[KAL] imuBreak: vimu=19613us  post=4078us  n=904  vimu/s=21us  post/s=4us␍␊
[KAL] Pcov: <0xcf><0x83>p=5.90,5.90,1.02  <0xcf><0x83>v=1.64,1.64,0.23  <0xcf><0x83><0xce><0xb8>=0.031  <0xcf><0x83>ba=0.0000  <0xcf><0x83>bg=0.001000  <0xcf><0x83>bb=0.10␍␊
[KAL] eskf: pN=-0.50 pE=+0.53 pD=+12.88  vN=-0.16 vE=+0.16 vD=+2.29  bBaro=+1312.35  aeroBlind=0  inn=0.00  NIS=110.38␍␊
---␍␊
[CATCHUP] exhausted: kalTs=0:38575662 targetTs=0:38576178 imuRdIdx=3200 imuCnt=3200 imuHead=175␍␊
[KAL] baroFuse: meas=+1281.40m  eskfAlt=+1299.47m  inn=-18.08m  pD=+12.88  bBaro=+1312.35␍␊
[CATCHUP] exhausted: kalTs=0:38610955 targetTs=0:38611670 imuRdIdx=3200 imuCnt=3200 imuHead=400␍␊
[KAL] baroFuse: meas=+1375.00m  eskfAlt=+1299.47m  inn=+75.53m  pD=+12.88  bBaro=+1312.35␍␊
[CATCHUP] exhausted: kalTs=0:38646219 targetTs=0:38647075 imuRdIdx=3200 imuCnt=3200 imuHead=625␍␊
[KAL] baroFuse: meas=+1281.40m  eskfAlt=+1299.47m  inn=-18.08m  pD=+12.88  bBaro=+1312.35␍␊
[CATCHUP] exhausted: kalTs=0:38681833 targetTs=0:38682611 imuRdIdx=3200 imuCnt=3200 imuHead=850␍␊
[KAL] FSM=BURN   Rail(p=  -1.7 r=  +0.1)  ESKF(p=  -1.5 r=  +0.3 y=  -0.1)  alt=-12.9m vD=+2.3␍␊
[KAL] hlth=0x17  loop=21us(max 2437)  mainLoop=95us(max 2630)  NIS=110.4  hiNIS=10  yields=180␍␊
[KAL] IMU=231258  baro=2183  gps=0  imuDrop=17514  baroDrop=155  evtDrop=0  imuBuf=3200  baroBuf=50  evtBuf=1  rwd=1  drained=0␍␊
[KAL] ring_hwm=[128,0,0]  gate=OPEN  grnd=OK  hdg=NO␍␊
[KAL] raw: ax=  -0.39 ay=  -0.11 az=  -9.60  gx=+0.006 gy=-0.001 gz=+0.002  |a|=9.61  P=86849Pa T=28.9C␍␊
[KAL] gyroBias: -0.00000 +0.00000 +0.00000 (rad/s)␍␊
[KAL] fifoHdr: 0x78=231442  0xF0=0  other=11  imuFlags=0x14  imuDrvDrop=17514␍␊
[KAL] catchUp: budget=2000us  last=1us  events=0  dtClamp=0␍␊
[KAL] timing: drain=1us  imuProc=0us  aiding=11us  tick=9us  output=1us␍␊
[KAL] imuBreak: vimu=19658us  post=4116us  n=906  vimu/s=21us  post/s=4us␍␊
[KAL] Pcov: <0xcf><0x83>p=5.90,5.90,1.02  <0xcf><0x83>v=1.64,1.64,0.23  <0xcf><0x83><0xce><0xb8>=0.031  <0xcf><0x83>ba=0.0000  <0xcf><0x83>bg=0.001000  <0xcf><0x83>bb=0.10␍␊
[KAL] eskf: pN=-0.50 pE=+0.53 pD=+12.88  vN=-0.16 vE=+0.16 vD=+2.29  bBaro=+1312.35  aeroBlind=0  inn=0.00  NIS=110.38␍␊
